file	family	xhash
abstractable.stp.cuba.Divonne.q.0035.smt2	stp	f3d7839ad439ebff9d90311e54fac4d58ad1ad3b
abstractable.stp.cuba.Divonne.q.0034.smt2	stp	09ebeba9953560b0431dbf4d4677c157b91aa851
abstractable.stp.cuba.Divonne.q.0033.smt2	stp	15d348b16c7d4681c8f4d0c91eb05bf10a539273
abstractable.stp.cuba.Divonne.q.0032.smt2	stp	0976c699fd00826e92365c2717cc36d7b4506e46
abstractable.stp.cuba.Divonne.q.0031.smt2	stp	90011abb9f1e9fec252a28b01e91575dea498303
abstractable.stp.cuba.Divonne.q.0030.smt2	stp	cfe19e5cbbdc77df5c776bf2ad9c0f150fcec315
abstractable.stp.cuba.Divonne.q.0029.smt2	stp	fe0c1af0b3c5b8606ddfcddf868b359702909573
abstractable.stp.cuba.Divonne.q.0028.smt2	stp	29298f9e2bb52c719470e3fe1ad753510ad07063
abstractable.stp.cuba.Divonne.q.0027.smt2	stp	27c1ae7008a2b8494e2a7c4da42df754f4ef381f
abstractable.stp.cuba.Divonne.q.0026.smt2	stp	cc1d7b86aa93f84c773fc8adab5cdfefea4d2709
abstractable.stp.cuba.Divonne.q.0025.smt2	stp	d681e6dba2d7cbec418e3dcdf8f25239413e9752
abstractable.stp.cuba.Divonne.q.0024.smt2	stp	18e8a0ec185d70404c3a21d8bb90fa46da14e794
abstractable.stp.cuba.Divonne.q.0023.smt2	stp	0834df52cb18493ed153bd6132a4079273d3294f
abstractable.stp.cuba.Divonne.q.0022.smt2	stp	e79314b46bc4ff95479b60d8d4cb8afaea4fce97
abstractable.stp.cuba.Divonne.q.0021.smt2	stp	41dbd490702ebb7ee7fc255706c953da78b786cc
abstractable.stp.cuba.Divonne.q.0020.smt2	stp	9ff611f1766dc244059554a21df3d0bde219d0bb
abstractable.stp.cuba.Divonne.q.0019.smt2	stp	11be233df5d0fc819ad794f826bf25072591940b
abstractable.stp.cuba.Divonne.q.0018.smt2	stp	197ad501f0240918b1800883346a5204e2e1603d
abstractable.stp.cuba.Divonne.q.0017.smt2	stp	53fd41cb16cdaef1d4e4a13bb169ebd0d844ca33
abstractable.stp.cuba.Divonne.q.0016.smt2	stp	4f31e41cae39b7832173e88c61d9d3e7e2f2cfe5
abstractable.stp.cuba.Divonne.q.0015.smt2	stp	b64ec10e34d0ca7821b9538e0df7523d0549d209
abstractable.stp.cuba.Divonne.q.0014.smt2	stp	252021b736fcd941cb33c886092bfa907f9978f2
abstractable.stp.cuba.Divonne.q.0013.smt2	stp	692d37f13d26a9e9181621fdb809618ca8ea9857
abstractable.stp.cuba.Divonne.q.0012.smt2	stp	c233fa2237a5304100677f17f304e3a2e99c9079
abstractable.stp.cuba.Divonne.q.0011.smt2	stp	f7d1dcc027a094a5c4a1fc9fe5f97ca08f64d124
abstractable.stp.cuba.Divonne.q.0010.smt2	stp	982e7ec3ddc26e30787087ffc6407f6c18263066
abstractable.stp.cuba.Divonne.q.0009.smt2	stp	ae92adbdf7d1705c6d410c611b2131b6769a1bba
abstractable.stp.cuba.Divonne.q.0008.smt2	stp	1ffe06aa5f66fcfe3e3b530037c42c0f61e5f856
abstractable.stp.cuba.Divonne.q.0007.smt2	stp	339b1ba2e64a57ec180d5cb8e983d6a2b22bea11
abstractable.stp.cuba.Divonne.q.0006.smt2	stp	9a6af3acd0e302729fdecc91e7a038c1ebea3006
abstractable.stp.cuba.Divonne.q.0005.smt2	stp	31bb35293bc7bc4ab43c931b0c966f5ff2db1271
abstractable.stp.cuba.Divonne.q.0004.smt2	stp	3eb846356875ab2c49a445638ce2025ac9ee5d15
abstractable.stp.cuba.Divonne.q.0051.smt2	stp	96759079e4e6d8362de2e67198d487618febb166
abstractable.stp.cuba.Divonne.q.0050.smt2	stp	aef93ba22fe178caf4190f6964fb9f614c521e76
abstractable.stp.cuba.Divonne.q.0049.smt2	stp	0ac113b4f4246c3dde7429535be65791e6235bb1
abstractable.stp.cuba.Divonne.q.0048.smt2	stp	5877498726c751f32b0c045b9a36fc4dd8ffb7f4
abstractable.stp.cuba.Divonne.q.0047.smt2	stp	1917536c736fe0479145e1cd24180ce1b7334a18
abstractable.stp.cuba.Divonne.q.0046.smt2	stp	523cd01a960e49ab26a147a6ad84f996117fc182
abstractable.stp.cuba.Divonne.q.0045.smt2	stp	b3b81e90fa6ed6ace8dbd0153409ea133e8f5d9c
abstractable.stp.cuba.Divonne.q.0044.smt2	stp	e22a8c8a996d41d3724fd8baca4a691e3d192b3b
abstractable.stp.cuba.Divonne.q.0043.smt2	stp	7d8902d3869c69eeb53c116860d69ab5081fe606
abstractable.stp.cuba.Divonne.q.0042.smt2	stp	d699b59c7161a49916266fc48545ccfb8fe45e0a
abstractable.stp.cuba.Divonne.q.0041.smt2	stp	9027f0ff2ed851abdacf562e5933bdd0caff7baf
abstractable.stp.cuba.Divonne.q.0040.smt2	stp	1ade5336283632493c5f29413370f29be0e05301
abstractable.stp.cuba.Divonne.q.0039.smt2	stp	a303aa79b3e18bd0044a70bf2d1a37861a42e5ce
abstractable.stp.cuba.Divonne.q.0038.smt2	stp	b37c79642ed7624e7398a45c67611f52a0a65143
abstractable.stp.cuba.Divonne.q.0037.smt2	stp	92b235bd61dcc9552229e6988b1958e03e3de066
abstractable.stp.cuba.Divonne.q.0036.smt2	stp	8a750e6e21132dd5f528afb44b3ba5a352e3aa2f
abstractable.stp.cuba.Vegas.q.0061.smt2	stp	e559231d187ac071e3e8cb1bcd7a427e71af198a
abstractable.stp.cuba.Vegas.q.0060.smt2	stp	c67e3fef2707f82d33458e29c1ac7d90cb2a835a
abstractable.stp.cuba.Vegas.q.0059.smt2	stp	ea7dc60405b4a2c5723a586b5b6ac489f8b2ffaf
abstractable.stp.cuba.Vegas.q.0058.smt2	stp	83d8204988fe5b45157e7b642211c00789540436
abstractable.stp.cuba.Vegas.q.0057.smt2	stp	6d39d709399b985087e921926119193da2d5898e
abstractable.stp.cuba.Vegas.q.0056.smt2	stp	684911783ea8ad131aad99a1caf5e490c8546076
abstractable.stp.cuba.Vegas.q.0055.smt2	stp	99f6a962e3f218f757288508fef1806026147994
abstractable.stp.cuba.Vegas.q.0054.smt2	stp	d1d6cdc79fce5b85f45acab9167215092de237cd
abstractable.stp.cuba.Vegas.q.0053.smt2	stp	d8e1a351916801787ced1b646a7f3bcd6b8fd7cf
abstractable.stp.cuba.Vegas.q.0052.smt2	stp	529a85f1177f2f1c0d436219ca7408b565450aff
abstractable.stp.cuba.Vegas.q.0051.smt2	stp	23e1e19479afeb7e54a97302cf16cfc42baec1a6
abstractable.stp.cuba.Vegas.q.0050.smt2	stp	fd6bd96eee2ac98b052fe8e6a8d3da237b1f920b
abstractable.stp.cuba.Vegas.q.0049.smt2	stp	c8dd4b15f065f94cced3589031394fc1d25cc3d3
abstractable.stp.cuba.Vegas.q.0048.smt2	stp	e8551a45861ccdb2a95565c15d4e364b5b5b1f70
abstractable.stp.cuba.Vegas.q.0047.smt2	stp	7bd0fcc1878b39d1b3df0ae6747983432fad79d0
abstractable.stp.cuba.Vegas.q.0046.smt2	stp	3b90778bb9a0f4614db3f537e8831a6327584d83
abstractable.stp.cuba.Vegas.q.0045.smt2	stp	3ecb1607f011aabf10ee86c2a205583c4b41da4e
abstractable.stp.cuba.Vegas.q.0044.smt2	stp	2b9b4e3863d537262a312f75e23c556cc99ed0bf
abstractable.stp.cuba.Vegas.q.0043.smt2	stp	97b225211f2a3fc4390ec600f9e075b112e1003b
abstractable.stp.cuba.Vegas.q.0042.smt2	stp	aa541fb2623964fa201f34037c843da0afb1f410
abstractable.stp.cuba.Vegas.q.0041.smt2	stp	b422527ed4c8fa20f438751a7e69f949fcbc3ade
abstractable.stp.cuba.Vegas.q.0040.smt2	stp	fd95f286b09e6091498369d2ed496c3f04f27169
abstractable.stp.cuba.Vegas.q.0039.smt2	stp	dd45fa24bb9cbd3432de9b3cd9619a455ea7ddb3
abstractable.stp.cuba.Vegas.q.0038.smt2	stp	562a06faa67d2423cdaaf4a06a758629c6609f58
abstractable.stp.cuba.Vegas.q.0037.smt2	stp	cd30c1c30f2e29fb959a1f4f18900e1f6bf55fd8
abstractable.stp.cuba.Vegas.q.0036.smt2	stp	d858bce5534bc4def689c722defee205c51512ec
abstractable.stp.cuba.Vegas.q.0035.smt2	stp	99bc59be08daa05c60c66e7e004cd167c71eda63
abstractable.stp.cuba.Vegas.q.0034.smt2	stp	62e33a1dc6f94dbfda151cda39f9fec43deb16c0
abstractable.stp.cuba.Vegas.q.0033.smt2	stp	faa2a25823b740ee13708c26a52a8dc3b54c194d
abstractable.stp.cuba.Vegas.q.0032.smt2	stp	e80c895e56a3854652a3e542bdc5e0947045ba74
abstractable.stp.cuba.Vegas.q.0031.smt2	stp	d77b47c8fc2fe42c584254dabb68c6f445f878c2
abstractable.stp.cuba.Vegas.q.0030.smt2	stp	67b5b1c44a894a65e0e49957f39dcb8afaf04e8a
abstractable.stp.cuba.Vegas.q.0078.smt2	stp	19118683ee61980197b66f99d8491e1ee3ed1651
abstractable.stp.cuba.Vegas.q.0077.smt2	stp	95ef2d609c1a7ae30fde67347edd2336542e839c
abstractable.stp.cuba.Vegas.q.0076.smt2	stp	7b2b1f43c94822aacdf0bd292b33a719c2c2ef9d
abstractable.stp.cuba.Vegas.q.0075.smt2	stp	ac74dcb0445249f73869dbe50ec69eb596b1f149
abstractable.stp.cuba.Vegas.q.0074.smt2	stp	59132a4b535d9adbb313b2e171194c0353aff998
abstractable.stp.cuba.Vegas.q.0073.smt2	stp	d4d367144adf070d2f7c61a4152fd629622ea099
abstractable.stp.cuba.Vegas.q.0072.smt2	stp	9710e18b9a8901424105f12c9d76167ebb65afd5
abstractable.stp.cuba.Vegas.q.0071.smt2	stp	50689e7cf9914e1624fdb2e66673066c76dd3f60
abstractable.stp.cuba.Vegas.q.0070.smt2	stp	58b28d647dedb66dd0a0e1d360f28b8f4bda3bdd
abstractable.stp.cuba.Vegas.q.0069.smt2	stp	9ea84fc80b6b70fa05432b50afdae010a856b44e
abstractable.stp.cuba.Vegas.q.0068.smt2	stp	1ed09d09c4b7e1aaf950128ff53d89242a1597cf
abstractable.stp.cuba.Vegas.q.0067.smt2	stp	07cfcdfb30a441b762c283c753b54e5293da0ca1
abstractable.stp.cuba.Vegas.q.0066.smt2	stp	88626bf25f65d71f202532f44f2b7b1727a6f221
abstractable.stp.cuba.Vegas.q.0065.smt2	stp	a54bfa25a6087bd480bbfea48eabf709bf88e9ab
abstractable.stp.cuba.Vegas.q.0064.smt2	stp	1b9f4b1dce5c8af8da481c5dcc09d84261d5f84e
abstractable.stp.cuba.Vegas.q.0063.smt2	stp	5198aa437ad265bc52f2eb4aeed6056b5ac5d146
abstractable.stp.cuba.Vegas.q.0142.smt2	stp	985267aa753f64a6def63214d0492eee358ff18e
abstractable.stp.cuba.Vegas.q.0141.smt2	stp	b27a0e2c00a09255edab9b20e2c054259b545b3d
abstractable.stp.cuba.Vegas.q.0140.smt2	stp	d26035a3f3e4211f9b733bd2a01d3426e8934085
abstractable.stp.cuba.Vegas.q.0139.smt2	stp	994e58a3ed25f65e98640e9804d8a72f86f8e99b
abstractable.stp.cuba.Vegas.q.0138.smt2	stp	ec0fd18e2f47b2678f976a791148952d48075dce
abstractable.stp.cuba.Vegas.q.0137.smt2	stp	6b23e3e146efe2d2caff466db3f4414200b1ae6d
abstractable.stp.cuba.Vegas.q.0136.smt2	stp	4a8a99709d6b55e87a1a89918857b863c3d66088
abstractable.stp.cuba.Vegas.q.0135.smt2	stp	97210671593d2480da051abe0759f052896558f7
abstractable.stp.cuba.Vegas.q.0134.smt2	stp	b8d8008cd2a903dbacced815c17b8f0dfe5ba78e
abstractable.stp.cuba.Vegas.q.0133.smt2	stp	1167baee8cfe3f9f79948d9e7c9e437f6e1ff075
abstractable.stp.cuba.Vegas.q.0132.smt2	stp	5d905da2f62da6916a0238c0ac44169e3cabfce7
abstractable.stp.cuba.Vegas.q.0131.smt2	stp	658fbcff2fee36e7836f9ab7587a2ff89bfde960
abstractable.stp.cuba.Vegas.q.0130.smt2	stp	3fa77e6c6fb538f8e74da8ff571dab2bc5394750
abstractable.stp.cuba.Vegas.q.0129.smt2	stp	93c2ff9a36c92e120f3fc5985712f7b029a5d13b
abstractable.stp.cuba.Vegas.q.0128.smt2	stp	f257e7583c09ad62b3e5c631fcc8cd582d54943b
abstractable.stp.cuba.Vegas.q.0127.smt2	stp	72ae5c362cb4e5791115ac199edb19bc010a3006
abstractable.stp.cuba.Vegas.q.0029.smt2	stp	b06f16b087876f3eb24f0da9ca1d9470e33de8ed
abstractable.stp.cuba.Vegas.q.0028.smt2	stp	6f63348f38aa1198c5be816acaeb56b9103a6861
abstractable.stp.cuba.Vegas.q.0027.smt2	stp	1c823898f18bbcad3e188b4e5235cdf6111d3ee1
abstractable.stp.cuba.Vegas.q.0026.smt2	stp	b7e7b74b6e470a1d9b9f6b7d77c13545d16a76e9
abstractable.stp.cuba.Vegas.q.0025.smt2	stp	4604317cacad1ed6d7b661f8c2e46cef20d5af21
abstractable.stp.cuba.Vegas.q.0024.smt2	stp	644489b6e2e43fe770eee8300c30f636ce2ee976
abstractable.stp.cuba.Vegas.q.0023.smt2	stp	e3dc4a5af7914dcc8ec910e4dc08cfbd74c93dbc
abstractable.stp.cuba.Vegas.q.0022.smt2	stp	156c90923e9b923ae88a7a89952f58d47fdea1e8
abstractable.stp.cuba.Vegas.q.0021.smt2	stp	2684dcb8e2753bd3069055610bd0390bd70885b5
abstractable.stp.cuba.Vegas.q.0020.smt2	stp	4df5f80a91fad70efa07b48df477f267908e4997
abstractable.stp.cuba.Vegas.q.0019.smt2	stp	df0284cc615c8c9ab24a5dbf8934e1e979bb0cf0
abstractable.stp.cuba.Vegas.q.0018.smt2	stp	9dc0915f5de849b72c50a7122029dc0cbc348f22
abstractable.stp.cuba.Vegas.q.0017.smt2	stp	6238ab52e403d0a700a265fc0b27884bede620e4
abstractable.stp.cuba.Vegas.q.0016.smt2	stp	724469d45de016b4da8c3a98905ac5dfa31346b0
abstractable.stp.cuba.Vegas.q.0015.smt2	stp	7f72f3b762480c8d89e07310b16a81f1fc32dde8
abstractable.stp.cuba.Vegas.q.0014.smt2	stp	76bde419485d0997e0f10a077808e02991717ebe
abstractable.stp.cuba.Vegas.q.0158.smt2	stp	4d289b3873d0e4687f998a4b2d0bb62d19853654
abstractable.stp.cuba.Vegas.q.0157.smt2	stp	df381394727e263d59d7517efaa76168373a6c85
abstractable.stp.cuba.Vegas.q.0156.smt2	stp	a33bfa7db97a1a824383ac27b3b43745dd0c58a2
abstractable.stp.cuba.Vegas.q.0155.smt2	stp	7897bf08428b593289994a8954e2f5c9172baffa
abstractable.stp.cuba.Vegas.q.0154.smt2	stp	43a776077e13357521dd45bcb00fd0ff020ab651
abstractable.stp.cuba.Vegas.q.0153.smt2	stp	3b4bd2db5c094bde1eb72d1cb077bc924743b6eb
abstractable.stp.cuba.Vegas.q.0152.smt2	stp	cedd4d76b43a37227c2746938c6311e9ce912f6d
abstractable.stp.cuba.Vegas.q.0151.smt2	stp	efef67af9b69a5c454b96a9463cb98009e796918
abstractable.stp.cuba.Vegas.q.0150.smt2	stp	c49dcf7560f5d7456e670864e369e42cc134da22
abstractable.stp.cuba.Vegas.q.0149.smt2	stp	b576cab71d66436e4e3715c4233eb7f204c0843f
abstractable.stp.cuba.Vegas.q.0148.smt2	stp	b82edda619cfaf3e102620b7a43fe147015cb8b8
abstractable.stp.cuba.Vegas.q.0147.smt2	stp	69150e8d6e9bca762c0dba45f9fa289348cbbbea
abstractable.stp.cuba.Vegas.q.0146.smt2	stp	92fb60b9ab6cf2e00297a654e01cc5217169d8ec
abstractable.stp.cuba.Vegas.q.0145.smt2	stp	739ea1b7fdd8bc2792279c84b5446d196790b6e6
abstractable.stp.cuba.Vegas.q.0144.smt2	stp	11663c2c037e35a481939aa995f6e991d6f3579f
abstractable.stp.cuba.Vegas.q.0143.smt2	stp	bb98ee6c88d634cdd13a77459c67fa86576857fb
abstractable.stp.cuba.Divonne.q.0067.smt2	stp	7ef93e4cf84f5f4f7813fd1e05729c55ee04b1f4
abstractable.stp.cuba.Divonne.q.0066.smt2	stp	7189919e47426497cf0cdfe2b917fdf8b98f7b1f
abstractable.stp.cuba.Divonne.q.0065.smt2	stp	e389e8c0dd7fd48f288ea787229c32395e336187
abstractable.stp.cuba.Divonne.q.0064.smt2	stp	1f05a42894524c77fe07aab9a90c8e8f060a2020
abstractable.stp.cuba.Divonne.q.0063.smt2	stp	641357eca130298d88de66b5ebe56ca4f3eabb9e
abstractable.stp.cuba.Divonne.q.0062.smt2	stp	1f84a7cd1789002ef0c24c2e50464b72b0ccdb58
abstractable.stp.cuba.Divonne.q.0061.smt2	stp	f79e10629b78e7a28166fcd1680767a44f572c95
abstractable.stp.cuba.Divonne.q.0060.smt2	stp	207281d67f6c08f19b72ca2caecf3a5678dc223d
abstractable.stp.cuba.Divonne.q.0059.smt2	stp	03ed1c417bbc6e49a12fdb2701f8f9a8451b1725
abstractable.stp.cuba.Divonne.q.0058.smt2	stp	ddd67e3f7be762e92dfb859907aca155c2bd5f69
abstractable.stp.cuba.Divonne.q.0057.smt2	stp	5075e12dbb12ca1ed14978e51d7b0e97c6eba5f4
abstractable.stp.cuba.Divonne.q.0056.smt2	stp	21d961be36ea24b8050692aa73e9a7a3c1cff644
abstractable.stp.cuba.Divonne.q.0055.smt2	stp	aacf9a52c069e633e4d2a3597b4fa22e6c061f70
abstractable.stp.cuba.Divonne.q.0054.smt2	stp	1b3d1299eaa10ae41824f1dbb3f60f276322a581
abstractable.stp.cuba.Divonne.q.0053.smt2	stp	8d8bcbbdb33043be37846cce8a27d69a8cb54cc6
abstractable.stp.cuba.Divonne.q.0052.smt2	stp	69faf419af09eaae4ee1de7716c627cf21559068
abstractable.stp.cuba.Vegas.q.0110.smt2	stp	120d1c210ee806d2c7a8bb699ea61e8b10b08755
abstractable.stp.cuba.Vegas.q.0109.smt2	stp	4b953287f34e1ee916edca6ba6328deb4b303113
abstractable.stp.cuba.Vegas.q.0108.smt2	stp	7f3c99870209dfee46ab22865cc233332d5b2ae6
abstractable.stp.cuba.Vegas.q.0107.smt2	stp	8ba0782f61c8128ac8bb27e4f0e2af13469054a9
abstractable.stp.cuba.Vegas.q.0106.smt2	stp	815d7ddba3d3723c9cf118c9e754b2c0f9c9927b
abstractable.stp.cuba.Vegas.q.0105.smt2	stp	900e13de1bddbbc47ebc6e408c42ba1c5d714afd
abstractable.stp.cuba.Vegas.q.0104.smt2	stp	9dad24e0fb8d68aec00180b23c8b78bbafb1c3f9
abstractable.stp.cuba.Vegas.q.0103.smt2	stp	1773500d85b5ba9c0b519d68552be7f012dd511f
abstractable.stp.cuba.Vegas.q.0102.smt2	stp	f2f11288b8a6c9a0b1e670024c9a4454487551b9
abstractable.stp.cuba.Vegas.q.0101.smt2	stp	3b3b648c985fb3e1ab4a467fe5934b605053dcdc
abstractable.stp.cuba.Vegas.q.0100.smt2	stp	0ef62bc55c78e9a59e4a45671d2df2a6ea62b901
abstractable.stp.cuba.Vegas.q.0099.smt2	stp	e3f4d3bb797e3a3e8249cf80df2ca22a919ab4fa
abstractable.stp.cuba.Vegas.q.0098.smt2	stp	6e1bfe272318af49a247d177b9d1d8a8b5989f25
abstractable.stp.cuba.Vegas.q.0097.smt2	stp	392a2997223885708264368fa05c2cc965fb3947
abstractable.stp.cuba.Vegas.q.0096.smt2	stp	6e46136f48646feb0c5745d69f008a8224bc74ee
abstractable.stp.cuba.Vegas.q.0095.smt2	stp	171dcc75e17f73556e3fd9c7ba50c4b299fac3a4
abstractable.stp.cuba.Vegas.q.0190.smt2	stp	7e2da09307567976a86f853ae2cdc2284a15fd41
abstractable.stp.cuba.Vegas.q.0189.smt2	stp	0702c1f6685993e3bef16edcea6f4ab09a4f4361
abstractable.stp.cuba.Vegas.q.0188.smt2	stp	e4f078838c595d01315931860761906ab230471d
abstractable.stp.cuba.Vegas.q.0187.smt2	stp	e8f0047dff10f85650bfa1835a5ddf6976dc98f3
abstractable.stp.cuba.Vegas.q.0186.smt2	stp	7fdedf3128eb66bc17af3ff8652c350ea2f33926
abstractable.stp.cuba.Vegas.q.0185.smt2	stp	f7fea8ea76bb4433def7f590cb873a7ad8466aec
abstractable.stp.cuba.Vegas.q.0184.smt2	stp	f1badc9f3fd1651a6e88de4466dc4f424ddba717
abstractable.stp.cuba.Vegas.q.0183.smt2	stp	4deba21d25522c2f955cd67e84410e7cfc90c4ac
abstractable.stp.cuba.Vegas.q.0182.smt2	stp	b3ae697926811acffe9060b2d3ccbfa99916641b
abstractable.stp.cuba.Vegas.q.0181.smt2	stp	1ed864d3366fd4cb4305bb79a5ca4178d0a66976
abstractable.stp.cuba.Vegas.q.0180.smt2	stp	ec53e783ad0ca8344584715c309bb324e463f63b
abstractable.stp.cuba.Vegas.q.0179.smt2	stp	4b72397a41182021729c2a0a130acc3b5a864b57
abstractable.stp.cuba.Vegas.q.0178.smt2	stp	92e2848151850d5ec60b08f9ec33be9c32d08c68
abstractable.stp.cuba.Vegas.q.0177.smt2	stp	8366a9b453a7cd07c0729ef590fb764276c25d40
abstractable.stp.cuba.Vegas.q.0176.smt2	stp	d416010d7f5925b5a96d8a7cc28f1fee3831dcb3
abstractable.stp.cuba.Vegas.q.0175.smt2	stp	e2cb58af079ee7411cee63c3f283b856d2ffb2b5
abstractable.stp.cuba.Vegas.q.0174.smt2	stp	6fad4aeccbb3252ecd8d684f59684a8cb420d428
abstractable.stp.cuba.Vegas.q.0173.smt2	stp	35238eb7e29774b3eeb027abc6901065eae8c008
abstractable.stp.cuba.Vegas.q.0172.smt2	stp	d1ae79679a8225f8b8da811a63a29f10e0288bad
abstractable.stp.cuba.Vegas.q.0171.smt2	stp	edcf747900857b412e26bc1f7bedf1100618c2f4
abstractable.stp.cuba.Vegas.q.0170.smt2	stp	6d5ee3dcc3c91cf11ed1a2790792f13bce8422e8
abstractable.stp.cuba.Vegas.q.0169.smt2	stp	62d1a4aedc5ae688f80066914b79cfd3db5616e0
abstractable.stp.cuba.Vegas.q.0168.smt2	stp	37db050033f68c8dbd3606553a290bfcadc65e8f
abstractable.stp.cuba.Vegas.q.0167.smt2	stp	fc2d76c5c9b5139ee8e1535265fdbff99876685b
abstractable.stp.cuba.Vegas.q.0166.smt2	stp	8e10882ab9287f760497316ca504962f16a858fb
abstractable.stp.cuba.Vegas.q.0165.smt2	stp	78a4a0eef02cd3fb561b7a3673cc97ad7dce8f20
abstractable.stp.cuba.Vegas.q.0164.smt2	stp	5e252ed6323f8ca0167e2980ec657a350d0f8d55
abstractable.stp.cuba.Vegas.q.0163.smt2	stp	a13c24df8d29c58922f9f1152230812e12752b37
abstractable.stp.cuba.Vegas.q.0162.smt2	stp	3a2992cc49f7ca76f8e2f8b24fd58fa8cde6e210
abstractable.stp.cuba.Vegas.q.0161.smt2	stp	97b5588f36208f9deb8955d9e8a784b56469e281
abstractable.stp.cuba.Vegas.q.0160.smt2	stp	999afc1859d3e5090c5f1a0dca597fed027255d5
abstractable.stp.cuba.Vegas.q.0159.smt2	stp	f6ddba52b1d482dc4b075113d800d2b3cea53461
abstractable.stp.cuba.Vegas.q.0094.smt2	stp	25eb45ba57dbc7f82eeda2012263e90338a004cf
abstractable.stp.cuba.Vegas.q.0093.smt2	stp	af0f82f18968bde47b9f8eb235312f787322794c
abstractable.stp.cuba.Vegas.q.0092.smt2	stp	65fe538356701a6ee433b74a3ad45e86457b7617
abstractable.stp.cuba.Vegas.q.0091.smt2	stp	3d19150e8b2925b66e2305042172af9164a07589
abstractable.stp.cuba.Vegas.q.0090.smt2	stp	744d29e918f2ca556618ebca9bb43e68dda47f63
abstractable.stp.cuba.Vegas.q.0089.smt2	stp	69f28449429655a76a14dd06a95b8c3f59201757
abstractable.stp.cuba.Vegas.q.0088.smt2	stp	5bd94ec05dd9f112be38856a48519f7e459e4c08
abstractable.stp.cuba.Vegas.q.0087.smt2	stp	01cf439160502f209f40e55d0b9eedd0784e7b7a
abstractable.stp.cuba.Vegas.q.0086.smt2	stp	c5c3770130a744596ce98357846b67d7d1d22282
abstractable.stp.cuba.Vegas.q.0085.smt2	stp	e84ddbade7ec5230bad3376735fdcfc931f99ec4
abstractable.stp.cuba.Vegas.q.0084.smt2	stp	35ce44249386e3885949ce08395a334b76d0f72e
abstractable.stp.cuba.Vegas.q.0083.smt2	stp	19a6c0d5d27fb65ed5b54e3dd06137e830c8b4f9
abstractable.stp.cuba.Vegas.q.0082.smt2	stp	4ca3258caedc0b7e4b53c6be70cf4e8f5a27f291
abstractable.stp.cuba.Vegas.q.0081.smt2	stp	655f0bcb0511c07aa312810d92f655146b2eb778
abstractable.stp.cuba.Vegas.q.0080.smt2	stp	1b2adf721a66729a6fb028d67910b72962bc6863
abstractable.stp.cuba.Vegas.q.0079.smt2	stp	eeaddb5bc86296be13f098237f17e00463fde1f1
abstractable.stp.cuba.Vegas.q.0126.smt2	stp	ffa10769284e4af3ec99a2ea3dfeceaf18d88409
abstractable.stp.cuba.Vegas.q.0125.smt2	stp	84063b35e9b8c5206391dee9f4b4dfa931d88183
abstractable.stp.cuba.Vegas.q.0124.smt2	stp	470dfb7aea9d7a2e7a2a6308619069e2524bebe8
abstractable.stp.cuba.Vegas.q.0123.smt2	stp	0ee81460a45c8f1bbc5e6f044d4ee2709b074b5a
abstractable.stp.cuba.Vegas.q.0122.smt2	stp	286f7cb1530360ad182d78d84eddf1bcbe584975
abstractable.stp.cuba.Vegas.q.0121.smt2	stp	652e2c8e70805fc937d1ac0ee053c1327b968d2a
abstractable.stp.cuba.Vegas.q.0120.smt2	stp	01203a65b136a537712ce9c3bf2484f8635e1776
abstractable.stp.cuba.Vegas.q.0119.smt2	stp	5f9010b0052e4a8f07b36c0bcfd857832bdf9434
abstractable.stp.cuba.Vegas.q.0118.smt2	stp	f900f2f36b3ff617d467c04afe6a9a81a7af9ce8
abstractable.stp.cuba.Vegas.q.0117.smt2	stp	8dffd9c09e5eca61738274088bf44285d5fe2a36
abstractable.stp.cuba.Vegas.q.0116.smt2	stp	fdb93748eaba1a000edfcce1b8742983081b9f3d
abstractable.stp.cuba.Vegas.q.0115.smt2	stp	15b1895f30a253eb0fe5098b6e93eddb4ade7bea
abstractable.stp.cuba.Vegas.q.0114.smt2	stp	2b3a1cf83ba2dad2f1ecf7c92e58f2df15278a06
abstractable.stp.cuba.Vegas.q.0113.smt2	stp	4d19bd6d7f2fdca59b6b3796a7cf2058cb44ff13
abstractable.stp.cuba.Vegas.q.0112.smt2	stp	2248762775b7079146ae56713d75fe7bf6b5ed9b
abstractable.stp.cuba.Vegas.q.0111.smt2	stp	cc5390ec9f47f21bc4f97e9ce7c0efaf53e6047c
abstractable.stp.cuba.Divonne.q.0083.smt2	stp	693953d2864f28c93005f0d8d9171c051d03c16a
abstractable.stp.cuba.Divonne.q.0082.smt2	stp	c4211e9eb1de897256043932c5a4f8ffe1494eb4
abstractable.stp.cuba.Divonne.q.0081.smt2	stp	6a5769578e9541313a5eac1e65310be2400752ef
abstractable.stp.cuba.Divonne.q.0080.smt2	stp	965b96f86ec84623a8358e14dd9e094e96d96b57
abstractable.stp.cuba.Divonne.q.0079.smt2	stp	9b6fddb9cc974194c4aaa3823f0ec2a1034a8d2d
abstractable.stp.cuba.Divonne.q.0078.smt2	stp	4ad7aaac7762b43c9b400d044648899807131548
abstractable.stp.cuba.Divonne.q.0077.smt2	stp	0c68b7de4bb879cb3a450f8215d47f60354e6117
abstractable.stp.cuba.Divonne.q.0076.smt2	stp	8767929a6e722e4a991a4623b327fa887d6c3469
abstractable.stp.cuba.Divonne.q.0075.smt2	stp	4d1b2b92ff1258ff30b8bd008daac0dbcb8b8954
abstractable.stp.cuba.Divonne.q.0074.smt2	stp	d3d3e251134607347b997797fc2fbac0f56bc59b
abstractable.stp.cuba.Divonne.q.0073.smt2	stp	c68ef99afbd1364f2731d19b6a520dd918bf3db3
abstractable.stp.cuba.Divonne.q.0072.smt2	stp	57cba88c14ae6cc2f9a7f90d1f7a37a37a765397
abstractable.stp.cuba.Divonne.q.0071.smt2	stp	23ad99559d45d52e23ec2333ee4fc8ef6020aaa3
abstractable.stp.cuba.Divonne.q.0070.smt2	stp	3b21e5a56f834ef0fcc18ee6aa4799de2a65f568
abstractable.stp.cuba.Divonne.q.0069.smt2	stp	acf408d1fb6a67523807b09eca7cd88a03879edd
abstractable.stp.cuba.Divonne.q.0068.smt2	stp	f644d1b02e6dd8b5875783ce2a6410e0214601a6
abstractable.stp.sundials-f128.N_VWrmsNormMask_Serial.q.0125.smt2	stp	f17148443e4bf0e2247f7831319381a180875810
abstractable.stp.sundials-f128.N_VWrmsNormMask_Serial.q.0124.smt2	stp	1f62f394f2f81e238b50a3972efa28121d251c41
abstractable.stp.sundials-f128.N_VWrmsNormMask_Serial.q.0123.smt2	stp	4bf5c35d38d2f3b6bf9ef83c93972bbda30c1d29
abstractable.stp.sundials-f128.N_VWrmsNormMask_Serial.q.0122.smt2	stp	eda297f23199a49a53202ecd6be452a52e9f059e
abstractable.stp.sundials-f128.N_VWrmsNormMask_Serial.q.0121.smt2	stp	d7d2845a6124805bc871b8486f76f76adc9ce4c9
abstractable.stp.sundials-f128.N_VWrmsNormMask_Serial.q.0120.smt2	stp	848185eaf92baa0c10824ba97f16d4c134847ca5
abstractable.stp.sundials-f128.N_VWrmsNormMask_Serial.q.0119.smt2	stp	39e57bd0865d714456bef699ca92799eabe3842b
abstractable.stp.sundials-f128.N_VWrmsNormMask_Serial.q.0118.smt2	stp	f1d1e2f1add7de98b691f60267afb277a100e766
abstractable.stp.sundials-f128.N_VWrmsNormMask_Serial.q.0117.smt2	stp	d33d418a347eebcfd02d7610cfc0a6a5cede5cff
abstractable.stp.sundials-f128.N_VWrmsNormMask_Serial.q.0116.smt2	stp	547c91403c8a75419707f599b36c4f516af04170
abstractable.stp.sundials-f128.N_VWrmsNormMask_Serial.q.0115.smt2	stp	bbe2fb037fa1f91edc5cc21a56c16573bfc52128
abstractable.stp.sundials-f128.N_VWrmsNormMask_Serial.q.0114.smt2	stp	e01a85c10c7c1a922db9b0447b57c5edbebac2e6
abstractable.stp.sundials-f128.N_VWrmsNormMask_Serial.q.0113.smt2	stp	43fc3a9d29c97c11971aa45c0c696fab536758ca
abstractable.stp.sundials-f128.N_VWrmsNormMask_Serial.q.0112.smt2	stp	061bff5a562c5ac01ceea6f6baaea1d4070b0709
abstractable.stp.sundials-f128.N_VWrmsNormMask_Serial.q.0111.smt2	stp	8251f43fc781ea8734c2ceedd25c1a2e14f3b1e8
abstractable.stp.sundials-f128.N_VWrmsNormMask_Serial.q.0110.smt2	stp	b96100d5f2d1bc624f7010a6aed59b016cb55776
abstractable.stp.cuba.Vegas.q.0013.smt2	stp	6a9eac2dfbcb4c205c75f60041248b19009d2129
abstractable.stp.cuba.Vegas.q.0012.smt2	stp	fa22f6dac4e6f8cb98b525a9147f8fc8e392cae4
abstractable.stp.cuba.Vegas.q.0011.smt2	stp	c2505df15f0c29249788755a2e82eb7fc6c601ea
abstractable.stp.cuba.Vegas.q.0010.smt2	stp	8d6059060a1dd146c64c8a0a886d47d9f509064f
abstractable.stp.cuba.Vegas.q.0009.smt2	stp	c881deac5e4d0038534d0aeaf13bf360d93bdfcf
abstractable.stp.cuba.Vegas.q.0008.smt2	stp	309a37ee87093365131edc93f96dd7c3927dab1e
abstractable.stp.cuba.Vegas.q.0007.smt2	stp	ee78171d0876cb243348c7470105ec292e2a84d4
abstractable.stp.cuba.Vegas.q.0006.smt2	stp	61809b8d6afa2abee5af8d35b517f13fac68afb9
abstractable.stp.cuba.Vegas.q.0005.smt2	stp	19f7dd317cfc92b3d87db4b76f86da6ef9b1e4d3
abstractable.stp.cuba.Vegas.q.0004.smt2	stp	2586eb820c4cd1aaef1809e7741bcbbab7bc3692
abstractable.stp.cuba.Vegas.q.0003.smt2	stp	c4088a772f8ffc98a60fca8131cb74e52cdafd3c
abstractable.stp.cuba.Vegas.q.0002.smt2	stp	18478d0d79abbf4e4124a7fb34ebc655bd324c16
abstractable.stp.cuba.Suave.q.0011.smt2	stp	2775480a6a0dc8db99afd6f0402bdcc1372cb74a
abstractable.stp.cuba.Suave.q.0010.smt2	stp	9f5e657534e4e703890547e0637e5c361dc4e30a
abstractable.stp.cuba.Suave.q.0009.smt2	stp	482fc022accb0f8b3e15053633c04a078f45353d
abstractable.stp.cuba.Suave.q.0008.smt2	stp	2801a9a8d60f757e68b2274da66bddaa901bc497
abstractable.stp.cuba.Vegas.q.0062.smt2	stp	252db16493280568ada1c5f2584a289feb861042
abstractable.stp.sundials-f128.N_VWrmsNormMask_Serial.q.0140.smt2	stp	304b66d00d956859b37aabae0b25cfaf687320f5
abstractable.stp.sundials-f128.N_VWrmsNormMask_Serial.q.0139.smt2	stp	399571a68eb2424f18b4664c03de444e46f61bdc
abstractable.stp.sundials-f128.N_VWrmsNormMask_Serial.q.0138.smt2	stp	70835923af34d43e90b32ab8f04dc39c921f15d5
abstractable.stp.sundials-f128.N_VWrmsNormMask_Serial.q.0137.smt2	stp	a8e4e9f226c9ff835f7a39f658557c51785706de
abstractable.stp.sundials-f128.N_VWrmsNormMask_Serial.q.0136.smt2	stp	8f66d0120b7e7faad74282a0bfdd49542526dd22
abstractable.stp.sundials-f128.N_VWrmsNormMask_Serial.q.0135.smt2	stp	a9cbc729f8dfc8cca8a7cd7eed3104e4bbe42a58
abstractable.stp.sundials-f128.N_VWrmsNormMask_Serial.q.0134.smt2	stp	18b8a672191a11be8bbbfeec7a665dac70c6a923
abstractable.stp.sundials-f128.N_VWrmsNormMask_Serial.q.0133.smt2	stp	af5d786709997cadffeb6729fc8082b45fe5b668
abstractable.stp.sundials-f128.N_VWrmsNormMask_Serial.q.0132.smt2	stp	4c18a693af2fef23dbe7776990a4823a1b2a0b49
abstractable.stp.sundials-f128.N_VWrmsNormMask_Serial.q.0131.smt2	stp	35762ab09c3037ade330535ac53d60a9e90b5491
abstractable.stp.sundials-f128.N_VWrmsNormMask_Serial.q.0130.smt2	stp	096d01d82d66b78f466d66df506fe1cced600ab1
abstractable.stp.sundials-f128.N_VWrmsNormMask_Serial.q.0129.smt2	stp	c856591e625b939d1d4b91249629af2b9bbc176f
abstractable.stp.sundials-f128.N_VWrmsNormMask_Serial.q.0128.smt2	stp	797fe7681aa3bbdfabb5506245b4a45365defaa0
abstractable.stp.sundials-f128.N_VWrmsNormMask_Serial.q.0127.smt2	stp	dbb93780e3f1499b42ac2f12afc5a774495f455b
abstractable.stp.sundials-f128.N_VWrmsNormMask_Serial.q.0126.smt2	stp	d242885d7388c40e493dd26b5105a7c12eb3d65a
abstractable.stp.sundials-f128.N_VWrmsNormMask_Serial.q.0012.smt2	stp	a74e1cb850c7a430417499bf86090e8003012dcb
abstractable.stp.sundials-f128.N_VWrmsNormMask_Serial.q.0011.smt2	stp	961cc055229c7c5aac987eddea6ebaf70f8247fb
abstractable.stp.sundials-f128.N_VWrmsNormMask_Serial.q.0010.smt2	stp	795ece8ff184834f151d151a11de2a194c079fde
abstractable.stp.sundials-f128.N_VConstrMask_Serial.q.0060.smt2	stp	ad386a4d4e5f3cb0713f09d1b9de5b82cddb6200
abstractable.stp.sundials-f128.N_VConstrMask_Serial.q.0059.smt2	stp	b4403d1c41d70c48681b224a7192dcf59ab33532
abstractable.stp.sundials-f128.N_VConstrMask_Serial.q.0058.smt2	stp	40d2cbb629f4b6b5ce674fb2ab1101ba7b0bd03b
abstractable.stp.sundials-f128.N_VConstrMask_Serial.q.0057.smt2	stp	e2dacebc91eae8f83424ec2e63f25695e0364613
abstractable.stp.sundials-f128.N_VConstrMask_Serial.q.0056.smt2	stp	edb0ce09caee6eece52e3989660398c355febb0e
abstractable.stp.sundials-f128.N_VConstrMask_Serial.q.0055.smt2	stp	29dba34cdc41eb638a1254d1dccd8ea156572321
abstractable.stp.sundials-f128.N_VConstrMask_Serial.q.0054.smt2	stp	94de86b8b168e17224a260d1f9a4ee0b0ff4ada3
abstractable.stp.sundials-f128.N_VConstrMask_Serial.q.0053.smt2	stp	4153b154218ececedf1ff1c661f7accee9f0f480
abstractable.stp.sundials-f128.N_VConstrMask_Serial.q.0052.smt2	stp	7c400d589665ee13cce1c5812e1ef17d5f22d3b0
abstractable.stp.sundials-f128.N_VConstrMask_Serial.q.0051.smt2	stp	64cf0a79ef7c18fe1fe635a45031986cbed6c657
abstractable.stp.sundials-f128.N_VConstrMask_Serial.q.0050.smt2	stp	ce9ee67166613110d61695c207fb4e3b73ee74f0
abstractable.stp.sundials-f128.N_VConstrMask_Serial.q.0049.smt2	stp	3c5d18486e8aca4263a1dc3fd7fdb20080695701
abstractable.stp.sundials-f128.N_VConstrMask_Serial.q.0048.smt2	stp	4021e148360b8d00137e176b1229071af1b081a6
abstractable.stp.sundials-f128.N_VWrmsNormMask_Serial.q.0093.smt2	stp	0e37fb527a4554ef57826e4f823eb9f69520e4be
abstractable.stp.sundials-f128.N_VWrmsNormMask_Serial.q.0092.smt2	stp	53877e6101aab5f6b3300aaa231e31c6b78f35ed
abstractable.stp.sundials-f128.N_VWrmsNormMask_Serial.q.0091.smt2	stp	fd69fbb69a5d7b88c7e5d3be623c6ef8c60aee10
abstractable.stp.sundials-f128.N_VWrmsNormMask_Serial.q.0090.smt2	stp	12841954304521fa9911b4f97daad3e9f46203be
abstractable.stp.sundials-f128.N_VWrmsNormMask_Serial.q.0089.smt2	stp	93ac4ce8a07ec332814d6bab91aa9090ae8213a0
abstractable.stp.sundials-f128.N_VWrmsNormMask_Serial.q.0088.smt2	stp	6ec45e691d848993f0af1282f671e6de743098cd
abstractable.stp.sundials-f128.N_VWrmsNormMask_Serial.q.0087.smt2	stp	cb830970f430e17f90d5243ab38b031abc811223
abstractable.stp.sundials-f128.N_VWrmsNormMask_Serial.q.0086.smt2	stp	9c3f2c06406f6ae1a4e28d2b75354c6a97c341a0
abstractable.stp.sundials-f128.N_VWrmsNormMask_Serial.q.0085.smt2	stp	6128beabcc86dc587aad472022125263828ff08f
abstractable.stp.sundials-f128.N_VWrmsNormMask_Serial.q.0084.smt2	stp	d100c26c7089dede2983b030fcd813cf1ef91428
abstractable.stp.sundials-f128.N_VWrmsNormMask_Serial.q.0083.smt2	stp	e810d01db32a86a301e7035514f6b7a95cb8497b
abstractable.stp.sundials-f128.N_VWrmsNormMask_Serial.q.0082.smt2	stp	0be82a047a6ce0f29d5bd543a171cc3a1001a003
abstractable.stp.sundials-f128.N_VWrmsNormMask_Serial.q.0081.smt2	stp	c2ffe8f8092eb558d0e56c3b2547f0d5effb69f5
abstractable.stp.sundials-f128.N_VWrmsNormMask_Serial.q.0080.smt2	stp	faea2fa582981570a5e51ca1a17047e5a4248aed
abstractable.stp.sundials-f128.N_VWrmsNormMask_Serial.q.0079.smt2	stp	66e0de11f1777befb1d654a9b165978dc2bafef7
abstractable.stp.sundials-f128.N_VWrmsNormMask_Serial.q.0078.smt2	stp	66dcb8be99bc634347dce57f2b05c2f51c005a3d
abstractable.stp.sundials-f128.N_VConstrMask_Serial.q.0047.smt2	stp	f5ebe80af16b1895e5d3b832faf3349f09e1e4d7
abstractable.stp.sundials-f128.N_VConstrMask_Serial.q.0046.smt2	stp	35faad55be3d6058f977a3943ec4110544e40189
abstractable.stp.sundials-f128.N_VConstrMask_Serial.q.0045.smt2	stp	4dd90da5bcda537042f10afbe51b415ff79a85ea
abstractable.stp.sundials-f128.N_VConstrMask_Serial.q.0044.smt2	stp	2f483932017660095722f249e1f97129f980f7e9
abstractable.stp.sundials-f128.N_VConstrMask_Serial.q.0043.smt2	stp	fc77de9cb30059e4ab7d6a7591863fdd9fe2a075
abstractable.stp.sundials-f128.N_VConstrMask_Serial.q.0042.smt2	stp	7b9a375ec601bf63b06de8c574e857d65a147a32
abstractable.stp.sundials-f128.N_VConstrMask_Serial.q.0041.smt2	stp	d01bf1836d8ae30d97f77ed822a4dc602d717e4c
abstractable.stp.sundials-f128.N_VConstrMask_Serial.q.0040.smt2	stp	6ae6a17647aea36136819a10980b8f1723dc0b7c
abstractable.stp.sundials-f128.N_VConstrMask_Serial.q.0039.smt2	stp	662e7afa66c923c3ab5daa12eb73efbb016db462
abstractable.stp.sundials-f128.N_VConstrMask_Serial.q.0038.smt2	stp	6d3a9981ffbe0081258ad5c05cd7e7cb5f6adbaa
abstractable.stp.sundials-f128.N_VConstrMask_Serial.q.0037.smt2	stp	49c2858fc1241254d4680d06356c2e19d5683eef
abstractable.stp.sundials-f128.N_VConstrMask_Serial.q.0036.smt2	stp	92ead6a855935409a7a38bb7342c54f6bae99a99
abstractable.stp.sundials-f128.N_VConstrMask_Serial.q.0035.smt2	stp	e7ae33d529dff8568491e3cda3ff7e8d52511682
abstractable.stp.sundials-f128.N_VConstrMask_Serial.q.0034.smt2	stp	51ad9993d5967681f597467430b82ba2426f675a
abstractable.stp.sundials-f128.N_VConstrMask_Serial.q.0033.smt2	stp	62fb830dc3c2009763160d861e5b1e55b05fa817
abstractable.stp.sundials-f128.N_VConstrMask_Serial.q.0032.smt2	stp	05c5d875cd22e435c96b505bd03353e97ea350f8
abstractable.stp.sundials-f128.N_VWrmsNormMask_Serial.q.0029.smt2	stp	f7fdca78264df43e51e215f3cffa73a3fd953652
abstractable.stp.sundials-f128.N_VWrmsNormMask_Serial.q.0028.smt2	stp	e4cbc99509cfecf2fdffbcfb3ddeb65706fa2847
abstractable.stp.sundials-f128.N_VWrmsNormMask_Serial.q.0027.smt2	stp	71838c5cf21a676a56328621e753c342620dbef1
abstractable.stp.sundials-f128.N_VWrmsNormMask_Serial.q.0026.smt2	stp	622a011b682db8eb91a9f1a2ba7e029745e7a5e0
abstractable.stp.sundials-f128.N_VWrmsNormMask_Serial.q.0025.smt2	stp	47f513bb4fa8dbe97bc22a2374cf9f3530a41ec0
abstractable.stp.sundials-f128.N_VWrmsNormMask_Serial.q.0024.smt2	stp	d9b8e9d53f95a510d6c6b02b659ffee03a34e54e
abstractable.stp.sundials-f128.N_VWrmsNormMask_Serial.q.0023.smt2	stp	03e6fcc6a22c259e5d29d1c5f8f8ebba420721cb
abstractable.stp.sundials-f128.N_VWrmsNormMask_Serial.q.0022.smt2	stp	89ab8549153dd6d8c4ec5820e06ff18678047741
abstractable.stp.sundials-f128.N_VWrmsNormMask_Serial.q.0021.smt2	stp	d67887856bbe13a9db7dad7a05b5117cb501b76e
abstractable.stp.sundials-f128.N_VWrmsNormMask_Serial.q.0020.smt2	stp	d672301028e91654c350e6e931d1cd24c7e04fbf
abstractable.stp.sundials-f128.N_VWrmsNormMask_Serial.q.0019.smt2	stp	89b8cc16692a719b9ac0f6690406052365f410da
abstractable.stp.sundials-f128.N_VWrmsNormMask_Serial.q.0018.smt2	stp	222eb896e3ef9a0d6462e8aa6bf47ff836375a59
abstractable.stp.sundials-f128.N_VWrmsNormMask_Serial.q.0017.smt2	stp	4423c548390494a1c4aac8f9b4b6309641cc4372
abstractable.stp.sundials-f128.N_VWrmsNormMask_Serial.q.0016.smt2	stp	7567f7b8b1ea9fd499ec76be1f55d20fb3fd6b3a
abstractable.stp.sundials-f128.N_VWrmsNormMask_Serial.q.0015.smt2	stp	0365fadef9823b4c87b813cbdcfd31d9c8fb112d
abstractable.stp.sundials-f128.N_VWrmsNormMask_Serial.q.0014.smt2	stp	8cd7824bc972eafd292c64a3e76e4b6ab60713a4
abstractable.stp.sundials-f128.N_VWrmsNormMask_Serial.q.0109.smt2	stp	fca8ff50238cb283ef44da29eab9826fc851cf1d
abstractable.stp.sundials-f128.N_VWrmsNormMask_Serial.q.0108.smt2	stp	86e27a485287924f872e66e6f1a6f23812409a44
abstractable.stp.sundials-f128.N_VWrmsNormMask_Serial.q.0107.smt2	stp	30f8c95790716e58424ceb97d3b0af76ecc4005f
abstractable.stp.sundials-f128.N_VWrmsNormMask_Serial.q.0106.smt2	stp	833b7b5a782af411f457b274de04ee627c66027f
abstractable.stp.sundials-f128.N_VWrmsNormMask_Serial.q.0105.smt2	stp	7a6bdd6c3b0b55e88694dae63d87501774242257
abstractable.stp.sundials-f128.N_VWrmsNormMask_Serial.q.0104.smt2	stp	55a58e4f619a620bd622444a7f7642d090d28eab
abstractable.stp.sundials-f128.N_VWrmsNormMask_Serial.q.0103.smt2	stp	a596d863dc5d13cc03f44ec31a416ddc1059e3ea
abstractable.stp.sundials-f128.N_VWrmsNormMask_Serial.q.0102.smt2	stp	f3da801ed13867e5f553cedb0010c68bac21f28a
abstractable.stp.sundials-f128.N_VWrmsNormMask_Serial.q.0101.smt2	stp	800e9585a781896eda4e94ea48e8af603a7bca6e
abstractable.stp.sundials-f128.N_VWrmsNormMask_Serial.q.0100.smt2	stp	80f15dac7c33ca4857bc5d40c403db7517fcf32b
abstractable.stp.sundials-f128.N_VWrmsNormMask_Serial.q.0099.smt2	stp	b43a1670c880d5e6d9350eb6252861ddb9bc104e
abstractable.stp.sundials-f128.N_VWrmsNormMask_Serial.q.0098.smt2	stp	6ef2a33b2b79966744a0fec32cbebbbe350db408
abstractable.stp.sundials-f128.N_VWrmsNormMask_Serial.q.0097.smt2	stp	87cb97170fdcf06182e532e6b2347a2e4eb7ab77
abstractable.stp.sundials-f128.N_VWrmsNormMask_Serial.q.0096.smt2	stp	0f436e5679b58ef482ea075f00692e34bae08578
abstractable.stp.sundials-f128.N_VWrmsNormMask_Serial.q.0095.smt2	stp	96210c1067bd23751cf2a2df5977236d3beb6e4d
abstractable.stp.sundials-f128.N_VWrmsNormMask_Serial.q.0094.smt2	stp	d83c95b8d79e2914a4db4e8752cfbcaee4fa855e
abstractable.stp.sundials-f128.N_VWrmsNormMask_Serial.q.0045.smt2	stp	dfd98cf7d0caeae24f4f2668f6bb4065b8474310
abstractable.stp.sundials-f128.N_VWrmsNormMask_Serial.q.0044.smt2	stp	f40228f19e7d541e93bfe172a9a6811bc40c4407
abstractable.stp.sundials-f128.N_VWrmsNormMask_Serial.q.0043.smt2	stp	a60a47cbc8f74addafc3e3966128807633ba167d
abstractable.stp.sundials-f128.N_VWrmsNormMask_Serial.q.0042.smt2	stp	a0e0a36f720c85dc247ac5c6a48a5d6bb7fbc4fd
abstractable.stp.sundials-f128.N_VWrmsNormMask_Serial.q.0041.smt2	stp	14ea7253e5104df43a994b7ed125532241c7878d
abstractable.stp.sundials-f128.N_VWrmsNormMask_Serial.q.0040.smt2	stp	19afeafcea67cfccf7bd357db3f43fb7226c48bb
abstractable.stp.sundials-f128.N_VWrmsNormMask_Serial.q.0039.smt2	stp	cf3feb067d1c934043f970ddc53fe01ddb6e898d
abstractable.stp.sundials-f128.N_VWrmsNormMask_Serial.q.0038.smt2	stp	864bb6bfbd187d3aa95139346f1675df6e620049
abstractable.stp.sundials-f128.N_VWrmsNormMask_Serial.q.0037.smt2	stp	6646374f5d6428ac95fe744faf80db1d9ced1bd0
abstractable.stp.sundials-f128.N_VWrmsNormMask_Serial.q.0036.smt2	stp	404caba67de5131072b66be50854854b3f2fea0b
abstractable.stp.sundials-f128.N_VWrmsNormMask_Serial.q.0035.smt2	stp	be60f53f12214e5b14103a0996c59075f3e5a052
abstractable.stp.sundials-f128.N_VWrmsNormMask_Serial.q.0034.smt2	stp	7c4041706cd54aca3a58f9b5a849bd148308ab42
abstractable.stp.sundials-f128.N_VWrmsNormMask_Serial.q.0033.smt2	stp	7a77c96111f250d613ba6afbf053c2c005bf480b
abstractable.stp.sundials-f128.N_VWrmsNormMask_Serial.q.0032.smt2	stp	c3c50fab1a76439a85617f130df57634415b74d3
abstractable.stp.sundials-f128.N_VWrmsNormMask_Serial.q.0031.smt2	stp	d6b70a3981d69b43269422a35a643c1691203fc3
abstractable.stp.sundials-f128.N_VWrmsNormMask_Serial.q.0030.smt2	stp	b74d69fb4cefedcf1d615f31f45606416cc022b8
abstractable.stp.sundials-f128.N_VWrmsNormMask_Serial.q.0077.smt2	stp	246924854b682a89a4902134732b0963e270193e
abstractable.stp.sundials-f128.N_VWrmsNormMask_Serial.q.0076.smt2	stp	07e2a40e76987dd4a3b4a2738c44d4b28b253bd6
abstractable.stp.sundials-f128.N_VWrmsNormMask_Serial.q.0075.smt2	stp	88e66a951900b4dd9a1eac0f693a9b100f14f574
abstractable.stp.sundials-f128.N_VWrmsNormMask_Serial.q.0074.smt2	stp	e0d40d38ff214d5d50fb82bbc34e9185fab23a24
abstractable.stp.sundials-f128.N_VWrmsNormMask_Serial.q.0073.smt2	stp	8de21a77c4fd53db721fb71f410684a67e1251b4
abstractable.stp.sundials-f128.N_VWrmsNormMask_Serial.q.0072.smt2	stp	6811cd358303abb44534f099a0566772de9ca71a
abstractable.stp.sundials-f128.N_VWrmsNormMask_Serial.q.0071.smt2	stp	4e7439df172f3bdaf784b894f463a365f3c5adb9
abstractable.stp.sundials-f128.N_VWrmsNormMask_Serial.q.0070.smt2	stp	288d8270a59223479ca321d9cd4ae0a83fb380d4
abstractable.stp.sundials-f128.N_VWrmsNormMask_Serial.q.0069.smt2	stp	69222da7dab1eae2620ddd2012f42eeaacbaaa77
abstractable.stp.sundials-f128.N_VWrmsNormMask_Serial.q.0068.smt2	stp	89c859722bc154c8168b8e085a73a7621e2d9c22
abstractable.stp.sundials-f128.N_VWrmsNormMask_Serial.q.0067.smt2	stp	f07f3b1ecb3d67cdbcb9a002194ae0d3406f051f
abstractable.stp.sundials-f128.N_VWrmsNormMask_Serial.q.0066.smt2	stp	148ae828f64f082918995d70984b91891e6590bc
abstractable.stp.sundials-f128.N_VWrmsNormMask_Serial.q.0065.smt2	stp	1a566951b874e5657dd4684fb81fa471ef24dabb
abstractable.stp.sundials-f128.N_VWrmsNormMask_Serial.q.0064.smt2	stp	7125347d0b6d6fbc60fcdadfbc4ff7ae62ceaf0d
abstractable.stp.sundials-f128.N_VWrmsNormMask_Serial.q.0063.smt2	stp	c5335a8d0bc7f587d4f7bf9305a4716d28365b1d
abstractable.stp.sundials-f128.N_VWrmsNormMask_Serial.q.0062.smt2	stp	e9f2f1344659adc6e02e4be4e3eeb76b49829a70
abstractable.stp.sundials-f128.N_VWrmsNormMask_Serial.q.0061.smt2	stp	49df965c7cef7c987074d2f9366dc2943d1d0ef8
abstractable.stp.sundials-f128.N_VWrmsNormMask_Serial.q.0060.smt2	stp	a256cf3c6882106929f3e6d08fd42816eeb61122
abstractable.stp.sundials-f128.N_VWrmsNormMask_Serial.q.0059.smt2	stp	36b75694aba6bd2cca484291a0484dacd240d019
abstractable.stp.sundials-f128.N_VWrmsNormMask_Serial.q.0058.smt2	stp	eb36656784a30c82cb11aeeea4a0be5ec3eb27cc
abstractable.stp.sundials-f128.N_VWrmsNormMask_Serial.q.0057.smt2	stp	61c434f98c5ac8f59f993fe3e306901a2674db5d
abstractable.stp.sundials-f128.N_VWrmsNormMask_Serial.q.0056.smt2	stp	d64e3c3c29b305836c36887dc7fd60590051161c
abstractable.stp.sundials-f128.N_VWrmsNormMask_Serial.q.0055.smt2	stp	c08b5a0ccb8db3c8edcf4a0f93339f34f1c282e2
abstractable.stp.sundials-f128.N_VWrmsNormMask_Serial.q.0054.smt2	stp	cc6b9fb20b9c53070f32619eb7bf40aa8a69f8e6
abstractable.stp.sundials-f128.N_VWrmsNormMask_Serial.q.0053.smt2	stp	cca1ffc96ef2aa47a243f9e44dd997bce769cf62
abstractable.stp.sundials-f128.N_VWrmsNormMask_Serial.q.0052.smt2	stp	ace014b322f29d249cd2cda6e5e3e69b1376e34f
abstractable.stp.sundials-f128.N_VWrmsNormMask_Serial.q.0051.smt2	stp	71043eb8593bf9ca67899a061b5925cc396a9896
abstractable.stp.sundials-f128.N_VWrmsNormMask_Serial.q.0050.smt2	stp	779e03751f2e866892cf6706a1825a471147b005
abstractable.stp.sundials-f128.N_VWrmsNormMask_Serial.q.0049.smt2	stp	398219249587edb898304d91dd3b37d990b9cb97
abstractable.stp.sundials-f128.N_VWrmsNormMask_Serial.q.0048.smt2	stp	0a2284c9998738631f05487d7d61f5682d6f04f4
abstractable.stp.sundials-f128.N_VWrmsNormMask_Serial.q.0047.smt2	stp	be940dee55efc6ee3e8f5dd90ef754b1faefd94a
abstractable.stp.sundials-f128.N_VWrmsNormMask_Serial.q.0046.smt2	stp	a7563849269210a64f5a6a666b4080b5dff00f28
abstractable.stp.cuba.Suave.q.0007.smt2	stp	5107c160ec438101fe4d3f8f9891af80caa30a81
abstractable.stp.cuba.Suave.q.0006.smt2	stp	f83a5680ef66c99bff4761cfc1fb93f24ce65178
abstractable.stp.cuba.Suave.q.0005.smt2	stp	f01b9ea4bf456d518a0c622bb34299f6306718ca
abstractable.stp.cuba.Suave.q.0004.smt2	stp	8db6e78688a8b46257aa8f21f07e0f3d60b7bce0
abstractable.stp.cuba.Suave.q.0003.smt2	stp	3a34ffc9293f7bf950faa3683e8edb958b8b5bd0
abstractable.stp.cuba.Suave.q.0002.smt2	stp	1bc5bb6b8f686cefbc67b0610aa7a026d40c99a4
abstractable.stp.cuba.Cuhre.q.0005.smt2	stp	b0a95626d0cb5c6f81e0c9f0cb4196b4918c3c5d
abstractable.stp.cuba.Cuhre.q.0004.smt2	stp	b04d84b6de9c17564d2d1473cf7ef01d878ef939
abstractable.stp.cuba.Cuhre.q.0003.smt2	stp	0fb12396cb09352d9180f4c60f74bb344fc5e6b8
abstractable.stp.cuba.Cuhre.q.0002.smt2	stp	73d4d981d42cd108ef64855aab0fdd61a336bfe4
abstractable.stp.cuba.Divonne.q.0089.smt2	stp	4cd2a7c030a59100a0159ffe71a39434742aa4e9
abstractable.stp.cuba.Divonne.q.0088.smt2	stp	6a81fe8e1ed0a04c5d9a137ca923023c806e5225
abstractable.stp.cuba.Divonne.q.0087.smt2	stp	9b29dd2ff280e311df5746a5817bca1fcfb11160
abstractable.stp.cuba.Divonne.q.0086.smt2	stp	754cb183f293443e3538c20167968ae1f713f308
abstractable.stp.cuba.Divonne.q.0085.smt2	stp	e6c27c88b39588380458e2994cfa3d6842d52bbc
abstractable.stp.cuba.Divonne.q.0084.smt2	stp	58adcefe8ad014fae25d6fb84211635d72b9bd04
abstractable.stp.f2clapack.qgeqrf_.q.0037.smt2	stp	cb92df7c7adf88d44fafb620e19cbc23993fbe96
abstractable.stp.f2clapack.qgeqrf_.q.0036.smt2	stp	525f8e133cd275c08439e4fed062c3d52e9e8cac
abstractable.stp.f2clapack.qgeqrf_.q.0033.smt2	stp	2dbb980678fc613cdee80901f83637a62a9ce322
abstractable.stp.f2clapack.qgeqrf_.q.0032.smt2	stp	acd696d22ce5f678e55bd5e984b6625f7bda5cd7
abstractable.stp.f2clapack.qgeqrf_.q.0030.smt2	stp	1d9e608856df86f44c9b5cdc9de5806b4c2c67f1
abstractable.stp.f2clapack.qgeqrf_.q.0029.smt2	stp	9d963d0013043d61d63cfbece30e375162c54f89
abstractable.stp.f2clapack.qgeqrf_.q.0028.smt2	stp	63f98a28249633719d7ef4a50dcf5d5c48f95fb8
abstractable.stp.f2clapack.qgeqrf_.q.0025.smt2	stp	be678ece1a1d163bef03614070a1e3b91744e132
abstractable.stp.f2clapack.qgeqrf_.q.0024.smt2	stp	421e4586628c3dcf94cd60dcbc4e0ecc1e793289
abstractable.stp.f2clapack.qgeqrf_.q.0022.smt2	stp	1cf1f05f057bcd32c2912897d8bee6cf1320e619
abstractable.stp.f2clapack.qgeqrf_.q.0021.smt2	stp	04e656f5fd143c5fdc664f9a5fe4a33c41174f50
abstractable.stp.f2clapack.qgeqrf_.q.0020.smt2	stp	4b9088655a338b2cdcc851862fc9dae3ff939ace
abstractable.stp.f2clapack.qgeqrf_.q.0018.smt2	stp	04b17b77a8bd4117daa61aa0d4d173f798593597
abstractable.stp.f2clapack.qgeqrf_.q.0017.smt2	stp	515c717ed4d326f31cb2540e7a8fbffca28ac0cb
abstractable.stp.f2clapack.qgeqrf_.q.0015.smt2	stp	b1411bcb26821a87c5569d4bdb92b0ff59fb8f02
abstractable.stp.f2clapack.qgeqrf_.q.0012.smt2	stp	965fcf6caf1d021db1808a3a646f6767798da7c6
abstractable.stp.f2clapack.qtrsm_.q.0028.smt2	stp	899fe70cd18bc9d90f656db8797fd49076668d64
abstractable.stp.f2clapack.qtrsm_.q.0027.smt2	stp	2824b18d8db00dfdaf523a39f5c95bcda7ce085b
abstractable.stp.f2clapack.qtrsm_.q.0026.smt2	stp	c6c55610a651a956e621442d98c57a0523ec6efd
abstractable.stp.f2clapack.qtrsm_.q.0025.smt2	stp	efb1f66191a60ed459882cb8cd6e5accec3aba22
abstractable.stp.f2clapack.qtrsm_.q.0024.smt2	stp	be5dda64e60f2d93ddb3f7729bbf5681c1dc1f4b
abstractable.stp.f2clapack.qtrsm_.q.0023.smt2	stp	9a242c70ac82b61901ecf638f6872d0809b61738
abstractable.stp.f2clapack.qtrsm_.q.0022.smt2	stp	f11c3b077962ea6e2f0c371ca046ccebff6bc05d
abstractable.stp.f2clapack.qtrsm_.q.0021.smt2	stp	d3632bfe03de83922d720ab87ea8b240d5deeb43
abstractable.stp.f2clapack.qtrsm_.q.0020.smt2	stp	f89984a5187737cba9e397f2401278d3b55c8079
abstractable.stp.f2clapack.qtrsv_.q.0016.smt2	stp	a5fa2a4997321b21dc8989e852e4c0ae0f89fcd3
abstractable.stp.f2clapack.qtrsv_.q.0015.smt2	stp	b47190d6dfec884a63602ae64021899df39e78a6
abstractable.stp.f2clapack.qtrsv_.q.0014.smt2	stp	2181ed2a8e6e857680efe5f328ce0ab43bbb27dd
abstractable.stp.f2clapack.qtrsv_.q.0013.smt2	stp	8f04f3e471e8f7ea644071012a1f342a7d1b98ac
abstractable.stp.f2clapack.qtrsv_.q.0012.smt2	stp	898cc1a46b18053b74d7a8042f43d9c9a43e0c9c
abstractable.stp.f2clapack.qtrsv_.q.0011.smt2	stp	48fd0919837f21548b869b16f86b0d6edf332815
abstractable.stp.f2clapack.qtrsv_.q.0010.smt2	stp	9566431754569577b432dade4e62ece59f4938c5
abstractable.stp.f2clapack.qtrtrs_.q.0042.smt2	stp	e3dbd2c288a193ef60e25214fdd1bed1a5c9d6a4
abstractable.stp.f2clapack.qtrtrs_.q.0041.smt2	stp	a33cc9e1947f20719604c7d980477610d09fe28f
abstractable.stp.f2clapack.qtrtrs_.q.0040.smt2	stp	4bd28a8ba23d184a82e007377c552117921acc64
abstractable.stp.f2clapack.qtrtrs_.q.0039.smt2	stp	7c9d2deca726cdfac94941900d956617b3c7da64
abstractable.stp.f2clapack.qtrtrs_.q.0038.smt2	stp	c28573225dbdd05199a775821c331231f7dd6b28
abstractable.stp.f2clapack.qtrtrs_.q.0037.smt2	stp	cd7e51786073dd6969ddb72caf8f51c84ffacac9
abstractable.stp.f2clapack.qtrtrs_.q.0035.smt2	stp	92872808c92eec62c6dde46d362e0da97fe7d074
abstractable.stp.f2clapack.qtrtrs_.q.0034.smt2	stp	123f097d54701fd459e0f6715b0285c398b71f7f
abstractable.stp.f2clapack.qtrtrs_.q.0033.smt2	stp	08473e263a116c5a3c009f0aa0def8655d5e6394
abstractable.stp.f2clapack.qtrtrs_.q.0032.smt2	stp	8d33de0249bffb7628b39dd63d2e7974646be7f0
abstractable.stp.f2clapack.qtrtrs_.q.0031.smt2	stp	f0f9d2d8fe4cf152b079c17a48cdd29171483e8b
abstractable.stp.f2clapack.qtrtrs_.q.0030.smt2	stp	6a1b3d49eef7db9f1d19387849561fe5f2897c5a
abstractable.stp.f2clapack.qtrtrs_.q.0029.smt2	stp	e18e47ed1b45d8be9d205851582b7eba3ce48d44
abstractable.stp.f2clapack.qtrtrs_.q.0027.smt2	stp	95baeb4359fcde54d4883e2ee1ca808f7b7b545b
abstractable.stp.f2clapack.qtrtrs_.q.0026.smt2	stp	e816ee679c039bc3a746497f83deb5f251c6b030
abstractable.stp.f2clapack.qtrtrs_.q.0025.smt2	stp	f6a0696a49d043054b2dbdaccfbeeec7eab19b27
abstractable.stp.f2clapack.qtrtrs_.q.0023.smt2	stp	350ae544885fb5b8fd0d6ce3aed66a56f2421c97
abstractable.stp.f2clapack.qtrsm_.q.0043.smt2	stp	cd557fe8e031767de3553250c2803f7d5c740268
abstractable.stp.f2clapack.qtrsm_.q.0042.smt2	stp	e871ab2652bc5ba7e6f3fa597620fe5279282fb6
abstractable.stp.f2clapack.qtrsm_.q.0041.smt2	stp	c33341d9c7f048430063df9336745d3657af8ab1
abstractable.stp.f2clapack.qtrsm_.q.0040.smt2	stp	c053fc17ffc5be718346c8fd303ca432e89da1a6
abstractable.stp.f2clapack.qtrsm_.q.0039.smt2	stp	6660e19c2ba9c36a8da2b3c1eac0c4c4cd95849d
abstractable.stp.f2clapack.qtrsm_.q.0038.smt2	stp	97e5fb0a5d2546784aa199cb20685cca7682e7b0
abstractable.stp.f2clapack.qtrsm_.q.0037.smt2	stp	0c7e9b4331dc5186b53dc1eda0a9a915ee01577b
abstractable.stp.f2clapack.qtrsm_.q.0036.smt2	stp	ffca46465334d9ac7bf2e8a25791ef911f791bf9
abstractable.stp.f2clapack.qtrsm_.q.0035.smt2	stp	75835b9f297344d0eb46427ac475115e13bf2abf
abstractable.stp.f2clapack.qtrsm_.q.0034.smt2	stp	74cf7ca6ec0059254f5c848e5df73736f0811135
abstractable.stp.f2clapack.qtrsm_.q.0033.smt2	stp	94cf9a1ec931fefddfd5d801491c80a5b67428c5
abstractable.stp.f2clapack.qtrsm_.q.0032.smt2	stp	3fb41f3739f5ab4fd35f23bf8bf0e180e33b8c91
abstractable.stp.f2clapack.qtrsm_.q.0031.smt2	stp	cf552fa9d49793ffdddb49250791196af0bde37b
abstractable.stp.f2clapack.qtrsm_.q.0030.smt2	stp	5d8404c708377a4682c682e5d41f97841ed00382
abstractable.stp.f2clapack.qtrsm_.q.0029.smt2	stp	44ac14ba94fa374814d436f3e3922184e9a9802a
abstractable.stp.f2clapack.qlange_.q.0010.smt2	stp	55ad6221654ff9be4ce504716369aeac18e0f679
abstractable.stp.f2clapack.qlange_.q.0009.smt2	stp	4347d5c8eab969e5a9013e9f5a844be4bfc08d04
abstractable.stp.f2clapack.qlange_.q.0008.smt2	stp	769a1b6c615e458baf69680c3ba6ccc6de020744
abstractable.stp.f2clapack.qlange_.q.0007.smt2	stp	31dcc31926aaf63292c9663efb09431e2690df51
abstractable.stp.f2clapack.qlange_.q.0006.smt2	stp	b984e58edd666502348457b42fed1aa51f3cb50e
abstractable.stp.f2clapack.qlange_.q.0005.smt2	stp	bbad30157c0845c065c009270895da12f473b360
abstractable.stp.f2clapack.qlange_.q.0004.smt2	stp	d574f7d779e197dc38e20bbcc2131c400077c2ea
abstractable.stp.f2clapack.qlange_.q.0003.smt2	stp	04ee6c0c8043b65af558d360382d4374085ba0b4
abstractable.stp.f2clapack.qlange_.q.0002.smt2	stp	08ef16495763793a93ba02b1704cc8264a1f517e
abstractable.stp.f2clapack.qposv_.q.0009.smt2	stp	837a49d9953fd28a3574acb42f6cfea06cb4599d
abstractable.stp.f2clapack.qposv_.q.0008.smt2	stp	97e91ff86b2803ea17b1cb0b3ec7fa9b0367fef7
abstractable.stp.f2clapack.qposv_.q.0007.smt2	stp	76beff4cb3099a07ca0105c023822e207cef3653
abstractable.stp.f2clapack.qposv_.q.0006.smt2	stp	73bdfe9e3b87fab4788a7ad524feaa02773fad06
abstractable.stp.f2clapack.qposv_.q.0005.smt2	stp	b55425cf5f60cf26bec5c034537785fa8b8cc209
abstractable.stp.f2clapack.qgeqrf_.q.0039.smt2	stp	8177e7577823a4d282656714fe4fb3a01be7189c
abstractable.stp.f2clapack.qgeqrf_.q.0038.smt2	stp	c974929c7aea66131cb65792311760f56be09860
abstractable.stp.f2clapack.qlascl_.q.0018.smt2	stp	815f8cfd6ade333728b14656df4e763f80562d10
abstractable.stp.f2clapack.qlascl_.q.0017.smt2	stp	f154e470ace944e86b213ddfd4d141ee585cd57e
abstractable.stp.f2clapack.qlascl_.q.0016.smt2	stp	3258a299cee0ac3f2005b1d36b6a7c825abb72ac
abstractable.stp.f2clapack.qlascl_.q.0015.smt2	stp	ea26ca459574953497848a7708216620751247f4
abstractable.stp.f2clapack.qlascl_.q.0014.smt2	stp	afd9ca24bea407b93c7753c9b12a6aa95ae09272
abstractable.stp.f2clapack.qlascl_.q.0013.smt2	stp	1977b523d58f7e12c55408ffd102cffbd197737e
abstractable.stp.f2clapack.qlascl_.q.0012.smt2	stp	af21a0ff73a9f5bdd0f9253c12ef63ea74b7dccb
abstractable.stp.f2clapack.qlascl_.q.0011.smt2	stp	938e94ba900ac2326d6f8b5c3c54c7b6322d2318
abstractable.stp.f2clapack.qlascl_.q.0010.smt2	stp	07453a42447ac2a75c13d8aed7aa58dbae3a2c12
abstractable.stp.f2clapack.qlascl_.q.0009.smt2	stp	e57ebfecc312d704483c0fd260220a3232819155
abstractable.stp.f2clapack.qlascl_.q.0008.smt2	stp	02610deab2d6dc1de27326e9536bcb7c32d8841e
abstractable.stp.f2clapack.qlascl_.q.0007.smt2	stp	b936dab621512dfd26c1b4c9af00d5d782fc90eb
abstractable.stp.f2clapack.qlascl_.q.0006.smt2	stp	0cf835ce31f96c5ff52d5cb559cc341b81e3d24f
abstractable.stp.f2clapack.qlascl_.q.0005.smt2	stp	de9fedf3b0d4d0709ec4558085892a9ed5fbf148
abstractable.stp.f2clapack.qgetf2_.q.0067.smt2	stp	0a0018ea16f544c426df6a882bc586fd534a0e34
abstractable.stp.f2clapack.qgetf2_.q.0066.smt2	stp	c87f981384c899c2bcdffb06b8b4b8d68a3625fd
abstractable.stp.f2clapack.qtrsv_.q.0009.smt2	stp	ff9e0bd7f8cd48532ce4d2a1e21df42041495c27
abstractable.stp.f2clapack.qtrsv_.q.0008.smt2	stp	fd1456e7281ba5f75beb9b4e05188dd6020d5df4
abstractable.stp.f2clapack.qtrsv_.q.0007.smt2	stp	c6f15d500ec6ee247c03accf1e415b355ee96c58
abstractable.stp.f2clapack.qtrsv_.q.0006.smt2	stp	520687a6d241760f5391cd45bc9afe44a79de3db
abstractable.stp.f2clapack.qpotrf_.q.0009.smt2	stp	4d8c6b5a7ed57e41fc2bbffbef5faadff502e0aa
abstractable.stp.f2clapack.qpotrf_.q.0008.smt2	stp	97e91ff86b2803ea17b1cb0b3ec7fa9b0367fef7
abstractable.stp.f2clapack.qpotrf_.q.0007.smt2	stp	76beff4cb3099a07ca0105c023822e207cef3653
abstractable.stp.f2clapack.qpotrf_.q.0006.smt2	stp	73bdfe9e3b87fab4788a7ad524feaa02773fad06
abstractable.stp.f2clapack.qpotrf_.q.0005.smt2	stp	b55425cf5f60cf26bec5c034537785fa8b8cc209
abstractable.stp.f2clapack.qpotrs_.q.0009.smt2	stp	0e7e1fb62f134c9ce32e60227dc01407dba210f4
abstractable.stp.f2clapack.qpotrs_.q.0008.smt2	stp	ea0d5004c6551daf22c772f29b403c2b608c7a65
abstractable.stp.f2clapack.qpotrs_.q.0007.smt2	stp	13ce710779ca3d3b730f6680b7f3652a86d6b36c
abstractable.stp.f2clapack.qpotrs_.q.0006.smt2	stp	5616ea3a7956e5acbd39ed7223e7809ba4791f9b
abstractable.stp.f2clapack.qpotrs_.q.0005.smt2	stp	5ca5a3d6ab9f79ddabe03cd7e1933c5f2c2ae34d
abstractable.stp.f2clapack.qpotrs_.q.0004.smt2	stp	1a0ed2568c463bf744fb5e2293d10b959ec11d8c
abstractable.stp.f2clapack.qpotrs_.q.0003.smt2	stp	65cec7900c200a8314c853ddabe7d6eccf0e0721
abstractable.stp.f2clapack.qgesv_.q.0008.smt2	stp	4f53b7863825a9a1da7b7feee23edf7120070e6b
abstractable.stp.cuba.Divonne.q.0092.smt2	stp	d2a9a4c9fc1ffbef7a354c7f7ca48e69ccac67c6
abstractable.stp.cuba.Divonne.q.0091.smt2	stp	dfa930636666a3b1dcedf181607f54ac094139c6
abstractable.stp.cuba.Divonne.q.0090.smt2	stp	92f737874e2999dfbbf83d3b0acf20b5a43b5e8e
abstractable.stp.cuba.Divonne.q.0098.smt2	stp	
abstractable.stp.cuba.Divonne.q.0097.smt2	stp	458d3c956fba37e754e7e6b44df4f9ecb22d4681
abstractable.stp.cuba.Divonne.q.0096.smt2	stp	edb5da6730a13f5810e6d5640b7ffd657db6788e
abstractable.stp.cuba.Divonne.q.0095.smt2	stp	b1c6fda96221ec85fbfbd14cb22144f875768a0d
abstractable.stp.cuba.Divonne.q.0094.smt2	stp	fb022bd41fac4fe16c29f6fc2de6cee0c7a43ab0
abstractable.stp.cuba.Divonne.q.0093.smt2	stp	8ff37cadbcbc3625b3872e3535cc11d6177c30ab
abstractable.stp.sundials-f128.N_VWrmsNormMask_Serial.q.0264.smt2	stp	f5353be4ce65de99b1da9a57c3fbfdd87786a8f9
abstractable.stp.sundials-f128.N_VWrmsNormMask_Serial.q.0263.smt2	stp	00fe0d9df742079cc64ac1ecee9e1397b9844e65
abstractable.stp.sundials-f128.N_VWrmsNormMask_Serial.q.0262.smt2	stp	20231201edce89173fde58005c8402fa256f2f70
abstractable.stp.sundials-f128.N_VWrmsNormMask_Serial.q.0261.smt2	stp	9d0442d9bba9364867edc52476235e4613201506
abstractable.stp.sundials-f128.N_VWrmsNormMask_Serial.q.0260.smt2	stp	e9f2c90dde6511e8ba0e9c52383121d1f6800c00
abstractable.stp.sundials-f128.N_VWrmsNormMask_Serial.q.0259.smt2	stp	c04af6c56751f6ad88d00d6c5dee0624fc18f8da
abstractable.stp.f2clapack.qgetrf_.q.0008.smt2	stp	55fabbd24255a1c41fbd0324614db0f48437e0e1
abstractable.stp.f2clapack.qgetrf_.q.0007.smt2	stp	5258a313585aa6d8bd02951621e397c66e93168b
abstractable.stp.f2clapack.qgetrf_.q.0006.smt2	stp	7927be13104a2414ecf5f736d72cd84eecdadcc5
abstractable.stp.f2clapack.qgetf2_.q.0088.smt2	stp	e0f891aa8ab4650d46245da44d9bf2e2c14b76ef
abstractable.stp.f2clapack.qgetf2_.q.0087.smt2	stp	89723fc433214cbac367d10873721d899ed1cf63
abstractable.stp.f2clapack.qgetf2_.q.0086.smt2	stp	c9f31c548e669b9985792e8e440877bbdb0107a0
abstractable.stp.f2clapack.qgetf2_.q.0085.smt2	stp	79087f649f8a282a6b782f443123f33bbea7107c
abstractable.stp.f2clapack.qgetf2_.q.0084.smt2	stp	9f3b31ab86165ede84cd3295089fa41d827a4d9e
abstractable.stp.f2clapack.qgetf2_.q.0083.smt2	stp	a5ea79ca9387f1561ee0dcb6939349c833f4dd27
abstractable.stp.f2clapack.qgetf2_.q.0082.smt2	stp	1d0e28d82836601ee2893e952fdfe83e2072036f
abstractable.stp.f2clapack.qgetf2_.q.0081.smt2	stp	113c85c025dfdb8ad83d07ea2ec5e998cfb32522
abstractable.stp.f2clapack.qgetf2_.q.0080.smt2	stp	4fe4fe032db9ea7a1a7ec3ff8498c284046fc932
abstractable.stp.f2clapack.qgetf2_.q.0079.smt2	stp	8554995db38f14a2ffb850095318a1e7111a3054
abstractable.stp.f2clapack.qgetf2_.q.0078.smt2	stp	f1d9978a0bc66f4ea7834f4418626027bb2cc70d
abstractable.stp.f2clapack.qgetf2_.q.0077.smt2	stp	adcf7ef2dee8d2ccbfc2a21e3c799ce14a19eafa
abstractable.stp.f2clapack.qgetf2_.q.0076.smt2	stp	0ab26801760f6015fa95d9a8ad782cbd2e6a794d
abstractable.stp.sundials-f128.N_VWrmsNormMask_Serial.q.0226.smt2	stp	9ee801b58f521f12f779256aacc6d9df87bc4cb9
abstractable.stp.sundials-f128.N_VWrmsNormMask_Serial.q.0225.smt2	stp	a797953da2cc79ca900e265771e41967953250c4
abstractable.stp.sundials-f128.N_VWrmsNormMask_Serial.q.0224.smt2	stp	03991ca7058f07fe4df7afa9e1c101a415132d85
abstractable.stp.sundials-f128.N_VWrmsNormMask_Serial.q.0223.smt2	stp	df65b2fdef9726b2c0903cf9c24c06c1967c0585
abstractable.stp.sundials-f128.N_VWrmsNormMask_Serial.q.0222.smt2	stp	47bc5204c084fe07c4127b448153aa64136ed5a0
abstractable.stp.sundials-f128.N_VWrmsNormMask_Serial.q.0221.smt2	stp	bf53f786f249cb3d89a857687c7f70d49d81dc2d
abstractable.stp.sundials-f128.N_VWrmsNormMask_Serial.q.0220.smt2	stp	716538f741a8a1662650e2e15dc9f9398ab72c39
abstractable.stp.sundials-f128.N_VWrmsNormMask_Serial.q.0219.smt2	stp	8b76094c46d9e49fc06264d2b0000c213d13e83a
abstractable.stp.sundials-f128.N_VWrmsNormMask_Serial.q.0218.smt2	stp	2a919a723fd8c5ce6028a74d6e0030fdbe9107d2
abstractable.stp.sundials-f128.N_VWrmsNormMask_Serial.q.0217.smt2	stp	aad76afa2b5a3f4c7079d7de3b918243aba1c9c4
abstractable.stp.sundials-f128.N_VWrmsNormMask_Serial.q.0216.smt2	stp	9e490f1e95675f19b0f215ece788f30c4fe9d1f0
abstractable.stp.sundials-f128.N_VWrmsNormMask_Serial.q.0215.smt2	stp	5e6da02d77ea3d304da0c482d102353dd4c9c7d5
abstractable.stp.sundials-f128.N_VWrmsNormMask_Serial.q.0214.smt2	stp	935acaa8ea2775274b1dfec749de79a1bd5d562e
abstractable.stp.sundials-f128.N_VWrmsNormMask_Serial.q.0213.smt2	stp	941f65584186a0ad58e4d57ab960dac10c2b8827
abstractable.stp.sundials-f128.N_VWrmsNormMask_Serial.q.0212.smt2	stp	35919181ff8617341ba4a5d8714d9d69167cabbd
abstractable.stp.sundials-f128.N_VWrmsNormMask_Serial.q.0211.smt2	stp	c103e9ed85d126fe10de6776e2f7854c46166d37
abstractable.stp.sundials-f128.N_VWrmsNormMask_Serial.q.0242.smt2	stp	93f0134d6c60da8147a3e018d1050bd85cfe956b
abstractable.stp.sundials-f128.N_VWrmsNormMask_Serial.q.0241.smt2	stp	b9bd3a5ed7777b1e2b9cfe55275e0ba930a96d36
abstractable.stp.sundials-f128.N_VWrmsNormMask_Serial.q.0240.smt2	stp	5020ea6d6d093c346219ec2a225c3e764f072b20
abstractable.stp.sundials-f128.N_VWrmsNormMask_Serial.q.0239.smt2	stp	b69b05417bc15214b57cbe4d8c95bd597bf5ab43
abstractable.stp.sundials-f128.N_VWrmsNormMask_Serial.q.0238.smt2	stp	e1de22701f10f6527608e038d8d771a7b2e89bbf
abstractable.stp.sundials-f128.N_VWrmsNormMask_Serial.q.0237.smt2	stp	962414d505d22a3b3e97a25eaf19a6e2f4c2c9d7
abstractable.stp.sundials-f128.N_VWrmsNormMask_Serial.q.0236.smt2	stp	d87583b93e58062b86f7ed71f868821f5ee54ad5
abstractable.stp.sundials-f128.N_VWrmsNormMask_Serial.q.0235.smt2	stp	20b37656f5866427c7641f71d49ac1138870f23b
abstractable.stp.sundials-f128.N_VWrmsNormMask_Serial.q.0234.smt2	stp	114b54e16c68b76b92c78f05683b72823668f8e7
abstractable.stp.sundials-f128.N_VWrmsNormMask_Serial.q.0233.smt2	stp	5dc70c47d9308e19c0f04459b7be08616effd969
abstractable.stp.sundials-f128.N_VWrmsNormMask_Serial.q.0232.smt2	stp	63ca55b881514d53792f75e6900c37b54f50199a
abstractable.stp.sundials-f128.N_VWrmsNormMask_Serial.q.0231.smt2	stp	f52232874388b67ce2dae57e59060ddcd5b3f738
abstractable.stp.sundials-f128.N_VWrmsNormMask_Serial.q.0230.smt2	stp	636762960640e48b2c1e23a9d32ab01fb5d8a010
abstractable.stp.sundials-f128.N_VWrmsNormMask_Serial.q.0229.smt2	stp	18459ff47eeed0d8e862b887b60f33b683eedb85
abstractable.stp.sundials-f128.N_VWrmsNormMask_Serial.q.0228.smt2	stp	c27ffcaf72fff2b5c53cdd9fd7541289a6578132
abstractable.stp.sundials-f128.N_VWrmsNormMask_Serial.q.0227.smt2	stp	26b25226d601c7064bb426a49c81660e71943b3e
abstractable.stp.sundials-f128.N_VWrmsNormMask_Serial.q.0258.smt2	stp	a7743d0b05ab7bebfd53e0b736248abb65412025
abstractable.stp.sundials-f128.N_VWrmsNormMask_Serial.q.0257.smt2	stp	8298844302cc5ff9638838b372fb2a3d1ee02c6d
abstractable.stp.sundials-f128.N_VWrmsNormMask_Serial.q.0256.smt2	stp	b2a49cc5f20fc3ea3cc3b83f23c79bf822208f8b
abstractable.stp.sundials-f128.N_VWrmsNormMask_Serial.q.0255.smt2	stp	2d969836e5817ccdba4328e9acdefd9c231ced9c
abstractable.stp.sundials-f128.N_VWrmsNormMask_Serial.q.0254.smt2	stp	8ba4c9e58341e138b64d795a18faa5b7f3d7ddad
abstractable.stp.sundials-f128.N_VWrmsNormMask_Serial.q.0253.smt2	stp	ab13b941884205e911a105fea16da55d945ec276
abstractable.stp.sundials-f128.N_VWrmsNormMask_Serial.q.0252.smt2	stp	fd8d4c558a3ffa4cc1c78b2ea5d04c609c52bb94
abstractable.stp.sundials-f128.N_VWrmsNormMask_Serial.q.0251.smt2	stp	1d36140fa393fca51ffd2ebb33df970787cc7f61
abstractable.stp.sundials-f128.N_VWrmsNormMask_Serial.q.0250.smt2	stp	2fdb7c2f817e81c87bf9bc5805ea62a2399eee8f
abstractable.stp.sundials-f128.N_VWrmsNormMask_Serial.q.0249.smt2	stp	879376d14eb6a64436d3d5935a509aaa2191f19d
abstractable.stp.sundials-f128.N_VWrmsNormMask_Serial.q.0248.smt2	stp	93d79afeb0d91d4fbcd6057982bc0031bd6c852c
abstractable.stp.sundials-f128.N_VWrmsNormMask_Serial.q.0247.smt2	stp	60aa9afe5b7ff04c06ccd464f547115ceb245137
abstractable.stp.sundials-f128.N_VWrmsNormMask_Serial.q.0246.smt2	stp	50b403ad8ded6713fe067c8abd9f59094ebe768b
abstractable.stp.sundials-f128.N_VWrmsNormMask_Serial.q.0245.smt2	stp	e01f81f25a8f0229edfb182978c3ad3e40b8c96c
abstractable.stp.sundials-f128.N_VWrmsNormMask_Serial.q.0244.smt2	stp	4cb5e9749e42c56527ce5c3f59c2277cb81878fa
abstractable.stp.sundials-f128.N_VWrmsNormMask_Serial.q.0243.smt2	stp	5cf4181e47fa7115086170e0156b181d955eee76
abstractable.stp.f2clapack.qgetf2_.q.0065.smt2	stp	19beb764258c9a6764df160b6caf1979cf009760
abstractable.stp.f2clapack.qgetf2_.q.0063.smt2	stp	813dfdc907b808cc88d95aea61b6916c310f2cae
abstractable.stp.f2clapack.qgetf2_.q.0062.smt2	stp	88511ad73e57b2686176aa1f09b21edaaf007067
abstractable.stp.f2clapack.qgetf2_.q.0061.smt2	stp	4fdc0bc1646900754138b2e86be1e2f200341d7e
abstractable.stp.f2clapack.qgetf2_.q.0060.smt2	stp	2a96ac19eaa8ed1d96a6debd3cc42adf6c9f2570
abstractable.stp.f2clapack.qgetf2_.q.0059.smt2	stp	ae87f1cd3f91f6f8fadc7140b75c020152e52a2a
abstractable.stp.f2clapack.qgetf2_.q.0058.smt2	stp	008ad25669128c72d1e9f32528bdead101f671df
abstractable.stp.f2clapack.qgetf2_.q.0055.smt2	stp	58a49c0e59a1498a525f64ab000c095022dd36d8
abstractable.stp.f2clapack.qgetf2_.q.0051.smt2	stp	8b45fd1f4a279b1f691cf93207e18bcd977c67f8
abstractable.stp.f2clapack.qgetf2_.q.0042.smt2	stp	50ee22b9bfcccefa97d77fc8a82d0600e339c40e
abstractable.stp.f2clapack.qgetf2_.q.0041.smt2	stp	8611ef0abaf0e286be62233b5a59524e516b0b12
abstractable.stp.f2clapack.qgetf2_.q.0040.smt2	stp	f7c61060fb3252054d7a632716fef5b1cb10ece1
abstractable.stp.f2clapack.qgetf2_.q.0039.smt2	stp	be09e5d6c56a21844dd9e1094765d8f74f837334
abstractable.stp.f2clapack.qgetf2_.q.0037.smt2	stp	294b58cab56711c11fe7584b36e9a57347c3919e
abstractable.stp.f2clapack.qgetf2_.q.0033.smt2	stp	dd15ba3d041fd6382561c8fb81b47c985104ff54
abstractable.stp.f2clapack.qgetf2_.q.0028.smt2	stp	f2cc0bb1738ddfecfd49c6df88b8a12b0bd8677b
abstractable.stp.sundials-f128.N_VWrmsNormMask_Serial.q.0210.smt2	stp	3ed4c95d51f434323d41362c3e3d5cdb20019435
abstractable.stp.sundials-f128.N_VWrmsNormMask_Serial.q.0209.smt2	stp	4e3bdb241ce4cb1ad06bea48bb753f3889b896a6
abstractable.stp.sundials-f128.N_VWrmsNormMask_Serial.q.0208.smt2	stp	cff5b7e89aeece4fbff5760576bb78cd1f27c2bc
abstractable.stp.sundials-f128.N_VWrmsNormMask_Serial.q.0207.smt2	stp	9568971a9cd82350d35a735b4087337e33f6723d
abstractable.stp.sundials-f128.N_VWrmsNormMask_Serial.q.0206.smt2	stp	862c93eaa63f594da7d00573a33bbf66425e5aa6
abstractable.stp.sundials-f128.N_VWrmsNormMask_Serial.q.0205.smt2	stp	d4cd31736be9e1005305a0a0150e4ebaf9fcd803
abstractable.stp.sundials-f128.N_VWrmsNormMask_Serial.q.0204.smt2	stp	546c72bf2115517caa2ce7188c3220ca699a0cbe
abstractable.stp.sundials-f128.N_VWrmsNormMask_Serial.q.0203.smt2	stp	93941c20601680577f8a9f8cfcaf2219c777318c
abstractable.stp.sundials-f128.N_VWrmsNormMask_Serial.q.0202.smt2	stp	b73ee371434531ff4036edb9e005cd040eec3b47
abstractable.stp.sundials-f128.N_VWrmsNormMask_Serial.q.0201.smt2	stp	0442a1358f533b2c291de9a5a0973bd72b646735
abstractable.stp.sundials-f128.N_VWrmsNormMask_Serial.q.0200.smt2	stp	8487ec95805ba671e1b702a84465007157cc4258
abstractable.stp.sundials-f128.N_VWrmsNormMask_Serial.q.0199.smt2	stp	642cd5d4957b728a3b341fa3bc9bce3971c0fff1
abstractable.stp.sundials-f128.N_VWrmsNormMask_Serial.q.0198.smt2	stp	ac2aa9cbb52ade5664b5eb2c474d6adf8037cb61
abstractable.stp.sundials-f128.N_VWrmsNormMask_Serial.q.0197.smt2	stp	bfd948128cb176b503f4824463a619c0875f6eba
abstractable.stp.sundials-f128.N_VWrmsNormMask_Serial.q.0196.smt2	stp	ddfbe91b2997d5d250ad2c91d8a3dbbd27327c55
abstractable.stp.sundials-f128.N_VWrmsNormMask_Serial.q.0195.smt2	stp	2a461f8d11eb07d5ce553937aab37b4d8bb69c39
abstractable.stp.sundials-f128.N_VWrmsNormMask_Serial.q.0194.smt2	stp	e83e6ad701370db2b953ec0ae9a3e9cc9cf69258
abstractable.stp.sundials-f128.N_VWrmsNormMask_Serial.q.0193.smt2	stp	94cea527642277857e5709c2a33c66842b3ee683
abstractable.stp.sundials-f128.N_VWrmsNormMask_Serial.q.0192.smt2	stp	ce3663ff6ef3d07aaee7b0aad1b6081a586502a5
abstractable.stp.sundials-f128.N_VWrmsNormMask_Serial.q.0191.smt2	stp	43264828a14dbc914f74a19eda617cdc0d24ad20
abstractable.stp.sundials-f128.N_VWrmsNormMask_Serial.q.0190.smt2	stp	a346170cee5c34749f5aff1e453f6501191255a3
abstractable.stp.sundials-f128.N_VWrmsNormMask_Serial.q.0189.smt2	stp	f828071301d2a66368e19104f0b71024e17c6904
abstractable.stp.sundials-f128.N_VWrmsNormMask_Serial.q.0188.smt2	stp	755d2092592b5939cce0a65998ef8d2a31bdd496
abstractable.stp.sundials-f128.N_VWrmsNormMask_Serial.q.0187.smt2	stp	bcfb0c714d510b4dc44577857dbf97ebc456767a
abstractable.stp.sundials-f128.N_VWrmsNormMask_Serial.q.0186.smt2	stp	2599808026819d9179ddb028b189eab8cd1de121
abstractable.stp.sundials-f128.N_VWrmsNormMask_Serial.q.0185.smt2	stp	7ecd870d2336ef6a65bdd73e7d4e1b426bf9eddc
abstractable.stp.sundials-f128.N_VWrmsNormMask_Serial.q.0184.smt2	stp	59632cfa98d2a3ebc2b41f0cd8dc9afd26bbdd15
abstractable.stp.sundials-f128.N_VWrmsNormMask_Serial.q.0183.smt2	stp	3587ee317bbcf81c54519371be3967a039f52c58
abstractable.stp.sundials-f128.N_VWrmsNormMask_Serial.q.0182.smt2	stp	8709b54d1e6bd34f6de98f0f5fd58832267e3638
abstractable.stp.sundials-f128.N_VWrmsNormMask_Serial.q.0181.smt2	stp	350e7aa194183e538946befe5a09dec9d27827a3
abstractable.stp.sundials-f128.N_VWrmsNormMask_Serial.q.0180.smt2	stp	53c8767359b88e8bb93248290ebb92284a8475a5
abstractable.stp.sundials-f128.N_VWrmsNormMask_Serial.q.0179.smt2	stp	a5f3f6a9a6c59637f43b05ba93001841a86448f7
abstractable.stp.sundials-f128.N_VWrmsNormMask_Serial.q.0178.smt2	stp	43ae72254c90917df56b19805b1c8d1e03e837fb
abstractable.stp.sundials-f128.N_VWrmsNormMask_Serial.q.0177.smt2	stp	2bf988b6d74b15893cea51e111bdba69b103e65f
abstractable.stp.sundials-f128.N_VWrmsNormMask_Serial.q.0176.smt2	stp	4e6f202fe76b1ef9cbe934d2cc1651294d2ff5c1
abstractable.stp.sundials-f128.N_VWrmsNormMask_Serial.q.0175.smt2	stp	113c90f2bb012d75fcbcea4dfe2625e712d5d4b7
abstractable.stp.sundials-f128.N_VWrmsNormMask_Serial.q.0174.smt2	stp	cb03e9b682ae282f5b3179c31a4e84ebd7a53231
abstractable.stp.sundials-f128.N_VWrmsNormMask_Serial.q.0173.smt2	stp	e39858971800e9f2eb367e31233eb1919cf5b0bf
abstractable.stp.sundials-f128.N_VWrmsNormMask_Serial.q.0172.smt2	stp	8a36f783bb2d05bf1ef4add23156b80719c3a34c
abstractable.stp.sundials-f128.N_VWrmsNormMask_Serial.q.0171.smt2	stp	590b6ba3c8c7a408b610f358bfc05dd5ad3173e7
abstractable.stp.sundials-f128.N_VWrmsNormMask_Serial.q.0170.smt2	stp	d4e29a3a063ff63859af755fe3b55f80c27f329b
abstractable.stp.sundials-f128.N_VWrmsNormMask_Serial.q.0169.smt2	stp	72882e4c28cd74f946927e819f02048d6c9da5cd
abstractable.stp.sundials-f128.N_VWrmsNormMask_Serial.q.0168.smt2	stp	391d17e3436dbc25883e44aa238bdd3f9527ca30
abstractable.stp.sundials-f128.N_VWrmsNormMask_Serial.q.0167.smt2	stp	578d5485b709892c249a1d07900972968451e644
abstractable.stp.sundials-f128.N_VWrmsNormMask_Serial.q.0166.smt2	stp	947ba87f3ea7fef6cb83d83b0b2f03a6768492b2
abstractable.stp.sundials-f128.N_VWrmsNormMask_Serial.q.0165.smt2	stp	0550fd1d068a98e5a1ab4e1ad7f7682616f87643
abstractable.stp.sundials-f128.N_VWrmsNormMask_Serial.q.0164.smt2	stp	bbb00578185378be89e25acb256f8565b5a30993
abstractable.stp.sundials-f128.N_VWrmsNormMask_Serial.q.0163.smt2	stp	be1e021253a4f41fed911c3000d6d66a1abb9c2b
abstractable.stp.sundials-f128.N_VWrmsNormMask_Serial.q.0162.smt2	stp	743c4357165227cb342dc12319090c18ec3da8d5
abstractable.stp.sundials-f128.N_VWrmsNormMask_Serial.q.0161.smt2	stp	7d92b087d1c52acb9280e5aeb5fc2cd0133f7302
abstractable.stp.sundials-f128.N_VWrmsNormMask_Serial.q.0160.smt2	stp	da0fcffc70e61a367728f1160dcc9fb1214aaa86
abstractable.stp.sundials-f128.N_VWrmsNormMask_Serial.q.0159.smt2	stp	73af23b80fe69ab2edb8f22a27a81fda7a41557d
abstractable.stp.sundials-f128.N_VWrmsNormMask_Serial.q.0158.smt2	stp	4b26a29ef3c3f3e664ced1bc91b15dc07553e621
abstractable.stp.sundials-f128.N_VWrmsNormMask_Serial.q.0157.smt2	stp	bce03510c41a36cc62c6f6fb8d5d741314dd10e0
abstractable.stp.sundials-f128.N_VWrmsNormMask_Serial.q.0156.smt2	stp	991f582ecc8726478119632462ec4dede32596ca
abstractable.stp.sundials-f128.N_VWrmsNormMask_Serial.q.0155.smt2	stp	0d10a9322e67168769d64e1d61c12b7b7d61961d
abstractable.stp.sundials-f128.N_VWrmsNormMask_Serial.q.0154.smt2	stp	310fe1562da1391304345490e5fcd86e6b14a338
abstractable.stp.sundials-f128.N_VWrmsNormMask_Serial.q.0153.smt2	stp	56682adca26b716929c7b0180e350e16a7933316
abstractable.stp.sundials-f128.N_VWrmsNormMask_Serial.q.0152.smt2	stp	d0bf7e97207108d06f3df1b4f2ca1859df8730a3
abstractable.stp.sundials-f128.N_VWrmsNormMask_Serial.q.0151.smt2	stp	3b076599647a765b235242cce2d73ef41c5aefc6
abstractable.stp.sundials-f128.N_VWrmsNormMask_Serial.q.0150.smt2	stp	940468412ad7c1dee8f258e9d0588bde4991dd7e
abstractable.stp.sundials-f128.N_VWrmsNormMask_Serial.q.0149.smt2	stp	45e8e3aa7d26ac83ee000b2abd9cec042e211159
abstractable.stp.sundials-f128.N_VWrmsNormMask_Serial.q.0148.smt2	stp	00c1f1bf55e8d33da66a2a35c452e78b546fb4fe
abstractable.stp.sundials-f128.N_VWrmsNormMask_Serial.q.0147.smt2	stp	6aca7f6e5c9a2b6e0d621a558c11905f24c693ce
abstractable.stp.sundials-f128.N_VConstrMask_Serial.q.0031.smt2	stp	c636062b8b0b0b92fa263d8e6bf085f22257d78a
abstractable.stp.sundials-f128.N_VConstrMask_Serial.q.0030.smt2	stp	73d61e1b28494e2727f8a693c92b96dbad99c7b2
abstractable.stp.sundials-f128.N_VConstrMask_Serial.q.0029.smt2	stp	dc67c4a489093a22d17abd2aef9719ea5288fe7a
abstractable.stp.sundials-f128.N_VConstrMask_Serial.q.0028.smt2	stp	d16eab4c1095f5fa29112fb8d4215907c964a59b
abstractable.stp.sundials-f128.N_VConstrMask_Serial.q.0027.smt2	stp	3062bb0174810e61ea2762dab74a0c69c5efce8f
abstractable.stp.sundials-f128.N_VConstrMask_Serial.q.0026.smt2	stp	5142c8d6293ced83369ea661c3aad813d9aa6217
abstractable.stp.f2clapack.qgecon_.q.0023.smt2	stp	2b7a5ed06d84482ae30d36e3106d1f3947326be8
abstractable.stp.f2clapack.qgecon_.q.0022.smt2	stp	102c87dd0b7e3e8c12a4b839cd6beb9e17890ded
abstractable.stp.f2clapack.qgecon_.q.0021.smt2	stp	08994d618a5a45a3645744c15c61b0a001902fb0
abstractable.stp.f2clapack.qgecon_.q.0020.smt2	stp	42536a0f6aba9e1e837281a04c37a369a2b29e4b
abstractable.stp.f2clapack.qgecon_.q.0019.smt2	stp	0d12fb8b88276d4b53b03f9cc85983653f8cd897
abstractable.stp.f2clapack.qgecon_.q.0018.smt2	stp	a9464eb3f752c9534e2279550ed9e986784c6a39
abstractable.stp.f2clapack.qgecon_.q.0017.smt2	stp	700425acdc792b4b7fb0eb8cca8ecd4470cb451b
abstractable.stp.f2clapack.qgecon_.q.0016.smt2	stp	3cc23d681b7d13bc0a9a1084ca63cc899dd2b5b7
abstractable.stp.f2clapack.qgecon_.q.0015.smt2	stp	68121124b3e57958442041910cec0eee81820919
abstractable.stp.f2clapack.qgecon_.q.0014.smt2	stp	013dc4c78c78e7d5897d828efdb46c47872e4bd7
abstractable.stp.f2clapack.qgels_.q.0052.smt2	stp	fb3e199d10d3b14d01204638cb4e5b6b18095687
abstractable.stp.f2clapack.qgels_.q.0049.smt2	stp	de6317f888d07ccbde956f313add8f4a998c55c8
abstractable.stp.f2clapack.qgels_.q.0048.smt2	stp	b1e0a82a63f825533d72c02210ff715b404e1e93
abstractable.stp.f2clapack.qlascl_.q.0021.smt2	stp	5fe5cdb3b3c559862be75a1d60ecd3b74345303c
abstractable.stp.f2clapack.qlascl_.q.0019.smt2	stp	22b132e35db2da45dc7275c4c426f02769973b59
abstractable.stp.f2clapack.qlascl_.q.0015.smt2	stp	ea26ca459574953497848a7708216620751247f4
abstractable.stp.f2clapack.qlascl_.q.0013.smt2	stp	1977b523d58f7e12c55408ffd102cffbd197737e
abstractable.stp.f2clapack.qgecon_.q.0022.smt2	stp	102c87dd0b7e3e8c12a4b839cd6beb9e17890ded
abstractable.stp.f2clapack.qgecon_.q.0021.smt2	stp	08994d618a5a45a3645744c15c61b0a001902fb0
abstractable.stp.f2clapack.qgecon_.q.0020.smt2	stp	42536a0f6aba9e1e837281a04c37a369a2b29e4b
abstractable.stp.f2clapack.qgecon_.q.0019.smt2	stp	0d12fb8b88276d4b53b03f9cc85983653f8cd897
abstractable.stp.f2clapack.qgecon_.q.0018.smt2	stp	a9464eb3f752c9534e2279550ed9e986784c6a39
abstractable.stp.f2clapack.qgecon_.q.0017.smt2	stp	700425acdc792b4b7fb0eb8cca8ecd4470cb451b
abstractable.stp.f2clapack.qgecon_.q.0016.smt2	stp	3cc23d681b7d13bc0a9a1084ca63cc899dd2b5b7
abstractable.stp.f2clapack.qgecon_.q.0015.smt2	stp	68121124b3e57958442041910cec0eee81820919
abstractable.stp.f2clapack.qgecon_.q.0014.smt2	stp	013dc4c78c78e7d5897d828efdb46c47872e4bd7
abstractable.stp.f2clapack.qgeqrf_.q.0011.smt2	stp	aeed20acdca5eec8b9c048697a1f4dc5421d05a8
abstractable.stp.f2clapack.qgetrf_.q.0023.smt2	stp	348c416e1a6b1316f5d93f8737193ebd39440d1e
abstractable.stp.f2clapack.qgetrf_.q.0022.smt2	stp	0352b7e718673704e1ccb5382678fede6aadfffc
abstractable.stp.f2clapack.qgetrf_.q.0021.smt2	stp	a3c110a0fef5a05c9233616d77a966a41176c2b3
abstractable.stp.f2clapack.qgetrf_.q.0020.smt2	stp	0194694fdd11ebe7a09f6adf04e24aed1f602f78
abstractable.stp.f2clapack.qgetrf_.q.0019.smt2	stp	ba2ad49fc11b4d011ee41b2c4ae77b6967ffeaf0
abstractable.stp.f2clapack.qgetrf_.q.0018.smt2	stp	6195a80fc96d1e3a286cd2bdc076a7b812aab448
abstractable.stp.f2clapack.qgetrf_.q.0017.smt2	stp	220ee257bb4822bff025dd90eb564b9f19c52f16
abstractable.stp.f2clapack.qgetrf_.q.0016.smt2	stp	49b30f5aaaed5aa5f044c875511231485cd4163f
abstractable.stp.f2clapack.qgetrf_.q.0015.smt2	stp	c00840971d197d420e4e6479b7f486af29abe335
abstractable.stp.f2clapack.qgetrf_.q.0014.smt2	stp	a8743f0071730965d4cd84bf4e94dacd158bb143
abstractable.stp.f2clapack.qgetrf_.q.0013.smt2	stp	c0a95ce1ff62079f707e2900d71d4f0392ec6d79
abstractable.stp.f2clapack.qgetrf_.q.0012.smt2	stp	fa3591ab38bf4c8f4bdfd9b5bf9ce52a73d7dea5
abstractable.stp.f2clapack.qgetrf_.q.0011.smt2	stp	c00f981764e731740c6dac70cb3c51d13baf8e02
abstractable.stp.f2clapack.qgetrf_.q.0010.smt2	stp	cf00759c49226182a935d916180e3ce972f8c54f
abstractable.stp.f2clapack.qgetrf_.q.0009.smt2	stp	f9f5421da90bdf4cbded42c6968671e8b9092c64
abstractable.stp.f2clapack.qgecon_.q.0013.smt2	stp	83300e566f980b0fc17438e0cb8552d449521fa3
abstractable.stp.f2clapack.qgecon_.q.0012.smt2	stp	a6a7cc0dd50150c08550922ef969391c9a70d9b9
abstractable.stp.f2clapack.qgecon_.q.0011.smt2	stp	121e10475fa9941613e236c6f3b149ef8f5b3ce4
abstractable.stp.f2clapack.qgecon_.q.0010.smt2	stp	6fd229cbaf6d8f3aae2c361f3d77a5cd4eeec362
abstractable.stp.f2clapack.qgecon_.q.0009.smt2	stp	bb8a744b35dcd080341535fdc512ed3167b19b9a
abstractable.stp.f2clapack.qpotrs_.q.0012.smt2	stp	97b782696842615d8abaa9658c49de5191363e1a
abstractable.stp.f2clapack.qpotrs_.q.0011.smt2	stp	b431ac7a23801df176eba3cebb6af46109778425
abstractable.stp.f2clapack.qpotrs_.q.0010.smt2	stp	dd32748ead244a21dbb974ddfa84483abe67a70d
abstractable.stp.f2clapack.qpotrs_.q.0009.smt2	stp	0e7e1fb62f134c9ce32e60227dc01407dba210f4
abstractable.stp.f2clapack.qpotrs_.q.0008.smt2	stp	ea0d5004c6551daf22c772f29b403c2b608c7a65
abstractable.stp.f2clapack.qpotrs_.q.0005.smt2	stp	5ca5a3d6ab9f79ddabe03cd7e1933c5f2c2ae34d
abstractable.stp.f2clapack.qpotrs_.q.0004.smt2	stp	1a0ed2568c463bf744fb5e2293d10b959ec11d8c
abstractable.stp.f2clapack.qpotf2_.q.0010.smt2	stp	086a8214d4e80558f2a1276bc63748bcf08b8a3b
abstractable.stp.f2clapack.qgels_.q.0162.smt2	stp	f098cd0bb469ed122c50e0fe72230c0ef61891ef
abstractable.stp.f2clapack.qgels_.q.0161.smt2	stp	0a29fa6ffee69d22f92aeb1ac2273225c43e1c9e
abstractable.stp.f2clapack.qgels_.q.0160.smt2	stp	aead523091e21ecccad655cdbd176397921b538e
abstractable.stp.f2clapack.qgetf2_.q.0024.smt2	stp	c7ab143f55ec60f2dfbabda1b04359f5816106e7
abstractable.stp.f2clapack.qgetf2_.q.0015.smt2	stp	1165959c48355fc6651060f944cd76bd723d290f
abstractable.stp.f2clapack.qgesv_.q.0023.smt2	stp	abe67dcea8ba941700216ff387c506d6d964be8e
abstractable.stp.f2clapack.qgesv_.q.0022.smt2	stp	41e53cfe91ea9b2402208b39efd6c5329427bd27
abstractable.stp.f2clapack.qgesv_.q.0021.smt2	stp	537788729d0e9700b26de8fb36d47ea9b03724e3
abstractable.stp.f2clapack.qgesv_.q.0020.smt2	stp	173fdfac4ac152808ecff7116d4121288bf68d6c
abstractable.stp.f2clapack.qgesv_.q.0019.smt2	stp	fb846d43479923da2ecb1dbaa78b8b96f7267270
abstractable.stp.f2clapack.qgesv_.q.0018.smt2	stp	a8130483276cc83b288a193df54ec2b4b8aac544
abstractable.stp.f2clapack.qgesv_.q.0017.smt2	stp	f1ed3a28d0bc433283b56a7d57520e2f4816c43c
abstractable.stp.f2clapack.qgesv_.q.0016.smt2	stp	23321aebb9da1ee63e790520d60beb74105a1093
abstractable.stp.f2clapack.qgesv_.q.0015.smt2	stp	73b8ce4aa0e9a4e3b68cf83c096b0ec26ccc17ac
abstractable.stp.f2clapack.qgesv_.q.0014.smt2	stp	a129679a956e752e4daf1258f9207952bc63d9ee
abstractable.stp.f2clapack.qgesv_.q.0013.smt2	stp	fa1ac2931f003cde12cc468666a3fb02d22936d8
abstractable.stp.f2clapack.qgesv_.q.0012.smt2	stp	b7daebe81a6fa9413132e6a5fd93363292e9b92d
abstractable.stp.f2clapack.qgesv_.q.0011.smt2	stp	88f6a5f8fc42ab1240faed597418129459e274f6
abstractable.stp.f2clapack.qgesv_.q.0009.smt2	stp	30c5aa4b2be763c8c35625c6c87fa18562328f6b
abstractable.stp.f2clapack.qgecon_.q.0013.smt2	stp	83300e566f980b0fc17438e0cb8552d449521fa3
abstractable.stp.f2clapack.qgecon_.q.0012.smt2	stp	a6a7cc0dd50150c08550922ef969391c9a70d9b9
abstractable.stp.f2clapack.qgecon_.q.0011.smt2	stp	121e10475fa9941613e236c6f3b149ef8f5b3ce4
abstractable.stp.f2clapack.qgecon_.q.0010.smt2	stp	6fd229cbaf6d8f3aae2c361f3d77a5cd4eeec362
abstractable.stp.f2clapack.qgecon_.q.0009.smt2	stp	bb8a744b35dcd080341535fdc512ed3167b19b9a
abstractable.stp.f2clapack.qgecon_.q.0008.smt2	stp	c55d040ed9cf869f4e0e83c3c66686011a72ffb6
abstractable.stp.f2clapack.qgecon_.q.0007.smt2	stp	a670e5af77c0fc41ce1810c0b3a4c177fd53e13e
abstractable.stp.f2clapack.qgecon_.q.0006.smt2	stp	cd0ed00fabc75a52ffe68965081d768c8d32c016
abstractable.stp.f2clapack.qgecon_.q.0005.smt2	stp	ce711b2ee213b92a9fa1a05c6672157d8e675259
abstractable.stp.f2clapack.qgecon_.q.0004.smt2	stp	e51875251ffb4ed6482a651bad1367a4fe9941ca
abstractable.stp.f2clapack.qlange_.q.0016.smt2	stp	a3ae52c5627daeea25115b29a54c9c19912aabd8
abstractable.stp.f2clapack.qlange_.q.0015.smt2	stp	b05f329d4c63f32a15c022e18a53f22ac29fd17b
abstractable.stp.f2clapack.qlange_.q.0014.smt2	stp	fba73ecee1c5c5582953e377dcf340f1ab56b826
abstractable.stp.f2clapack.qlange_.q.0013.smt2	stp	7a4444c2d1bc44e8bf3125a0b6b74b5b12edd647
abstractable.stp.f2clapack.qlange_.q.0012.smt2	stp	ae1e1c167ae863e375b25cf54cde865c5939f5aa
abstractable.stp.f2clapack.qlange_.q.0011.smt2	stp	e2dcfd028a12d34b99458334313c4ba29cfffe3a
abstractable.stp.f2clapack.qgels_.q.0067.smt2	stp	e6d5b58dccf27b2b649ebaa8805cf776d515cc7f
abstractable.stp.f2clapack.qgels_.q.0066.smt2	stp	5ac79d339c35470caa78daad385826367ea85b05
abstractable.stp.f2clapack.qgels_.q.0064.smt2	stp	174d5b7a5524a96d73d7bc4727ea0fb7522eb9cf
abstractable.stp.f2clapack.qgels_.q.0060.smt2	stp	9e7f9b3ab4aae331410ecc06cd1acefda98e6dec
abstractable.stp.f2clapack.qgels_.q.0059.smt2	stp	802405ea7d8cd5fed6759a4aaffde852d13644d9
abstractable.stp.f2clapack.qgels_.q.0058.smt2	stp	40fb4396dfa7f9520eb4465d57d13cc10310b4a9
abstractable.stp.f2clapack.qgels_.q.0057.smt2	stp	2b1c2452900f2fc24230d4ed92aba093a3856027
abstractable.stp.f2clapack.qgels_.q.0053.smt2	stp	a2b338141f3ead32c94b5804a5f41dd45ab590c6
abstractable.stp.f2clapack.qgels_.q.0052.smt2	stp	fb3e199d10d3b14d01204638cb4e5b6b18095687
abstractable.stp.f2clapack.qgels_.q.0049.smt2	stp	de6317f888d07ccbde956f313add8f4a998c55c8
abstractable.stp.f2clapack.qgels_.q.0048.smt2	stp	b1e0a82a63f825533d72c02210ff715b404e1e93
abstractable.stp.f2clapack.qlascl_.q.0023.smt2	stp	69299c234275bbc263f3bb3a33390dd51483d36a
abstractable.stp.f2clapack.qlascl_.q.0022.smt2	stp	8fada40ce97f94f0dc018b7ec5acadb2324eaf28
abstractable.stp.f2clapack.qlascl_.q.0021.smt2	stp	5fe5cdb3b3c559862be75a1d60ecd3b74345303c
abstractable.stp.f2clapack.qlascl_.q.0020.smt2	stp	4b2fcfa4715a5e0975d756d7b266a2cb3c20364e
abstractable.stp.f2clapack.qlascl_.q.0019.smt2	stp	22b132e35db2da45dc7275c4c426f02769973b59
abstractable.stp.f2clapack.qpotrs_.q.0002.smt2	stp	3d2a97a51fdf9344a04eb3e94a06f6bbba9b7051
abstractable.stp.f2clapack.qpotf2_.q.0009.smt2	stp	0224251b98699d7b9588e0e2ba846d2c2be33045
abstractable.stp.f2clapack.qpotf2_.q.0008.smt2	stp	340d57c3bdc79f5ca706cdcacc173c59bf8a181d
abstractable.stp.f2clapack.qpotf2_.q.0007.smt2	stp	f6cc75877f9ddbefc587f781530c5a03f15231b2
abstractable.stp.f2clapack.qpotf2_.q.0006.smt2	stp	2efc9498a6e63f8d91e2901a8a24536f13b57e73
abstractable.stp.f2clapack.qpotf2_.q.0005.smt2	stp	44b50242198a9836f8aabd0c735171cc130e9233
abstractable.stp.f2clapack.qgels_.q.0124.smt2	stp	4123e40956b839b83d2dc5ce6f7e99704a6b102f
abstractable.stp.f2clapack.qgels_.q.0123.smt2	stp	a97f65e2d82f1e7bbc5c22d08b0a571f60a1379d
abstractable.stp.f2clapack.qgels_.q.0122.smt2	stp	e7b360eb35a150ac662d39e58d73fdf5837c8b01
abstractable.stp.f2clapack.qgels_.q.0121.smt2	stp	c1c49758a488fb27a770c276de6d0eae43da23e2
abstractable.stp.f2clapack.qgels_.q.0120.smt2	stp	57c77a50a7e8e786276558bfc1e9ddeeb170fed1
abstractable.stp.f2clapack.qgels_.q.0119.smt2	stp	9f1b0570af7e5be8463468a46de346377659d1f9
abstractable.stp.f2clapack.qgels_.q.0117.smt2	stp	98a1b67577c773d66ee4d5913ffcf272f451c220
abstractable.stp.f2clapack.qgels_.q.0113.smt2	stp	79ee94602df0debdafd343a472685da74697c4e7
abstractable.stp.f2clapack.qgels_.q.0107.smt2	stp	5434b0f87dc6f1b2a99ab35211439d4938882376
abstractable.stp.f2clapack.qgels_.q.0103.smt2	stp	960a70b488501be13d3863d2a18d8258225f7def
abstractable.stp.f2clapack.qgesv_.q.0035.smt2	stp	e74664e121b87ef70a71bf643d29fa2e3dcdb271
abstractable.stp.f2clapack.qgesv_.q.0034.smt2	stp	f6c9476897c1c1ed6dccda92f4b1c93cb007ceda
abstractable.stp.f2clapack.qgesv_.q.0033.smt2	stp	d666f4991efa3c068c221f91cd1caa88b5a96572
abstractable.stp.f2clapack.qgesv_.q.0032.smt2	stp	3ab497a9cb88d5c4648058b2b34d7a1f35a8f20d
abstractable.stp.f2clapack.qgesv_.q.0031.smt2	stp	3bf844254924ef7a54aa11f3296eea4176b5d1f2
abstractable.stp.f2clapack.qgesv_.q.0030.smt2	stp	e448a15bb9f775f697a219078125c2499eeb7723
abstractable.stp.f2clapack.qgesv_.q.0029.smt2	stp	2a709a489348cc2f4980dfadc6eb8287cafeae48
abstractable.stp.f2clapack.qgesv_.q.0028.smt2	stp	92cdf730fd5545c945dc8c98c08e6ebe2e0dd3da
abstractable.stp.f2clapack.qgesv_.q.0027.smt2	stp	72a2bf0998368b963901dd6ffdd1e21654831b11
abstractable.stp.f2clapack.qgesv_.q.0026.smt2	stp	eb952abcb381eef16f166d1ec2a6a8e60de8f892
abstractable.stp.f2clapack.qgesv_.q.0025.smt2	stp	f32f08aadf98b59ad1a0f999388b7295984f80fc
abstractable.stp.f2clapack.qgesv_.q.0024.smt2	stp	73ebb906b80f7fa9ae9fadfe6cc7d834ef0bc49e
abstractable.stp.f2clapack.qgesv_.q.0023.smt2	stp	abe67dcea8ba941700216ff387c506d6d964be8e
abstractable.stp.f2clapack.qgesv_.q.0022.smt2	stp	41e53cfe91ea9b2402208b39efd6c5329427bd27
abstractable.stp.f2clapack.qgesv_.q.0021.smt2	stp	537788729d0e9700b26de8fb36d47ea9b03724e3
abstractable.stp.f2clapack.qgesv_.q.0020.smt2	stp	173fdfac4ac152808ecff7116d4121288bf68d6c
abstractable.stp.f2clapack.qgels_.q.0058.smt2	stp	40fb4396dfa7f9520eb4465d57d13cc10310b4a9
abstractable.stp.f2clapack.qgels_.q.0057.smt2	stp	2b1c2452900f2fc24230d4ed92aba093a3856027
abstractable.stp.f2clapack.qgels_.q.0053.smt2	stp	a2b338141f3ead32c94b5804a5f41dd45ab590c6
abstractable.stp.f2clapack.qgels_.q.0052.smt2	stp	fb3e199d10d3b14d01204638cb4e5b6b18095687
abstractable.stp.f2clapack.qgels_.q.0049.smt2	stp	de6317f888d07ccbde956f313add8f4a998c55c8
abstractable.stp.f2clapack.qgels_.q.0048.smt2	stp	b1e0a82a63f825533d72c02210ff715b404e1e93
abstractable.stp.f2clapack.qlascl_.q.0022.smt2	stp	8fada40ce97f94f0dc018b7ec5acadb2324eaf28
abstractable.stp.f2clapack.qlascl_.q.0021.smt2	stp	5fe5cdb3b3c559862be75a1d60ecd3b74345303c
abstractable.stp.f2clapack.qlascl_.q.0020.smt2	stp	4b2fcfa4715a5e0975d756d7b266a2cb3c20364e
abstractable.stp.f2clapack.qlascl_.q.0015.smt2	stp	ea26ca459574953497848a7708216620751247f4
abstractable.stp.f2clapack.qgecon_.q.0017.smt2	stp	700425acdc792b4b7fb0eb8cca8ecd4470cb451b
abstractable.stp.f2clapack.qgecon_.q.0016.smt2	stp	3cc23d681b7d13bc0a9a1084ca63cc899dd2b5b7
abstractable.stp.f2clapack.qgecon_.q.0015.smt2	stp	68121124b3e57958442041910cec0eee81820919
abstractable.stp.f2clapack.qgecon_.q.0014.smt2	stp	013dc4c78c78e7d5897d828efdb46c47872e4bd7
abstractable.stp.f2clapack.qgecon_.q.0013.smt2	stp	83300e566f980b0fc17438e0cb8552d449521fa3
abstractable.stp.f2clapack.qgecon_.q.0012.smt2	stp	a6a7cc0dd50150c08550922ef969391c9a70d9b9
abstractable.stp.f2clapack.qgels_.q.0075.smt2	stp	d1f3efa24c4ba6fa38f9748837c2cde3e4c0d4be
abstractable.stp.f2clapack.qgels_.q.0074.smt2	stp	65652ee14fa2dad8e6d634c970627f64963f4c6a
abstractable.stp.f2clapack.qgels_.q.0073.smt2	stp	66c7bdf2636a48a13a10725c27621cd0a9865bf2
abstractable.stp.f2clapack.qgels_.q.0072.smt2	stp	58e64755ee55a41e2c730c47b28e7910653c656c
abstractable.stp.f2clapack.qgels_.q.0071.smt2	stp	841c6e6e1326c467b2f97ee0b49b461ade0d6194
abstractable.stp.f2clapack.qgels_.q.0070.smt2	stp	180663ee85e35b290d53bca123af8794a77995a9
abstractable.stp.f2clapack.qgels_.q.0069.smt2	stp	03a19a5b88f65e31594f1fba1ab94a65b35fa570
abstractable.stp.f2clapack.qgels_.q.0068.smt2	stp	03974d06a4ef9b8f54426a979355c591631907a1
abstractable.stp.f2clapack.qgels_.q.0067.smt2	stp	e6d5b58dccf27b2b649ebaa8805cf776d515cc7f
abstractable.stp.f2clapack.qgels_.q.0066.smt2	stp	5ac79d339c35470caa78daad385826367ea85b05
abstractable.stp.f2clapack.qgels_.q.0064.smt2	stp	174d5b7a5524a96d73d7bc4727ea0fb7522eb9cf
abstractable.stp.f2clapack.qgels_.q.0060.smt2	stp	9e7f9b3ab4aae331410ecc06cd1acefda98e6dec
abstractable.stp.f2clapack.qgels_.q.0059.smt2	stp	802405ea7d8cd5fed6759a4aaffde852d13644d9
abstractable.stp.f2clapack.qgels_.q.0058.smt2	stp	40fb4396dfa7f9520eb4465d57d13cc10310b4a9
abstractable.stp.f2clapack.qgels_.q.0057.smt2	stp	2b1c2452900f2fc24230d4ed92aba093a3856027
abstractable.stp.f2clapack.qtrtrs_.q.0032.smt2	stp	8d33de0249bffb7628b39dd63d2e7974646be7f0
abstractable.stp.f2clapack.qgels_.q.0159.smt2	stp	b6317b0ec80c449727832b26d1ba1cc452118240
abstractable.stp.f2clapack.qgels_.q.0157.smt2	stp	85fd7885c69916b15f7597158c682c9308056dff
abstractable.stp.f2clapack.qgels_.q.0153.smt2	stp	7e97147c0a4ab744811ed4299adcc38660bbacf6
abstractable.stp.f2clapack.qgels_.q.0145.smt2	stp	1118f6d424d1dba2f89867720b3b688f4c4e8457
abstractable.stp.f2clapack.qgels_.q.0144.smt2	stp	9e052fb2f50f647343fc01b666d47057bd36f455
abstractable.stp.f2clapack.qgels_.q.0143.smt2	stp	4ad246f905eba7ff419271f180851df8148ea487
abstractable.stp.f2clapack.qgels_.q.0142.smt2	stp	cef42ec1b2d1355decc4d76dd2a2877eda16a52f
abstractable.stp.f2clapack.qgels_.q.0141.smt2	stp	e8d883de29efcb0c303548ee3cfbbfd6f8d8b085
abstractable.stp.f2clapack.qgels_.q.0140.smt2	stp	8610b72d4c5c4c4189983c816fabeb0deded383b
abstractable.stp.f2clapack.qgels_.q.0139.smt2	stp	16d91c82266b3f2746f440b47530c3f8bd79a645
abstractable.stp.f2clapack.qgels_.q.0137.smt2	stp	ef1945ea93a1e29cc844eaa58cb22c2feb3e303c
abstractable.stp.f2clapack.qgels_.q.0133.smt2	stp	e5ed12bf566b5df11a1ece65966213a2d4df46aa
abstractable.stp.f2clapack.qgels_.q.0127.smt2	stp	37b987a1cc82576c6073557c9fd2879cc0bb6fa5
abstractable.stp.f2clapack.qgels_.q.0125.smt2	stp	640b3106966412dd5d30d2d6d32fdb3dd0857a70
abstractable.stp.f2clapack.qgels_.q.0124.smt2	stp	4123e40956b839b83d2dc5ce6f7e99704a6b102f
abstractable.stp.f2clapack.qgels_.q.0123.smt2	stp	a97f65e2d82f1e7bbc5c22d08b0a571f60a1379d
abstractable.stp.f2clapack.qgels_.q.0101.smt2	stp	1b9b58162c281bafbdf47d43dda003d6d2a955fb
abstractable.stp.f2clapack.qgels_.q.0097.smt2	stp	94a08de175e3b9919b1ffa86e35d200299df1399
abstractable.stp.f2clapack.qgels_.q.0081.smt2	stp	70660e3d6c07a2683e8a47ae7a55a86308f051ca
abstractable.stp.f2clapack.qgels_.q.0080.smt2	stp	4b074ee311d2173eeaceff88fb02a54178576314
abstractable.stp.f2clapack.qgels_.q.0079.smt2	stp	d1af8104280f66ce52ee9c013eee42fdf6e8a093
abstractable.stp.f2clapack.qgels_.q.0078.smt2	stp	eabd83c82ddd0413ea218aede1e2641ba8787c50
abstractable.stp.f2clapack.qgels_.q.0077.smt2	stp	6f09dfee26ed08646f5d9bf42ff2e94fc63dd0a1
abstractable.stp.f2clapack.qgels_.q.0076.smt2	stp	8bb691a7961c26e78ccaf5d68472d30c5e9705a4
abstractable.stp.f2clapack.qgels_.q.0075.smt2	stp	d1f3efa24c4ba6fa38f9748837c2cde3e4c0d4be
abstractable.stp.f2clapack.qgels_.q.0074.smt2	stp	65652ee14fa2dad8e6d634c970627f64963f4c6a
abstractable.stp.f2clapack.qgels_.q.0073.smt2	stp	66c7bdf2636a48a13a10725c27621cd0a9865bf2
abstractable.stp.f2clapack.qgels_.q.0072.smt2	stp	58e64755ee55a41e2c730c47b28e7910653c656c
abstractable.stp.f2clapack.qgels_.q.0071.smt2	stp	841c6e6e1326c467b2f97ee0b49b461ade0d6194
abstractable.stp.f2clapack.qgels_.q.0070.smt2	stp	180663ee85e35b290d53bca123af8794a77995a9
abstractable.stp.f2clapack.qgels_.q.0069.smt2	stp	03a19a5b88f65e31594f1fba1ab94a65b35fa570
abstractable.stp.f2clapack.qgels_.q.0068.smt2	stp	03974d06a4ef9b8f54426a979355c591631907a1
abstractable.stp.f2clapack.qgels_.q.0122.smt2	stp	e7b360eb35a150ac662d39e58d73fdf5837c8b01
abstractable.stp.f2clapack.qgels_.q.0121.smt2	stp	c1c49758a488fb27a770c276de6d0eae43da23e2
abstractable.stp.f2clapack.qgels_.q.0120.smt2	stp	57c77a50a7e8e786276558bfc1e9ddeeb170fed1
abstractable.stp.f2clapack.qgels_.q.0119.smt2	stp	9f1b0570af7e5be8463468a46de346377659d1f9
abstractable.stp.f2clapack.qgels_.q.0117.smt2	stp	98a1b67577c773d66ee4d5913ffcf272f451c220
abstractable.stp.f2clapack.qgels_.q.0113.smt2	stp	79ee94602df0debdafd343a472685da74697c4e7
abstractable.stp.f2clapack.qgels_.q.0107.smt2	stp	5434b0f87dc6f1b2a99ab35211439d4938882376
abstractable.stp.f2clapack.qgels_.q.0103.smt2	stp	960a70b488501be13d3863d2a18d8258225f7def
abstractable.stp.f2clapack.qgels_.q.0101.smt2	stp	1b9b58162c281bafbdf47d43dda003d6d2a955fb
abstractable.stp.f2clapack.qgels_.q.0097.smt2	stp	94a08de175e3b9919b1ffa86e35d200299df1399
abstractable.stp.f2clapack.qgels_.q.0081.smt2	stp	70660e3d6c07a2683e8a47ae7a55a86308f051ca
abstractable.stp.f2clapack.qgels_.q.0080.smt2	stp	4b074ee311d2173eeaceff88fb02a54178576314
abstractable.stp.f2clapack.qgels_.q.0079.smt2	stp	d1af8104280f66ce52ee9c013eee42fdf6e8a093
abstractable.stp.f2clapack.qgels_.q.0078.smt2	stp	eabd83c82ddd0413ea218aede1e2641ba8787c50
abstractable.stp.f2clapack.qgels_.q.0077.smt2	stp	6f09dfee26ed08646f5d9bf42ff2e94fc63dd0a1
abstractable.stp.f2clapack.qgels_.q.0076.smt2	stp	8bb691a7961c26e78ccaf5d68472d30c5e9705a4
abstractable.bwz.cuba.Divonne.q00048.smt2	bwz	c8b46a08fbf76c989b1d69bd1124c6676db938e2
abstractable.bwz.cuba.Divonne.q00047.smt2	bwz	7ea9472abaa4a387fc8d3cb848ed1106a5636c66
abstractable.bwz.cuba.Divonne.q00046.smt2	bwz	6024613deaf5d500dcd993f100cb7a0daff95f7e
abstractable.bwz.cuba.Divonne.q00045.smt2	bwz	9a28ecc6da45a87a78a774a9515cb91e29108cc5
abstractable.bwz.cuba.Divonne.q00044.smt2	bwz	7dc725c227fbf2f7639b9cec63475c08b713c350
abstractable.bwz.cuba.Divonne.q00043.smt2	bwz	e51b53ac573515292f27dee551822100660d8117
abstractable.bwz.cuba.Divonne.q00042.smt2	bwz	85cf3d81aa16b3ca8a1ecf9e09c812390587d7b7
abstractable.bwz.cuba.Divonne.q00041.smt2	bwz	b8944c4daa9c2e282684e830b16339aa936214fc
abstractable.bwz.cuba.Divonne.q00040.smt2	bwz	7dc1ffdf37b8237b87c08e6d449e0f915bf9cf7e
abstractable.bwz.cuba.Divonne.q00039.smt2	bwz	f9a3c770633d40760079c4c51114541463c37253
abstractable.bwz.cuba.Divonne.q00038.smt2	bwz	463ec2de431ee35807bdf05739e2140d8f075c7a
abstractable.bwz.cuba.Divonne.q00037.smt2	bwz	223e2a946174891659e386e99f615791d62e5471
abstractable.bwz.cuba.Divonne.q00036.smt2	bwz	99414575a255151c63b407788a3db3092738230c
abstractable.bwz.cuba.Divonne.q00035.smt2	bwz	faf8bbcc0ea795a8d2a27c9c7e2a12abc157d429
abstractable.bwz.cuba.Divonne.q00034.smt2	bwz	71f95af50021b15904e61e260463768ff5bbea71
abstractable.bwz.cuba.Divonne.q00033.smt2	bwz	4cfe0d73855a05ad62f2c15ff43655eb78a9ff3d
abstractable.stp.f2clapack.qgesv_.q.0017.smt2	stp	f1ed3a28d0bc433283b56a7d57520e2f4816c43c
abstractable.stp.f2clapack.qgesv_.q.0016.smt2	stp	23321aebb9da1ee63e790520d60beb74105a1093
abstractable.stp.f2clapack.qgesv_.q.0015.smt2	stp	73b8ce4aa0e9a4e3b68cf83c096b0ec26ccc17ac
abstractable.stp.f2clapack.qgesv_.q.0014.smt2	stp	a129679a956e752e4daf1258f9207952bc63d9ee
abstractable.stp.f2clapack.qgesv_.q.0013.smt2	stp	fa1ac2931f003cde12cc468666a3fb02d22936d8
abstractable.stp.f2clapack.qgesv_.q.0012.smt2	stp	b7daebe81a6fa9413132e6a5fd93363292e9b92d
abstractable.bwz.cuba.Cuhre.q00001.smt2	bwz	1e823600c599757ce597b998e6953c724d99a6f5
abstractable.bwz.cuba.Divonne.q00057.smt2	bwz	f8303a7a180566dda5d23286d5b852ec02780f3e
abstractable.bwz.cuba.Divonne.q00056.smt2	bwz	fa25b119c9733b8049f4c23f6e5b21cf0380aec8
abstractable.bwz.cuba.Divonne.q00055.smt2	bwz	581f8afefe38d7a6dc1a32b07c8d816a8c359e4e
abstractable.bwz.cuba.Divonne.q00054.smt2	bwz	f60a7f19102493713924b56845155d2348e3ceff
abstractable.bwz.cuba.Divonne.q00053.smt2	bwz	34f6f8660b109a3b07597feba9165f56df8028ab
abstractable.bwz.cuba.Divonne.q00052.smt2	bwz	96f845e56fc0beea78ce6eb2b414e75c33fce31b
abstractable.bwz.cuba.Divonne.q00051.smt2	bwz	aa6b4cf2085279bf30e5ec31ae4f9829b40b421d
abstractable.bwz.cuba.Divonne.q00050.smt2	bwz	54aa246651705fe28a00ba402ac2387a22db897a
abstractable.bwz.cuba.Divonne.q00049.smt2	bwz	9de71def455e0f18b3a5038b2d5bc95e1d0f3c62
abstractable.bwz.cuba.Divonne.q00032.smt2	bwz	75ff8bedfc2b18401c8b8e43da5d7666568cc22b
abstractable.bwz.cuba.Divonne.q00031.smt2	bwz	8c1c869b11dab0ba9aed4c9443324c17e8fd2786
abstractable.bwz.cuba.Divonne.q00030.smt2	bwz	f59b82d263da3969283977e3560771e4a79013f5
abstractable.bwz.cuba.Divonne.q00029.smt2	bwz	e2d2f6abf7f152293f2adce5fe88439a189b4d26
abstractable.bwz.cuba.Divonne.q00028.smt2	bwz	e0892ccf0685b532afbeec52ed25975cc85c4b08
abstractable.bwz.cuba.Divonne.q00027.smt2	bwz	4fc80a006fe780a29d845d6548699ce15c0c1396
abstractable.bwz.cuba.Divonne.q00026.smt2	bwz	b35d9349c9a757cf82f9e7e9913b9ba5c39c1493
abstractable.bwz.cuba.Divonne.q00025.smt2	bwz	6e5485265739cd0f73e0a630a3a014a50767693b
abstractable.bwz.cuba.Divonne.q00024.smt2	bwz	6b83b9bfeaca99dbd29167b73e0282df80805bff
abstractable.bwz.cuba.Divonne.q00023.smt2	bwz	ef61a6ad58fe18237f7029cf92288e34f6303386
abstractable.bwz.cuba.Divonne.q00022.smt2	bwz	4dbca43727ee6a1b4c5ba7202172ab5bff6b167a
abstractable.bwz.cuba.Divonne.q00021.smt2	bwz	891d2f5e75a524982100f51adc62b482b9e3eea5
abstractable.bwz.cuba.Divonne.q00020.smt2	bwz	b897a995fe0da8f0f34847b3e556a6b14c4d50d8
abstractable.bwz.cuba.Divonne.q00019.smt2	bwz	89f5c6becd3552826f80d61308c9e06f6d880ed0
abstractable.bwz.cuba.Divonne.q00018.smt2	bwz	317e3f9ad21934f7c3b5f40f8496b1806d19ba9e
abstractable.bwz.cuba.Divonne.q00017.smt2	bwz	91e9522d464111a7bfe86a32d0f8fbf8d8f5fc7f
abstractable.bwz.cuba.Divonne.q00016.smt2	bwz	a67ee20b457ef0fdd6a4f07297f9b9788d923d59
abstractable.bwz.cuba.Divonne.q00015.smt2	bwz	30e574791e88b46614059014f952f1864332e58e
abstractable.bwz.cuba.Divonne.q00014.smt2	bwz	5c201168178ce4a8f13c910ad424006ef791b969
abstractable.bwz.cuba.Divonne.q00013.smt2	bwz	954fbfebd3a88dfc7ff132b8a04011464ca422ed
abstractable.bwz.cuba.Divonne.q00012.smt2	bwz	dadad341296501aaab04feeec54f63275ae33f1d
abstractable.bwz.cuba.Divonne.q00011.smt2	bwz	3ab4607d4b35960721c296125d41b467b135d340
abstractable.bwz.cuba.Divonne.q00010.smt2	bwz	8b27effa215eb68e6cd25849a06f08fee5030ae2
abstractable.bwz.cuba.Divonne.q00009.smt2	bwz	99ec0e21b8bc689c7dd13f02a6f5547b4c2fbc75
abstractable.bwz.cuba.Divonne.q00008.smt2	bwz	a4dcfb780cf46c7601ebbd8a4fcb004283378ad7
abstractable.bwz.cuba.Divonne.q00007.smt2	bwz	597bdeb9921b1987ee0b03e273a4f5f8c8795190
abstractable.bwz.cuba.Divonne.q00006.smt2	bwz	0072436e2b16005a32479ae3598f0fc7734ff81a
abstractable.bwz.cuba.Divonne.q00005.smt2	bwz	6562dd691a767cfd624e0bab5a54b2aa3139a1fd
abstractable.bwz.cuba.Divonne.q00004.smt2	bwz	e4f080b51fc90a15c12a976932c7e415020e0a1a
abstractable.bwz.cuba.Divonne.q00003.smt2	bwz	e901f045e85c1d8a11085793f40f495f2825bf4c
abstractable.bwz.cuba.Divonne.q00002.smt2	bwz	1dd77d390b724d9fc34f3f83b35ea087a63419a5
abstractable.bwz.cuba.Divonne.q00001.smt2	bwz	c5c247d2c319389fb88f3529b6ec2838eb3b10b3
abstractable.stp.f2clapack.qgeqr2_.q.0049.smt2	stp	e2692182d4bb8a23f80ceafe8b0e15233ac307ac
abstractable.stp.f2clapack.qgeqr2_.q.0048.smt2	stp	2d3b5522c135a23873d5b86591e9434b20535751
abstractable.stp.f2clapack.qgeqr2_.q.0047.smt2	stp	0585a5e9a55bffa2046f437241213444bec45a91
abstractable.stp.f2clapack.qgeqr2_.q.0046.smt2	stp	499a4157d6f69b6e46a357cec62af45cba2756ef
abstractable.stp.f2clapack.qgeqr2_.q.0045.smt2	stp	3cfa3218723dff3ccdec7565e27473c22e4561a2
abstractable.stp.f2clapack.qgeqr2_.q.0044.smt2	stp	6748ad288d4b6745db8edf18eebff42d8a40abba
abstractable.stp.f2clapack.qgeqr2_.q.0043.smt2	stp	2201cdf33173a5751bd43667a38d1fd6d2e1a8ca
abstractable.stp.f2clapack.qgeqr2_.q.0042.smt2	stp	ce405b0ef853dc0539c734209e168b24fab61d77
abstractable.stp.f2clapack.qgeqr2_.q.0040.smt2	stp	3190f44d3d230d60cefa4778f4e5f9aa4334092e
abstractable.stp.f2clapack.qgeqr2_.q.0039.smt2	stp	49ee5f79f976e5a478496e5f5707be201bea509b
abstractable.stp.f2clapack.qgeqr2_.q.0038.smt2	stp	9f51ad10ee1d8b3ace8581e98796bf8b2604d5d8
abstractable.stp.f2clapack.qgesv_.q.0038.smt2	stp	55e7ae085f8b88c51f42e5e7db8270da8bc7b435
abstractable.stp.f2clapack.qgesv_.q.0037.smt2	stp	cd35dfac00f6c7185361205fc04eeb966001fba4
abstractable.stp.f2clapack.qgesv_.q.0036.smt2	stp	f1695e0d889929133b0e35277aa22f9e747781bc
abstractable.stp.f2clapack.qgesv_.q.0035.smt2	stp	e74664e121b87ef70a71bf643d29fa2e3dcdb271
abstractable.stp.f2clapack.qgesv_.q.0034.smt2	stp	f6c9476897c1c1ed6dccda92f4b1c93cb007ceda
abstractable.stp.f2clapack.qpotrs_.q.0008.smt2	stp	ea0d5004c6551daf22c772f29b403c2b608c7a65
abstractable.stp.f2clapack.qpotrs_.q.0007.smt2	stp	13ce710779ca3d3b730f6680b7f3652a86d6b36c
abstractable.stp.f2clapack.qpotrs_.q.0003.smt2	stp	65cec7900c200a8314c853ddabe7d6eccf0e0721
abstractable.stp.f2clapack.qgels_.q.0122.smt2	stp	e7b360eb35a150ac662d39e58d73fdf5837c8b01
abstractable.stp.f2clapack.qgels_.q.0121.smt2	stp	c1c49758a488fb27a770c276de6d0eae43da23e2
abstractable.stp.f2clapack.qgels_.q.0120.smt2	stp	57c77a50a7e8e786276558bfc1e9ddeeb170fed1
abstractable.stp.f2clapack.qgels_.q.0119.smt2	stp	9f1b0570af7e5be8463468a46de346377659d1f9
abstractable.stp.f2clapack.qgels_.q.0117.smt2	stp	98a1b67577c773d66ee4d5913ffcf272f451c220
abstractable.stp.f2clapack.qgels_.q.0113.smt2	stp	79ee94602df0debdafd343a472685da74697c4e7
abstractable.stp.f2clapack.qgels_.q.0107.smt2	stp	5434b0f87dc6f1b2a99ab35211439d4938882376
abstractable.stp.f2clapack.qgels_.q.0103.smt2	stp	960a70b488501be13d3863d2a18d8258225f7def
abstractable.stp.f2clapack.qgels_.q.0101.smt2	stp	1b9b58162c281bafbdf47d43dda003d6d2a955fb
abstractable.stp.f2clapack.qgels_.q.0097.smt2	stp	94a08de175e3b9919b1ffa86e35d200299df1399
abstractable.stp.f2clapack.qgels_.q.0081.smt2	stp	70660e3d6c07a2683e8a47ae7a55a86308f051ca
abstractable.stp.f2clapack.qgels_.q.0080.smt2	stp	4b074ee311d2173eeaceff88fb02a54178576314
abstractable.stp.f2clapack.qgels_.q.0079.smt2	stp	d1af8104280f66ce52ee9c013eee42fdf6e8a093
abstractable.bwz.cuba.Vegas.q00034.smt2	bwz	426002ec6572e511e9c115a4471d5625d6cf478c
abstractable.bwz.cuba.Vegas.q00033.smt2	bwz	c34ad3a5ab13c5e242404727a5232efb628ffba1
abstractable.bwz.cuba.Vegas.q00032.smt2	bwz	0c0b033845ed6a8f46cd34e6330e7ca74663c3e5
abstractable.bwz.cuba.Vegas.q00031.smt2	bwz	8db1501373340531345c2f97626eba950f5cb010
abstractable.bwz.cuba.Vegas.q00030.smt2	bwz	2f85a61060834bf135147e5873c7181ca2c78c23
abstractable.bwz.cuba.Vegas.q00029.smt2	bwz	b78c1b82d6acf7aa0dccb716563d56549fc3355d
abstractable.bwz.cuba.Vegas.q00028.smt2	bwz	9091ef40946e6bbe4661a8271f26dc93156f8916
abstractable.bwz.cuba.Vegas.q00027.smt2	bwz	2636d7a57452cfc07370d87ad09def3138777fe9
abstractable.bwz.cuba.Vegas.q00026.smt2	bwz	a7d4c0a88a1806a07725d5e2d90ffd5e277bdf85
abstractable.bwz.cuba.Vegas.q00025.smt2	bwz	2020fca1da416155f0e5a7cff891dc2177b630a2
abstractable.bwz.cuba.Vegas.q00024.smt2	bwz	925fae687609498306a1f41b5b7d6559ba55d6b1
abstractable.bwz.cuba.Vegas.q00023.smt2	bwz	ea4ef9b28126dcf77a14503cb49a554153ab432c
abstractable.bwz.cuba.Vegas.q00022.smt2	bwz	ad7b53068876fe67dcbaf1d59f07095bcf965ec9
abstractable.bwz.cuba.Vegas.q00021.smt2	bwz	20ca7f5f86d3c7928a0d4038621966fef325fae9
abstractable.bwz.cuba.Vegas.q00020.smt2	bwz	d46b61cb24f1bbcf95f11568666e49bf185aa569
abstractable.bwz.cuba.Vegas.q00019.smt2	bwz	4f4f5df5e4eac56e26aa14906b068ca7f31204bd
abstractable.bwz.cuba.Vegas.q00018.smt2	bwz	3df31e007ee5dcb98124dfda1270b17ae21ebdd9
abstractable.bwz.cuba.Vegas.q00017.smt2	bwz	c35b85d3ad1d5b016c6c0f4b39aa752982b6e454
abstractable.bwz.cuba.Vegas.q00016.smt2	bwz	9a93446787fe194cca8b0fe7903dc41213b4050e
abstractable.bwz.cuba.Vegas.q00015.smt2	bwz	80647272f953cf61b391f7830ae856703ced758e
abstractable.bwz.cuba.Vegas.q00014.smt2	bwz	452810e81729cdfd3177409628a623c2e5c4c756
abstractable.bwz.cuba.Vegas.q00013.smt2	bwz	86a9f62584d79ab0a284002a268e818eec7df71b
abstractable.bwz.cuba.Vegas.q00012.smt2	bwz	ef1d3037cd94ad788ad885ea5a75ab71679f429e
abstractable.bwz.cuba.Vegas.q00011.smt2	bwz	b490eac2067cc0cb9b59d9cae9804041c7529830
abstractable.bwz.cuba.Vegas.q00010.smt2	bwz	c197633f81ff3883cecc9b24df4936f85685093f
abstractable.bwz.cuba.Vegas.q00009.smt2	bwz	638e33b0dc8d6b50c69ba6dec0bfe8f0a0e79151
abstractable.bwz.cuba.Vegas.q00008.smt2	bwz	88bbade1dccd0f59f25a1debde454af34e28d6b5
abstractable.bwz.cuba.Vegas.q00007.smt2	bwz	a630a4ade669762d5ec94f758d9fcd3a8074ebc6
abstractable.bwz.cuba.Vegas.q00006.smt2	bwz	5fc96cdf0550c94ff22a1de7121140d4f8f09d19
abstractable.bwz.cuba.Vegas.q00005.smt2	bwz	fffaa6cc541bb422634d7c087ba90eb20116dd45
abstractable.bwz.cuba.Vegas.q00004.smt2	bwz	8f50fe83d2f22cc22304294a100943b9a85ee66e
abstractable.bwz.cuba.Vegas.q00003.smt2	bwz	07998107cdda327af5f9c3900641f13d4d1776e8
abstractable.bwz.cuba.Vegas.q00002.smt2	bwz	841e3e2da2f7dfa26c70d76bb46c4d728f3f5843
abstractable.bwz.cuba.Vegas.q00001.smt2	bwz	f4537e7fad06e68c548571b40ef5f839b47c4c62
abstractable.bwz.cuba.Suave.q00001.smt2	bwz	35c48b0a8e3118044bfa6d4fc3dea11ed4bab373
abstractable.bwz.sundials-f128.N_VWrmsNormMask_Serial.q00165.smt2	bwz	e4d5e3e8a2d08cb20e346ed3cd166b88091bdc5f
abstractable.bwz.sundials-f128.N_VWrmsNormMask_Serial.q00164.smt2	bwz	b3fbcc70e7a4679f4c3bf9d3fc2630e40afc3186
abstractable.bwz.sundials-f128.N_VWrmsNormMask_Serial.q00163.smt2	bwz	50a1b2c9e03343373c013ffbb5659650b2473222
abstractable.bwz.sundials-f128.N_VWrmsNormMask_Serial.q00162.smt2	bwz	fbb394f7b0e6f26b8e1064faccfff093b42a2127
abstractable.bwz.sundials-f128.N_VWrmsNormMask_Serial.q00161.smt2	bwz	87eae9684de61b877e62608b7c2f9cb4fec14a54
abstractable.bwz.sundials-f128.N_VWrmsNormMask_Serial.q00160.smt2	bwz	e36f0848a090d2136bca64af181ee1f7b18dcd65
abstractable.bwz.sundials-f128.N_VWrmsNormMask_Serial.q00159.smt2	bwz	27571fa00d9331f411f8b2d1cba347c29dd9fe76
abstractable.bwz.sundials-f128.N_VWrmsNormMask_Serial.q00158.smt2	bwz	44ac4183875e61ed6ca34a5e128db900463b3184
abstractable.bwz.sundials-f128.N_VWrmsNormMask_Serial.q00157.smt2	bwz	a92d1ca75bd05fd63141c4be8d4953988b4ab796
abstractable.bwz.sundials-f128.N_VWrmsNormMask_Serial.q00156.smt2	bwz	d34a8ff034c4086b6beb28a8830908f9fc9b0c91
abstractable.bwz.sundials-f128.N_VWrmsNormMask_Serial.q00155.smt2	bwz	742093a2cc43ce2b1bfc5f7220445490fc969c28
abstractable.bwz.sundials-f128.N_VWrmsNormMask_Serial.q00154.smt2	bwz	fca0a15a058bfc073b83bc9d9644ab0b2f440a1f
abstractable.bwz.sundials-f128.N_VWrmsNormMask_Serial.q00153.smt2	bwz	21ffd8bdeb9fc42a4d071deeeeea63b54d74065f
abstractable.bwz.sundials-f128.N_VWrmsNormMask_Serial.q00152.smt2	bwz	eede733d343213b676548802235a09c13e12501c
abstractable.bwz.sundials-f128.N_VWrmsNormMask_Serial.q00151.smt2	bwz	b35e34b3d9992d8e160b8091ee85d5b5978c0d75
abstractable.bwz.sundials-f128.N_VWrmsNormMask_Serial.q00150.smt2	bwz	08ef5c19e5dffbbf39afa909b4b604098d238a70
abstractable.bwz.sundials-f128.N_VWrmsNormMask_Serial.q00149.smt2	bwz	8a8bd7b56271f0fff8a752f2d659cedb4a411259
abstractable.bwz.sundials-f128.N_VWrmsNormMask_Serial.q00148.smt2	bwz	69721ae14a5995c12cd9fe6698f4f41e2b443ee3
abstractable.bwz.sundials-f128.N_VWrmsNormMask_Serial.q00147.smt2	bwz	2e88cc19fa2d89b741d964e974e7635e42c8e528
abstractable.bwz.sundials-f128.N_VWrmsNormMask_Serial.q00146.smt2	bwz	919b19b99537e2228ec204e3e0283d737e64729d
abstractable.bwz.sundials-f128.N_VWrmsNormMask_Serial.q00145.smt2	bwz	c4fefec5391ab7d3bc25b0f1c78ee4289666e246
abstractable.bwz.sundials-f128.N_VWrmsNormMask_Serial.q00144.smt2	bwz	bb7826bb33fa57b0682941a896def0f064fcb765
abstractable.bwz.sundials-f128.N_VWrmsNormMask_Serial.q00143.smt2	bwz	4a646c06dae9d816d2a5cc7b18e745eac19541de
abstractable.bwz.sundials-f128.N_VWrmsNormMask_Serial.q00142.smt2	bwz	133aeb231f8fc113a0123b3deab5a88b85c8f99c
abstractable.bwz.sundials-f128.N_VWrmsNormMask_Serial.q00141.smt2	bwz	993da6251286ee59cb6e4979c3148708837dd22d
abstractable.bwz.sundials-f128.N_VWrmsNormMask_Serial.q00140.smt2	bwz	2119eedae36dd9b87e73f093ebbaae096cedc7fd
abstractable.bwz.sundials-f128.N_VWrmsNormMask_Serial.q00139.smt2	bwz	97d983a4bd6fafe0c5c75fa5168c225a83505257
abstractable.bwz.sundials-f128.N_VWrmsNormMask_Serial.q00138.smt2	bwz	8cb06a2f551d32f3e427daea5851d3418c0e1604
abstractable.bwz.sundials-f128.N_VWrmsNormMask_Serial.q00137.smt2	bwz	240fb7156f463bae7a0f1660971032621543b417
abstractable.stp.f2clapack.qgetrf_.q.0023.smt2	stp	348c416e1a6b1316f5d93f8737193ebd39440d1e
abstractable.stp.f2clapack.qgetrf_.q.0022.smt2	stp	0352b7e718673704e1ccb5382678fede6aadfffc
abstractable.stp.f2clapack.qgetrf_.q.0021.smt2	stp	a3c110a0fef5a05c9233616d77a966a41176c2b3
abstractable.stp.f2clapack.qgetrf_.q.0020.smt2	stp	0194694fdd11ebe7a09f6adf04e24aed1f602f78
abstractable.stp.f2clapack.qgetrf_.q.0019.smt2	stp	ba2ad49fc11b4d011ee41b2c4ae77b6967ffeaf0
abstractable.stp.f2clapack.qgetrf_.q.0018.smt2	stp	6195a80fc96d1e3a286cd2bdc076a7b812aab448
abstractable.stp.f2clapack.qgetrf_.q.0017.smt2	stp	220ee257bb4822bff025dd90eb564b9f19c52f16
abstractable.stp.f2clapack.qgetrf_.q.0016.smt2	stp	49b30f5aaaed5aa5f044c875511231485cd4163f
abstractable.stp.f2clapack.qgetrf_.q.0015.smt2	stp	c00840971d197d420e4e6479b7f486af29abe335
abstractable.stp.f2clapack.qgetrf_.q.0014.smt2	stp	a8743f0071730965d4cd84bf4e94dacd158bb143
abstractable.stp.f2clapack.qgetrf_.q.0013.smt2	stp	c0a95ce1ff62079f707e2900d71d4f0392ec6d79
abstractable.stp.f2clapack.qgetrf_.q.0012.smt2	stp	fa3591ab38bf4c8f4bdfd9b5bf9ce52a73d7dea5
abstractable.stp.f2clapack.qgetrf_.q.0011.smt2	stp	c00f981764e731740c6dac70cb3c51d13baf8e02
abstractable.stp.f2clapack.qgeqr2_.q.0053.smt2	stp	c724b84a4a30a10e31f5818530b1e6193a1eedeb
abstractable.stp.f2clapack.qgeqr2_.q.0051.smt2	stp	9404a40bb7291da5a31bd81426bbf8828ccbcd4c
abstractable.stp.f2clapack.qgeqr2_.q.0050.smt2	stp	456d66779782e6c40f8b64b69986f100d3dbdeaa
abstractable.bwz.sundials-f128.N_VWrmsNormMask_Serial.q00136.smt2	bwz	c101c74df8512d91467d757d199ce3da4f311000
abstractable.bwz.sundials-f128.N_VWrmsNormMask_Serial.q00135.smt2	bwz	c45ea3f830c147db7dc1eced74f41d97f38ef43a
abstractable.bwz.sundials-f128.N_VWrmsNormMask_Serial.q00134.smt2	bwz	debf8bdf83b1b73b20d56ecc8294775b5005b7e9
abstractable.bwz.sundials-f128.N_VWrmsNormMask_Serial.q00133.smt2	bwz	386cce526eb4ef048197e112ed9ccfa6379aa753
abstractable.bwz.sundials-f128.N_VWrmsNormMask_Serial.q00132.smt2	bwz	3d837d6d3bb2b88b1f51635cfc93beffc41b819e
abstractable.bwz.sundials-f128.N_VWrmsNormMask_Serial.q00131.smt2	bwz	2a77f00b312f82871d1c9a7b0bffa2773192a4c3
abstractable.bwz.sundials-f128.N_VWrmsNormMask_Serial.q00130.smt2	bwz	2d280e3e8ab7703342e2efd07c576cda5ecd7c0e
abstractable.bwz.sundials-f128.N_VWrmsNormMask_Serial.q00129.smt2	bwz	f3057b43b49ac82c6080962d4e88c4b2b5e6a926
abstractable.bwz.sundials-f128.N_VWrmsNormMask_Serial.q00128.smt2	bwz	56c4d2b012a0fe5169de1adc65b8115d839cbe8b
abstractable.bwz.sundials-f128.N_VWrmsNormMask_Serial.q00127.smt2	bwz	7d9bceb25bc4ab66b7b3f0d51523b276700ce0bb
abstractable.bwz.sundials-f128.N_VWrmsNormMask_Serial.q00126.smt2	bwz	14bd063154fd57ffde9f7fd5b1018048757a21a0
abstractable.bwz.sundials-f128.N_VWrmsNormMask_Serial.q00125.smt2	bwz	7bb34e2b9f3d0f61654bcb287fc9c14a353e6649
abstractable.bwz.sundials-f128.N_VWrmsNormMask_Serial.q00124.smt2	bwz	b88edcbbf3db16d57ad52797dc04c8e7f2427b08
abstractable.bwz.sundials-f128.N_VWrmsNormMask_Serial.q00123.smt2	bwz	d03f1d329b8159abaa39a6442439fd0642ed37bf
abstractable.bwz.sundials-f128.N_VWrmsNormMask_Serial.q00122.smt2	bwz	207a65cad7a1b89141435af447046d078393b217
abstractable.bwz.sundials-f128.N_VWrmsNormMask_Serial.q00121.smt2	bwz	72841c0e0bb2345bec8f911f2c76a01db504b9e1
abstractable.bwz.sundials-f128.N_VWrmsNormMask_Serial.q00120.smt2	bwz	de334e94ff8b5e88aa46aec9282cacfc8f7fdbcb
abstractable.bwz.sundials-f128.N_VWrmsNormMask_Serial.q00119.smt2	bwz	55b70a903b9cf408266fc4c27366d0420683322c
abstractable.bwz.sundials-f128.N_VWrmsNormMask_Serial.q00118.smt2	bwz	d1d944e7d8b16843784b6f769a27d5520b6040e8
abstractable.bwz.sundials-f128.N_VWrmsNormMask_Serial.q00117.smt2	bwz	cd672c38ab8bc074933de8f56d7068711ffe75c5
abstractable.bwz.sundials-f128.N_VWrmsNormMask_Serial.q00116.smt2	bwz	4ec16fcff8092fe9bc95410e81c53dc6fc08e97e
abstractable.bwz.sundials-f128.N_VWrmsNormMask_Serial.q00115.smt2	bwz	8c5b782861465fdc70fb9b33182dfbd86ac94f00
abstractable.bwz.sundials-f128.N_VWrmsNormMask_Serial.q00114.smt2	bwz	c0613595a64999da0f7c4dbcca4dc0a3d003aee2
abstractable.bwz.sundials-f128.N_VWrmsNormMask_Serial.q00113.smt2	bwz	6abfa284e3f0acab507363c58a42b267dddff313
abstractable.bwz.sundials-f128.N_VWrmsNormMask_Serial.q00112.smt2	bwz	f101f1a19505e68aebe2f2de519f6c7156e3b474
abstractable.bwz.sundials-f128.N_VWrmsNormMask_Serial.q00111.smt2	bwz	b180c3cf3c47cc72b771905161572555dfcfe442
abstractable.bwz.sundials-f128.N_VWrmsNormMask_Serial.q00110.smt2	bwz	277cfd0ab44861bdc1752b6cea09a4418a3a5774
abstractable.bwz.sundials-f128.N_VWrmsNormMask_Serial.q00109.smt2	bwz	1778a24d4150478aa1b9d25ec7c409d2b995ee9a
abstractable.bwz.sundials-f128.N_VWrmsNormMask_Serial.q00108.smt2	bwz	24f71a4fe6ba81976b77c8e8a0bee75b485f3cd8
abstractable.bwz.sundials-f128.N_VWrmsNormMask_Serial.q00107.smt2	bwz	adef4342c086919a8393a587b9b64fdf6589af32
abstractable.bwz.sundials-f128.N_VWrmsNormMask_Serial.q00106.smt2	bwz	ffd38a751f46df2e68ae2e392487f9775890a453
abstractable.bwz.sundials-f128.N_VWrmsNormMask_Serial.q00105.smt2	bwz	319b4d8c58a2ff875b6f1f7c07098daf79dbe3eb
abstractable.bwz.sundials-f128.N_VWrmsNormMask_Serial.q00088.smt2	bwz	ad98aaf9ca462fe51dee1cf5a3a46a75f59631cc
abstractable.bwz.sundials-f128.N_VWrmsNormMask_Serial.q00087.smt2	bwz	3c9236fdab9fbeaa3b0d788a98e4e7e1ad1b11f4
abstractable.bwz.sundials-f128.N_VWrmsNormMask_Serial.q00086.smt2	bwz	0e4bce9972933912d99df6fa50a698f431c402c1
abstractable.bwz.sundials-f128.N_VWrmsNormMask_Serial.q00085.smt2	bwz	1895bb73890a04875d6a96506b3c5fa833d0f64b
abstractable.bwz.sundials-f128.N_VWrmsNormMask_Serial.q00084.smt2	bwz	71fe360f647a165adf8e6580794351c8fb577440
abstractable.bwz.sundials-f128.N_VWrmsNormMask_Serial.q00083.smt2	bwz	ebd773a51711e9e2a9654f46566a85e71055a504
abstractable.bwz.sundials-f128.N_VWrmsNormMask_Serial.q00082.smt2	bwz	5059ae28fd23c358f3498dbae09156c421891a4b
abstractable.bwz.sundials-f128.N_VWrmsNormMask_Serial.q00081.smt2	bwz	a559682f6db73b06de859b3029ff57b183760571
abstractable.bwz.sundials-f128.N_VWrmsNormMask_Serial.q00080.smt2	bwz	761250e9b125d14f14733f13e3f9eae03fe56057
abstractable.bwz.sundials-f128.N_VWrmsNormMask_Serial.q00079.smt2	bwz	6ff7e23a212b8bb84d9591234060a3dd36aa8de7
abstractable.bwz.sundials-f128.N_VWrmsNormMask_Serial.q00078.smt2	bwz	a7f949d6c7936ce5ff291679f1fd14cfc606178a
abstractable.bwz.sundials-f128.N_VWrmsNormMask_Serial.q00077.smt2	bwz	87bab32b113374467d71f0ffaaa08b5409e5e0ce
abstractable.bwz.sundials-f128.N_VWrmsNormMask_Serial.q00076.smt2	bwz	b09fe7587813a0ddc16268770a37dfab35614dbe
abstractable.bwz.sundials-f128.N_VWrmsNormMask_Serial.q00075.smt2	bwz	5b3332977e6e51fa9f582a454fa5ba4955f5153d
abstractable.bwz.sundials-f128.N_VWrmsNormMask_Serial.q00074.smt2	bwz	994fed59e526106e2f1aa630fff7b004ef21d40f
abstractable.bwz.sundials-f128.N_VWrmsNormMask_Serial.q00073.smt2	bwz	c57d0654a8bf2b84ddcb7d4715729dd235fb0836
abstractable.bwz.sundials-f128.N_VWrmsNormMask_Serial.q00104.smt2	bwz	8b0c8a629af3f6e75f107c7b21cd2dc7ffa753f3
abstractable.bwz.sundials-f128.N_VWrmsNormMask_Serial.q00103.smt2	bwz	62412eb978c3f5ad2de98abe7f27a35ff56397c4
abstractable.bwz.sundials-f128.N_VWrmsNormMask_Serial.q00102.smt2	bwz	19b6218c47b7c6d5152c3cd5b61234a6a7baeb56
abstractable.bwz.sundials-f128.N_VWrmsNormMask_Serial.q00101.smt2	bwz	6b07ba4afdbd27974628372251721deb803bed74
abstractable.bwz.sundials-f128.N_VWrmsNormMask_Serial.q00100.smt2	bwz	77c36f2a14fbb87326b60040f96d399281ccdd22
abstractable.bwz.sundials-f128.N_VWrmsNormMask_Serial.q00099.smt2	bwz	807837067abeaaa8ea2797831780c69534089eab
abstractable.bwz.sundials-f128.N_VWrmsNormMask_Serial.q00098.smt2	bwz	7b81ba1df57a0783b963167cdbf733877704e12a
abstractable.bwz.sundials-f128.N_VWrmsNormMask_Serial.q00097.smt2	bwz	747d249357164ed18e0221b98ff907f8601fa32e
abstractable.bwz.sundials-f128.N_VWrmsNormMask_Serial.q00096.smt2	bwz	d5e87fd8a39434a1eb6359a5ca088490d90e8b77
abstractable.bwz.sundials-f128.N_VWrmsNormMask_Serial.q00095.smt2	bwz	1e523e0290b887f91b7a9cb640ec7e66423e3786
abstractable.bwz.sundials-f128.N_VWrmsNormMask_Serial.q00094.smt2	bwz	f1552dbecf979ca573bafefdd5d9e81fda2156b8
abstractable.bwz.sundials-f128.N_VWrmsNormMask_Serial.q00093.smt2	bwz	d2df7d18818d1d2255b17588fc642fa96d4ba5b6
abstractable.bwz.sundials-f128.N_VWrmsNormMask_Serial.q00092.smt2	bwz	b08890893938f46b02de2f4aee53d99632564321
abstractable.bwz.sundials-f128.N_VWrmsNormMask_Serial.q00091.smt2	bwz	f414e329e9c2e7e918f403a18ad39c7e48ce1bd4
abstractable.bwz.sundials-f128.N_VWrmsNormMask_Serial.q00090.smt2	bwz	154f3312c389260c66ab6e7aa18e091ea23cb638
abstractable.bwz.sundials-f128.N_VWrmsNormMask_Serial.q00089.smt2	bwz	0abc71dcbe8c5d34a2cd34b855be438ced564188
abstractable.bwz.sundials-f128.N_VWrmsNormMask_Serial.q00072.smt2	bwz	88ab55b577054bd8227b44ca4dcd2e0a687b9922
abstractable.bwz.sundials-f128.N_VWrmsNormMask_Serial.q00071.smt2	bwz	99f648ce3cb3fa46a2bb700d43835deabec1ce8f
abstractable.bwz.sundials-f128.N_VWrmsNormMask_Serial.q00070.smt2	bwz	93038876b565862e3b7195d121782ce954a71884
abstractable.bwz.sundials-f128.N_VWrmsNormMask_Serial.q00069.smt2	bwz	62da42cbe93af4e816e870b66018897066871868
abstractable.bwz.sundials-f128.N_VWrmsNormMask_Serial.q00068.smt2	bwz	751d1196f5bff819c9ec5562d471ed9916e4e574
abstractable.bwz.sundials-f128.N_VWrmsNormMask_Serial.q00067.smt2	bwz	61fa499ca1f7faf863b56f8a0c131d14a483ae48
abstractable.bwz.sundials-f128.N_VWrmsNormMask_Serial.q00066.smt2	bwz	298c000421bd902397eec656c59c5505c7f977c8
abstractable.bwz.sundials-f128.N_VWrmsNormMask_Serial.q00065.smt2	bwz	623f00d1b16d5a5b8ca1eaa89bd806ee8caa4ce7
abstractable.bwz.sundials-f128.N_VWrmsNormMask_Serial.q00064.smt2	bwz	79a60860f150f2f92926bb88fc4571f2a3b3ba6b
abstractable.bwz.sundials-f128.N_VWrmsNormMask_Serial.q00063.smt2	bwz	a996448d98c56658b08917690070cfd30c95260a
abstractable.bwz.sundials-f128.N_VWrmsNormMask_Serial.q00062.smt2	bwz	d7475aa81bc759b21f1708a9c9834826ea91bd55
abstractable.bwz.sundials-f128.N_VWrmsNormMask_Serial.q00061.smt2	bwz	1b1d1d1b1b3104157bde87a7e84fd966bb3d730e
abstractable.bwz.sundials-f128.N_VWrmsNormMask_Serial.q00060.smt2	bwz	726bae28c3c7473152b17eb00435307f12d1d02d
abstractable.bwz.sundials-f128.N_VWrmsNormMask_Serial.q00059.smt2	bwz	73d90b79baada725f8202df5f6910bb992abe97a
abstractable.bwz.sundials-f128.N_VWrmsNormMask_Serial.q00058.smt2	bwz	85a4c487a3f3f1ccb1c366276bc9bfef7c66d417
abstractable.bwz.sundials-f128.N_VWrmsNormMask_Serial.q00057.smt2	bwz	43780b4bec5849d0375bba0eea5677db9311fb13
abstractable.bwz.sundials-f128.N_VWrmsNormMask_Serial.q00056.smt2	bwz	57a09e5691227ee4765a0b3487bc7f343e115169
abstractable.bwz.sundials-f128.N_VWrmsNormMask_Serial.q00055.smt2	bwz	554f9566cebe17e86c90462461b5ccd65967c5bc
abstractable.bwz.sundials-f128.N_VWrmsNormMask_Serial.q00054.smt2	bwz	cd48b1643b1e50f48cdace10119b5c805a0a098e
abstractable.bwz.sundials-f128.N_VWrmsNormMask_Serial.q00053.smt2	bwz	26522974dba55d0f95a384d3dfa2871e6efd1156
abstractable.bwz.sundials-f128.N_VWrmsNormMask_Serial.q00052.smt2	bwz	6d36f6e5df859903f2c96a5c369f467f22e3ecd2
abstractable.bwz.sundials-f128.N_VWrmsNormMask_Serial.q00051.smt2	bwz	4f7cc1fa2a610d51b93c3cf6a6ac97fc05f3faec
abstractable.bwz.sundials-f128.N_VWrmsNormMask_Serial.q00050.smt2	bwz	9df95aee459bff94abe2b2174571b3abe8aaf8ec
abstractable.bwz.sundials-f128.N_VWrmsNormMask_Serial.q00049.smt2	bwz	d729e9ecc6ff148121e2fc82885fc98dabcb79d6
abstractable.bwz.sundials-f128.N_VWrmsNormMask_Serial.q00048.smt2	bwz	5981420958efd3b65113aa1a6851df7e5831305c
abstractable.bwz.sundials-f128.N_VWrmsNormMask_Serial.q00047.smt2	bwz	d98551dc46b42b154f2411b0876960235568a5aa
abstractable.bwz.sundials-f128.N_VWrmsNormMask_Serial.q00046.smt2	bwz	c3c17108a66f6f7ee0275411d6c32038513db4da
abstractable.bwz.sundials-f128.N_VWrmsNormMask_Serial.q00045.smt2	bwz	eef947bd80f35306dbbed32a9bd9369d38e71e79
abstractable.bwz.sundials-f128.N_VWrmsNormMask_Serial.q00044.smt2	bwz	64bb19754336d3422286c96e3a264aa7a91910a8
abstractable.bwz.sundials-f128.N_VWrmsNormMask_Serial.q00043.smt2	bwz	ac9ee3c6cf54f8579041dba5071e094127a61566
abstractable.bwz.sundials-f128.N_VWrmsNormMask_Serial.q00042.smt2	bwz	5ff82881614da41f5ede5009d58f06c44d6c48d8
abstractable.bwz.sundials-f128.N_VWrmsNormMask_Serial.q00041.smt2	bwz	6ef39e8e0c7301d90098932518096ec0d27f1bf7
abstractable.bwz.sundials-f128.N_VWrmsNormMask_Serial.q00040.smt2	bwz	ad4bba055ed6154be76ddaf8871a14af335ec56a
abstractable.bwz.sundials-f128.N_VWrmsNormMask_Serial.q00039.smt2	bwz	75c89a932517c4ef025d48ed96a074e1f6b3665d
abstractable.bwz.sundials-f128.N_VWrmsNormMask_Serial.q00038.smt2	bwz	6f5d9141db4c92fcc9fa38b725b4469695e3d897
abstractable.bwz.sundials-f128.N_VWrmsNormMask_Serial.q00037.smt2	bwz	390da8b2f75d716eb4872e46c819af0a99fde93b
abstractable.bwz.sundials-f128.N_VWrmsNormMask_Serial.q00036.smt2	bwz	f675a8dbcdf0ff328c6ca8864478d3e420f5eade
abstractable.bwz.sundials-f128.N_VWrmsNormMask_Serial.q00035.smt2	bwz	989180e035fc40135bbb56ba2765ef1140dc295d
abstractable.bwz.sundials-f128.N_VWrmsNormMask_Serial.q00034.smt2	bwz	7db762b232c43adbbee70172f06bf5b9b6cd1398
abstractable.bwz.sundials-f128.N_VWrmsNormMask_Serial.q00033.smt2	bwz	e47308209c556d9cca501d9fc1b9f266764060be
abstractable.bwz.sundials-f128.N_VWrmsNormMask_Serial.q00032.smt2	bwz	ce820fda4786aed802b10c4589388717346441e6
abstractable.bwz.sundials-f128.N_VWrmsNormMask_Serial.q00031.smt2	bwz	bd184872dc4ba5e991c697b0032c36ac2215bce1
abstractable.bwz.sundials-f128.N_VWrmsNormMask_Serial.q00030.smt2	bwz	9c095dd6736f498e0f822cc6959e41c517bd33bb
abstractable.bwz.sundials-f128.N_VWrmsNormMask_Serial.q00029.smt2	bwz	4c0af7d3e5498bf1a76c7041c14e330bc74bd958
abstractable.bwz.sundials-f128.N_VWrmsNormMask_Serial.q00028.smt2	bwz	102fd6c151ebc91cbefb5e454a24fc9c786d9483
abstractable.bwz.sundials-f128.N_VWrmsNormMask_Serial.q00027.smt2	bwz	8adb70bde321c91c1b7e8919b262b5b5dfb59458
abstractable.bwz.sundials-f128.N_VWrmsNormMask_Serial.q00026.smt2	bwz	37a1241bd7108cba713a8b639bdc0b6f1719eaae
abstractable.bwz.sundials-f128.N_VWrmsNormMask_Serial.q00025.smt2	bwz	4cd5b856dde8a3136d503d683bc5a7fa15a19a48
abstractable.bwz.sundials-f128.N_VWrmsNormMask_Serial.q00024.smt2	bwz	2cb556da88ff2df77a4fde81044d3da097156721
abstractable.bwz.sundials-f128.N_VWrmsNormMask_Serial.q00023.smt2	bwz	79fa41b6c339274f38f2d0b1d2e8f33ca4e04df7
abstractable.bwz.sundials-f128.N_VWrmsNormMask_Serial.q00022.smt2	bwz	125d05268df0a2a698ffad40bd643dd5793f114d
abstractable.bwz.sundials-f128.N_VWrmsNormMask_Serial.q00021.smt2	bwz	86bcc3e7714b9083152d06fd8aedd45aebf0e638
abstractable.bwz.sundials-f128.N_VWrmsNormMask_Serial.q00020.smt2	bwz	d21dc4576aef6b1c01daadf11808a83199b0613f
abstractable.bwz.sundials-f128.N_VWrmsNormMask_Serial.q00019.smt2	bwz	6ef828aa5f2b2e9657481d3cde9e474646e51f26
abstractable.bwz.sundials-f128.N_VWrmsNormMask_Serial.q00018.smt2	bwz	8054cd061c02a390eec56febf4fabfcc232b7833
abstractable.bwz.sundials-f128.N_VWrmsNormMask_Serial.q00017.smt2	bwz	11a2bd52314bc9a507783aff2ce637f0463e14d3
abstractable.bwz.sundials-f128.N_VWrmsNormMask_Serial.q00016.smt2	bwz	0359a91a04d69fdd19f79a0b6f5815baecbc5c98
abstractable.bwz.sundials-f128.N_VWrmsNormMask_Serial.q00015.smt2	bwz	592051c0bc5fa837f4966028297a656b70b3d525
abstractable.bwz.sundials-f128.N_VWrmsNormMask_Serial.q00014.smt2	bwz	626d338d95f79e349fc62de0b47b40eaa0e99f19
abstractable.bwz.sundials-f128.N_VWrmsNormMask_Serial.q00013.smt2	bwz	bcabaec3eeecdab82812768831d0f5cbf907e186
abstractable.bwz.sundials-f128.N_VWrmsNormMask_Serial.q00012.smt2	bwz	d2972a988750b99e316462b019ad3eab4daa193b
abstractable.bwz.sundials-f128.N_VWrmsNormMask_Serial.q00011.smt2	bwz	a6cb2e116bb5d44ba21089cf566afbe45ecd74e9
abstractable.bwz.sundials-f128.N_VWrmsNormMask_Serial.q00010.smt2	bwz	0e1badbeaa0da683ecd1e59dca8a509fdc268213
abstractable.bwz.sundials-f128.N_VWrmsNormMask_Serial.q00009.smt2	bwz	a692b790c7b8ed3cafde06e41c3e0fc538b95538
abstractable.bwz.f2clapack.qlascl_.q00019.smt2	bwz	54fedfa71e179cb1c1a5ecba05ef09f61f84b7ae
abstractable.bwz.f2clapack.qlascl_.q00018.smt2	bwz	1a5041a7d64f6e98e26ec383d6ccfcbb64e4c19e
abstractable.bwz.f2clapack.qlascl_.q00017.smt2	bwz	349ca083c5448d15508322de004514cd1a3d860b
abstractable.bwz.f2clapack.qlascl_.q00016.smt2	bwz	c82b5424b43980b075831bdf6a74bab9619fb95c
abstractable.bwz.f2clapack.qlascl_.q00015.smt2	bwz	9a65905b76f5e13b25fff77e9600d1333d9bc056
abstractable.bwz.f2clapack.qlascl_.q00014.smt2	bwz	e3a237821faa716840e5f85d2a706e4bce95e407
abstractable.bwz.f2clapack.qlascl_.q00013.smt2	bwz	ec354b75c4438c3b328bd3cf665133b2551b7cdb
abstractable.bwz.f2clapack.qlascl_.q00012.smt2	bwz	adc8b0912a9a40329cde652439bc38207c42b26f
abstractable.bwz.f2clapack.qlascl_.q00011.smt2	bwz	cc811a2a698eef453ea7cd699099ecd68223287b
abstractable.bwz.f2clapack.qlascl_.q00010.smt2	bwz	a4e5efeee8930ae4e3f9a8080c089dee67907a06
abstractable.bwz.f2clapack.qlascl_.q00009.smt2	bwz	dfb20385dba60009f8a9eb6adf5a9cee09d31791
abstractable.bwz.f2clapack.qlascl_.q00008.smt2	bwz	449b64c9f591c210f0ccd48840e64633cc51282c
abstractable.bwz.f2clapack.qlascl_.q00007.smt2	bwz	057d656d5c1cf7910505da6503e3292c25e7f22d
abstractable.bwz.f2clapack.qlascl_.q00006.smt2	bwz	0ef183e2f04508b1408054dd94f7fd5abd044915
abstractable.bwz.f2clapack.qlascl_.q00005.smt2	bwz	0cf835ce31f96c5ff52d5cb559cc341b81e3d24f
abstractable.bwz.f2clapack.qlascl_.q00004.smt2	bwz	903d5b95a22593ec4936aef309820e2095b29bd8
abstractable.stp.f2clapack.qgels_.q.0078.smt2	stp	eabd83c82ddd0413ea218aede1e2641ba8787c50
abstractable.stp.f2clapack.qgels_.q.0077.smt2	stp	6f09dfee26ed08646f5d9bf42ff2e94fc63dd0a1
abstractable.stp.f2clapack.qgels_.q.0076.smt2	stp	8bb691a7961c26e78ccaf5d68472d30c5e9705a4
abstractable.stp.f2clapack.qgels_.q.0075.smt2	stp	d1f3efa24c4ba6fa38f9748837c2cde3e4c0d4be
abstractable.stp.f2clapack.qgels_.q.0074.smt2	stp	65652ee14fa2dad8e6d634c970627f64963f4c6a
abstractable.stp.f2clapack.qgels_.q.0073.smt2	stp	66c7bdf2636a48a13a10725c27621cd0a9865bf2
abstractable.stp.f2clapack.qgels_.q.0072.smt2	stp	58e64755ee55a41e2c730c47b28e7910653c656c
abstractable.stp.f2clapack.qgels_.q.0071.smt2	stp	841c6e6e1326c467b2f97ee0b49b461ade0d6194
abstractable.stp.f2clapack.qgels_.q.0070.smt2	stp	180663ee85e35b290d53bca123af8794a77995a9
abstractable.stp.f2clapack.qgels_.q.0069.smt2	stp	03a19a5b88f65e31594f1fba1ab94a65b35fa570
abstractable.stp.f2clapack.qgels_.q.0068.smt2	stp	03974d06a4ef9b8f54426a979355c591631907a1
abstractable.stp.f2clapack.qgels_.q.0067.smt2	stp	e6d5b58dccf27b2b649ebaa8805cf776d515cc7f
abstractable.stp.f2clapack.qgels_.q.0066.smt2	stp	5ac79d339c35470caa78daad385826367ea85b05
abstractable.stp.f2clapack.qgels_.q.0064.smt2	stp	174d5b7a5524a96d73d7bc4727ea0fb7522eb9cf
abstractable.stp.f2clapack.qgels_.q.0060.smt2	stp	9e7f9b3ab4aae331410ecc06cd1acefda98e6dec
abstractable.stp.f2clapack.qgels_.q.0059.smt2	stp	802405ea7d8cd5fed6759a4aaffde852d13644d9
abstractable.bwz.f2clapack.qlange_.q00001.smt2	bwz	08ef16495763793a93ba02b1704cc8264a1f517e
abstractable.bwz.f2clapack.qtrtrs_.q00048.smt2	bwz	a3cedc39829fe3037df2fd1edfae374b0d8a2d38
abstractable.bwz.f2clapack.qtrtrs_.q00047.smt2	bwz	405932faf2852020cd4ba9376fef5be3b63d7002
abstractable.bwz.f2clapack.qtrtrs_.q00046.smt2	bwz	ae503e6080869525d9c23d0d6f90aae8fd4f3aa3
abstractable.bwz.f2clapack.qtrtrs_.q00045.smt2	bwz	005bfb6cc73afa9ffdba8f348c5fe9a7378d45bd
abstractable.bwz.f2clapack.qtrtrs_.q00044.smt2	bwz	537bea71ba7741426e09b109df7fb1ce02329265
abstractable.bwz.f2clapack.qtrtrs_.q00043.smt2	bwz	d41499c142c698b6305881b76132dfb3be1ce11a
abstractable.bwz.f2clapack.qtrtrs_.q00042.smt2	bwz	4a2700f97d69e4c561aea9e67f2307d091f2acfc
abstractable.bwz.f2clapack.qtrtrs_.q00041.smt2	bwz	f822aa58eae4c1bffa8e2ce7939979944f945f81
abstractable.bwz.f2clapack.qtrtrs_.q00040.smt2	bwz	e7b59f667f88d458f15bd601b50033276a09987d
abstractable.bwz.f2clapack.qtrtrs_.q00038.smt2	bwz	a6deec8c912edbe629c680144a69934de0622a4d
abstractable.bwz.f2clapack.qtrtrs_.q00037.smt2	bwz	99db74c97c3dc1199b9caa85555b19ab3914f01f
abstractable.bwz.f2clapack.qtrtrs_.q00036.smt2	bwz	40b1a3c93d2cff7d6341c832fe9f3069173e4cec
abstractable.bwz.f2clapack.qtrtrs_.q00035.smt2	bwz	5386769afced8d26f08fbcbf556cbe7136547cdc
abstractable.bwz.f2clapack.qtrtrs_.q00034.smt2	bwz	ceba045593c671e7116e6a4e56430c6cd324457e
abstractable.bwz.f2clapack.qtrtrs_.q00033.smt2	bwz	77f5116051f577e81357714bdb4f6486283c9b51
abstractable.bwz.f2clapack.qtrtrs_.q00032.smt2	bwz	ffd40bd6c47bbf4f46e4686225dbe0eeeb6d8bca
abstractable.bwz.f2clapack.qtrtrs_.q00031.smt2	bwz	cef67cfaed8f78b32feafb6b3b777f869b6384b7
abstractable.bwz.f2clapack.qtrtrs_.q00030.smt2	bwz	060dd0cc9f74d30fad5822239fa31cc272849cb5
abstractable.bwz.f2clapack.qtrtrs_.q00029.smt2	bwz	32e5b82caf190fefa37ad50892d6e3c2f720e546
abstractable.bwz.f2clapack.qtrtrs_.q00027.smt2	bwz	8ac8e0ab35df46c4573eb4d7366fef2d7c09219c
abstractable.bwz.f2clapack.qtrtrs_.q00026.smt2	bwz	ab762dccc57a727f674b557b318b588425ca694b
abstractable.bwz.f2clapack.qtrtrs_.q00025.smt2	bwz	96c26b86a73f8b64eb0c0677284abce1b68d5dac
abstractable.bwz.f2clapack.qtrtrs_.q00024.smt2	bwz	89fc2b77b1196c47b21c91ec6c149ca7562fa37e
abstractable.bwz.f2clapack.qtrtrs_.q00022.smt2	bwz	f424d5ace55c7d157d379932f59387cae96018ca
abstractable.bwz.f2clapack.qtrsm_.q00030.smt2	bwz	bd0c4f7ee80f9791f48191cf5353117e9b7a4da7
abstractable.bwz.f2clapack.qtrsm_.q00028.smt2	bwz	df5f0177bc87e83a4979ed3fd706d738f36bd498
abstractable.bwz.f2clapack.qtrsm_.q00027.smt2	bwz	b41a2b452f6f08b3b6be75b57343c515a3856d6b
abstractable.bwz.f2clapack.qtrsm_.q00026.smt2	bwz	2e46bf2b1ce38ffdd4744476f75b2d08adfc762a
abstractable.bwz.f2clapack.qtrsm_.q00025.smt2	bwz	94dd9b82d6904e6525cd19ee57b5b94894b8ee69
abstractable.bwz.f2clapack.qtrsm_.q00024.smt2	bwz	2ebfcfaa8425accd0bc070b0661a169ec848f792
abstractable.bwz.f2clapack.qtrsm_.q00023.smt2	bwz	66535cfb04040d1fa3457a829f0028b6a9617fe2
abstractable.stp.f2clapack.qgesv_.q.0033.smt2	stp	d666f4991efa3c068c221f91cd1caa88b5a96572
abstractable.stp.f2clapack.qgesv_.q.0032.smt2	stp	3ab497a9cb88d5c4648058b2b34d7a1f35a8f20d
abstractable.stp.f2clapack.qgesv_.q.0031.smt2	stp	3bf844254924ef7a54aa11f3296eea4176b5d1f2
abstractable.stp.f2clapack.qgesv_.q.0030.smt2	stp	e448a15bb9f775f697a219078125c2499eeb7723
abstractable.stp.f2clapack.qgesv_.q.0029.smt2	stp	2a709a489348cc2f4980dfadc6eb8287cafeae48
abstractable.stp.f2clapack.qgesv_.q.0028.smt2	stp	92cdf730fd5545c945dc8c98c08e6ebe2e0dd3da
abstractable.stp.f2clapack.qgesv_.q.0027.smt2	stp	72a2bf0998368b963901dd6ffdd1e21654831b11
abstractable.stp.f2clapack.qgesv_.q.0026.smt2	stp	eb952abcb381eef16f166d1ec2a6a8e60de8f892
abstractable.stp.f2clapack.qgesv_.q.0025.smt2	stp	f32f08aadf98b59ad1a0f999388b7295984f80fc
abstractable.stp.f2clapack.qgesv_.q.0024.smt2	stp	73ebb906b80f7fa9ae9fadfe6cc7d834ef0bc49e
abstractable.stp.f2clapack.qgesv_.q.0023.smt2	stp	abe67dcea8ba941700216ff387c506d6d964be8e
abstractable.stp.f2clapack.qgesv_.q.0022.smt2	stp	41e53cfe91ea9b2402208b39efd6c5329427bd27
abstractable.stp.f2clapack.qgesv_.q.0021.smt2	stp	537788729d0e9700b26de8fb36d47ea9b03724e3
abstractable.stp.f2clapack.qgesv_.q.0020.smt2	stp	173fdfac4ac152808ecff7116d4121288bf68d6c
abstractable.stp.f2clapack.qgesv_.q.0019.smt2	stp	fb846d43479923da2ecb1dbaa78b8b96f7267270
abstractable.stp.f2clapack.qgesv_.q.0018.smt2	stp	a8130483276cc83b288a193df54ec2b4b8aac544
abstractable.bwz.sundials-f128.N_VConstrMask_Serial.q00043.smt2	bwz	3d6e76ae3f977cb6f52d7baa7c04b7a1bcf72b1d
abstractable.bwz.sundials-f128.N_VConstrMask_Serial.q00042.smt2	bwz	d05173ce352d8f9effd4c21d5d517859630ecc00
abstractable.bwz.sundials-f128.N_VConstrMask_Serial.q00041.smt2	bwz	d05173ce352d8f9effd4c21d5d517859630ecc00
abstractable.bwz.sundials-f128.N_VConstrMask_Serial.q00040.smt2	bwz	c9b3847cf87384c66f0b647cfdfb1887d88c6eb7
abstractable.bwz.sundials-f128.N_VConstrMask_Serial.q00039.smt2	bwz	9001f05e90129bd3b196fd548dd91883fb290e4a
abstractable.bwz.sundials-f128.N_VConstrMask_Serial.q00038.smt2	bwz	96f961a4ef3382622058a0621812838c4f870749
abstractable.bwz.sundials-f128.N_VConstrMask_Serial.q00037.smt2	bwz	9009622bddb4e4e0fcdb355c39c71f7b8b2ab322
abstractable.bwz.sundials-f128.N_VConstrMask_Serial.q00036.smt2	bwz	9009622bddb4e4e0fcdb355c39c71f7b8b2ab322
abstractable.bwz.sundials-f128.N_VConstrMask_Serial.q00035.smt2	bwz	3d0b248f0ca473e150651407320926227c822ea3
abstractable.bwz.sundials-f128.N_VConstrMask_Serial.q00034.smt2	bwz	bb09429c120c680614da55943a7b739529c1717d
abstractable.bwz.sundials-f128.N_VConstrMask_Serial.q00033.smt2	bwz	0a9de8dc6b400e7054557458017f6b97c0a98114
abstractable.bwz.sundials-f128.N_VConstrMask_Serial.q00032.smt2	bwz	b6039376d00d0511dab1fe728b8a4c0056560362
abstractable.bwz.sundials-f128.N_VConstrMask_Serial.q00031.smt2	bwz	b6039376d00d0511dab1fe728b8a4c0056560362
abstractable.bwz.sundials-f128.N_VConstrMask_Serial.q00030.smt2	bwz	3f08b1e36fe4fbdf4566e9eb7296e6a12a2d72be
abstractable.bwz.sundials-f128.N_VConstrMask_Serial.q00029.smt2	bwz	e2569f0efab40380eb446e0b149d917cdec141e7
abstractable.bwz.sundials-f128.N_VConstrMask_Serial.q00028.smt2	bwz	d4b55a1a93060344229384cb337bc2a6c60f9a0c
abstractable.bwz.sundials-f128.N_VConstrMask_Serial.q00027.smt2	bwz	17132d4efbcf97b7298b5289a177b1292c908df4
abstractable.bwz.sundials-f128.N_VConstrMask_Serial.q00026.smt2	bwz	17132d4efbcf97b7298b5289a177b1292c908df4
abstractable.bwz.sundials-f128.N_VConstrMask_Serial.q00025.smt2	bwz	cb2868c0810871b85f3a7ac41bcc482bfffb94d4
abstractable.bwz.f2clapack.qtrsv_.q00015.smt2	bwz	cdd10000b10ac02870b3df4a165404ccf0c2dc5f
abstractable.bwz.f2clapack.qtrsv_.q00014.smt2	bwz	cbcecebdd337a000a665517625362e53b3e85fb0
abstractable.bwz.f2clapack.qtrsv_.q00013.smt2	bwz	76dd1aa5cef0a0563117354149deb876cdca173d
abstractable.bwz.f2clapack.qtrsv_.q00012.smt2	bwz	b4e78ae6b92559b8737112be3adfd9a3365ef785
abstractable.bwz.f2clapack.qtrsv_.q00011.smt2	bwz	dba7aac4c46ed3ca317676b00d47ad8a02b0249a
abstractable.bwz.f2clapack.qtrsv_.q00010.smt2	bwz	8e479cfd8b5a27e47f8d68ea986735347906453b
abstractable.bwz.f2clapack.qtrsv_.q00009.smt2	bwz	eecf1af610b24a99abb696aaf049d53e67947b92
abstractable.bwz.f2clapack.qtrsv_.q00008.smt2	bwz	b171da84c4d570f74850518ab580e5b68a56d6ef
abstractable.bwz.f2clapack.qtrsv_.q00007.smt2	bwz	71ea72e688676aa1451ebe739a58ec7a90ee994c
abstractable.bwz.f2clapack.qtrsv_.q00006.smt2	bwz	b10bd1b6b6d3a7f12095059a173db488daed700c
abstractable.bwz.f2clapack.qtrsv_.q00005.smt2	bwz	6a81308441f3efc13deeae44e2fd8f7d0f9b893a
abstractable.bwz.f2clapack.qpotrf_.q00010.smt2	bwz	af69e57932e58ef64baf01daabd51cbb0eb757b2
abstractable.bwz.f2clapack.qpotrf_.q00009.smt2	bwz	71a24cb95b1d33f62cffb19d55a0ae45efeec355
abstractable.bwz.f2clapack.qpotrf_.q00008.smt2	bwz	5dc88d2821a0d4888238bbdbd3f3620b0e44e2b1
abstractable.bwz.f2clapack.qpotrf_.q00007.smt2	bwz	5dc88d2821a0d4888238bbdbd3f3620b0e44e2b1
abstractable.bwz.f2clapack.qpotrf_.q00006.smt2	bwz	667013f8021d90fc76cb45bcd46238a750d81132
abstractable.bwz.f2clapack.qpotrf_.q00005.smt2	bwz	e0011f371ea892412fd07f4a48cd23129df08a89
abstractable.bwz.f2clapack.qpotrf_.q00004.smt2	bwz	e0011f371ea892412fd07f4a48cd23129df08a89
abstractable.bwz.f2clapack.qpotrs_.q00009.smt2	bwz	bfd6b05a793e455a389e77b5efef5b250be382f4
abstractable.bwz.f2clapack.qpotrs_.q00008.smt2	bwz	2706522afaeccbaa2a8a0cb30bc28dbd1266c3b2
abstractable.bwz.f2clapack.qpotrs_.q00007.smt2	bwz	e4afca1006fe231d18bc2fdd556d1308fa38afa9
abstractable.bwz.f2clapack.qpotrs_.q00006.smt2	bwz	738bc6c06dfae04967d8d8586e56c7a1af5ecd49
abstractable.bwz.f2clapack.qpotrs_.q00005.smt2	bwz	0e2f6143fb8a65ab6bb15c775a27e28b13c4f7df
abstractable.bwz.f2clapack.qpotrs_.q00004.smt2	bwz	3ffff9734c0c80fc6f14e7b73398470f1d40ac84
abstractable.bwz.f2clapack.qpotrs_.q00003.smt2	bwz	557a61a0b6fb8f82bc944eff3c53064ddd134ac9
abstractable.bwz.f2clapack.qpotrs_.q00002.smt2	bwz	36815078e6df9fecd7e624cc22ea186a431ebb8b
abstractable.bwz.f2clapack.qpotrs_.q00001.smt2	bwz	b217bb154ae8c1607e9aa4a042103cbba352a261
abstractable.bwz.f2clapack.qpotf2_.q00010.smt2	bwz	804b3a05fb7dd4e37e0e74edb5992157dc669f07
abstractable.bwz.f2clapack.qpotf2_.q00009.smt2	bwz	693d9f268d4ed704b20f432a5ed468a29e9873c2
abstractable.bwz.f2clapack.qgecon_.q00004.smt2	bwz	2de002ca06209cf17a3b9762febc2e6212bc9e76
abstractable.bwz.f2clapack.qgecon_.q00003.smt2	bwz	1045f08e7a8e54446b798558a3373d617059bfc2
abstractable.bwz.f2clapack.qlange_.q00015.smt2	bwz	09d2aedd0a46fe02d1ca42503f742e39b9343a7f
abstractable.bwz.f2clapack.qlange_.q00014.smt2	bwz	80d5e7395ebb33896835e0fb266ed4a77b903d78
abstractable.bwz.f2clapack.qlange_.q00013.smt2	bwz	59b47ec95531aa59b0fc5bf6b3d79ea4a0d068c6
abstractable.bwz.f2clapack.qlange_.q00012.smt2	bwz	45946bdd5a3a0127781c6def93bb6d89aae1c28a
abstractable.bwz.f2clapack.qlange_.q00011.smt2	bwz	4985f71da1a32690c411914aa3ec128abef649a7
abstractable.bwz.f2clapack.qlange_.q00010.smt2	bwz	a0b4b89aab53a528e052d74fea81bc159291b692
abstractable.bwz.f2clapack.qlange_.q00009.smt2	bwz	8e272f3d81f079e7ce94bb01a4a25a9f857b0a03
abstractable.bwz.f2clapack.qlange_.q00008.smt2	bwz	525344c00e354eb4a249790f956acb35e096600c
abstractable.bwz.f2clapack.qlange_.q00007.smt2	bwz	b3292ec8d51e36524612dcdab1d94252081f4b5b
abstractable.bwz.f2clapack.qlange_.q00006.smt2	bwz	ddcf1e26ee0744c17447cefcf2a873384c15a07f
abstractable.bwz.f2clapack.qlange_.q00005.smt2	bwz	1dea0d2e2bf50c37735b35134a038a0e0bebe0db
abstractable.bwz.f2clapack.qlange_.q00004.smt2	bwz	7ce7c3324e6446f25e760a9f2d5cd48c2d252e9d
abstractable.bwz.f2clapack.qlange_.q00003.smt2	bwz	83eb028df0258c6f08bea536ca2b4fa62bfb2efa
abstractable.bwz.f2clapack.qlange_.q00002.smt2	bwz	2650245abc1d2df88903758866fd33c497f30b5e
abstractable.bwz.f2clapack.qgecon_.q00020.smt2	bwz	b066c6a9bef8a555eb86d70012e457a61852af9f
abstractable.bwz.f2clapack.qgecon_.q00019.smt2	bwz	6d4b9da6730bfeecb0ac1ad37c4ddf0066257d29
abstractable.bwz.f2clapack.qgecon_.q00018.smt2	bwz	d446a0531a10d981cec49868541e448da092dd55
abstractable.bwz.f2clapack.qgecon_.q00017.smt2	bwz	6538c080ccbd2d324c9eea4653f089ed4891cf70
abstractable.bwz.f2clapack.qgecon_.q00016.smt2	bwz	bbe6fa4221b4489f9830ac94f2e6af770e22a289
abstractable.bwz.f2clapack.qgecon_.q00015.smt2	bwz	6e443ff76c24d48901accefe0ef1600ff6b82738
abstractable.bwz.f2clapack.qgecon_.q00014.smt2	bwz	c13f1ef0752fde25e0bee4643135d33951026d51
abstractable.bwz.f2clapack.qgecon_.q00013.smt2	bwz	d546669ccde01342dc42257edd12e62ad634d023
abstractable.bwz.f2clapack.qgecon_.q00012.smt2	bwz	f1b0ffab006af11dfb97c4a1ac5dc9ff193af941
abstractable.bwz.f2clapack.qgecon_.q00011.smt2	bwz	f1b43a84bd1584d68fe59217d056deda111cbabd
abstractable.bwz.f2clapack.qgecon_.q00010.smt2	bwz	a4cd7ee319561ff903028acadedeef1ae4e350c9
abstractable.bwz.f2clapack.qgecon_.q00009.smt2	bwz	c3cf7730ecf3946a77fc1fca2b9b645dea3a601b
abstractable.bwz.f2clapack.qgecon_.q00008.smt2	bwz	1dfac6ef29f7df2e48a0d850440a4547f5bbfb1e
abstractable.bwz.f2clapack.qgecon_.q00007.smt2	bwz	eecca6b233132c488de9d1a2a2d947d896897daf
abstractable.bwz.f2clapack.qgecon_.q00006.smt2	bwz	df63a8d23ec377c425fa7d8f2455cb394730cffa
abstractable.bwz.f2clapack.qgecon_.q00005.smt2	bwz	0b1ae73cc8f4e80fac8b11194aa4a9acf453ff5b
abstractable.bwz.f2clapack.qgesv_.q00007.smt2	bwz	ed7512f8089f5ae78ef86ee08bf7b03d3fbebd75
abstractable.bwz.f2clapack.qgesv_.q00006.smt2	bwz	dec0abf15e49917996cc625f4ba931901fad5d88
abstractable.bwz.f2clapack.qgesv_.q00005.smt2	bwz	370eb0eb2e9b644e6f0c7d8cca7bf847abfb11a8
abstractable.bwz.sundials-f128.N_VConstrMask_Serial.q00056.smt2	bwz	ba85f26595ea1d5166b1810a8ad051a1cf6363d5
abstractable.bwz.sundials-f128.N_VConstrMask_Serial.q00055.smt2	bwz	2a09a7585336e8f589aafa129dc6d122620cd56f
abstractable.bwz.sundials-f128.N_VConstrMask_Serial.q00054.smt2	bwz	7d37a575a8b40018cf369e01f52fdc08e02f3a47
abstractable.bwz.sundials-f128.N_VConstrMask_Serial.q00053.smt2	bwz	c011a93f0faf5019e165f571f19ae3814a95984c
abstractable.bwz.sundials-f128.N_VConstrMask_Serial.q00052.smt2	bwz	9e71e468f525582373dadeeb28500b3733d8e3f0
abstractable.bwz.sundials-f128.N_VConstrMask_Serial.q00051.smt2	bwz	9e71e468f525582373dadeeb28500b3733d8e3f0
abstractable.bwz.sundials-f128.N_VConstrMask_Serial.q00050.smt2	bwz	774a78f79aadc570b928ffff0bfdb320577d5ee7
abstractable.bwz.sundials-f128.N_VConstrMask_Serial.q00049.smt2	bwz	de3faeca39a798bd929e82758666c874ac190678
abstractable.bwz.sundials-f128.N_VConstrMask_Serial.q00048.smt2	bwz	a0159d2420cb39cfaacea9e2f28ab519aef87324
abstractable.bwz.sundials-f128.N_VConstrMask_Serial.q00047.smt2	bwz	27c859fbf2a5b8fbdf94fa8eb93bc80c3fb87ef3
abstractable.bwz.sundials-f128.N_VConstrMask_Serial.q00046.smt2	bwz	27c859fbf2a5b8fbdf94fa8eb93bc80c3fb87ef3
abstractable.bwz.sundials-f128.N_VConstrMask_Serial.q00045.smt2	bwz	2a4873df8f214c9e2864597062fbd446050deaaa
abstractable.bwz.sundials-f128.N_VConstrMask_Serial.q00044.smt2	bwz	fb8dfbe5a43b968e7eb7206c8bdd19d29da9b16a
abstractable.bwz.f2clapack.qpotf2_.q00008.smt2	bwz	3eabeda8c2b2cbd46b54a06b4025c141bc91eb1c
abstractable.bwz.f2clapack.qpotf2_.q00007.smt2	bwz	3eabeda8c2b2cbd46b54a06b4025c141bc91eb1c
abstractable.bwz.f2clapack.qpotf2_.q00006.smt2	bwz	cc159082f4d7795ccdd2049476efa2be8efde1c3
abstractable.bwz.f2clapack.qpotf2_.q00005.smt2	bwz	04946f3fdda3dbd599b47797952c919755575a67
abstractable.bwz.f2clapack.qpotf2_.q00004.smt2	bwz	04946f3fdda3dbd599b47797952c919755575a67
abstractable.bwz.f2clapack.qpotf2_.q00003.smt2	bwz	0a51f8416fe7ab1cdf8743833ef85474f929f423
abstractable.bwz.f2clapack.qpotf2_.q00002.smt2	bwz	54e5efe210ffaa52e89e7d173844d3022afd2d39
abstractable.bwz.f2clapack.qpotf2_.q00001.smt2	bwz	54e5efe210ffaa52e89e7d173844d3022afd2d39
abstractable.bwz.f2clapack.qgels_.q00161.smt2	bwz	ddc734d1fd16c56b7b226824bbddb4d24891cc5e
abstractable.bwz.f2clapack.qgels_.q00160.smt2	bwz	6a2868413d5b0a2c1fe4a9475e6cec3462a2aaa7
abstractable.bwz.f2clapack.qgels_.q00159.smt2	bwz	4760676d2a66a210facd2f3d7baa3369d20594a4
abstractable.bwz.f2clapack.qgels_.q00158.smt2	bwz	9f402a4fca1cea09bba49ad2e831c06e169a7eac
abstractable.bwz.f2clapack.qgels_.q00157.smt2	bwz	16c6175f5393ad9ecf29f9c1edd98663933fe188
abstractable.bwz.f2clapack.qgels_.q00156.smt2	bwz	7e187580f577be9c3853898fa8325f3fcab73e67
abstractable.bwz.f2clapack.qgels_.q00155.smt2	bwz	edd2d3f3c0a2eaa4ef6f75b215c7a433da1c96b3
abstractable.bwz.f2clapack.qgels_.q00153.smt2	bwz	b30d5128cd0ee7c54e1bac532ea4364a5a1efcb1
abstractable.bwz.f2clapack.qgels_.q00047.smt2	bwz	3d6a768d20727844c5697c17488dea5dd5329893
abstractable.bwz.f2clapack.qposv_.q00010.smt2	bwz	af69e57932e58ef64baf01daabd51cbb0eb757b2
abstractable.bwz.f2clapack.qposv_.q00009.smt2	bwz	71a24cb95b1d33f62cffb19d55a0ae45efeec355
abstractable.bwz.f2clapack.qposv_.q00008.smt2	bwz	5dc88d2821a0d4888238bbdbd3f3620b0e44e2b1
abstractable.bwz.f2clapack.qposv_.q00007.smt2	bwz	5dc88d2821a0d4888238bbdbd3f3620b0e44e2b1
abstractable.bwz.f2clapack.qposv_.q00006.smt2	bwz	667013f8021d90fc76cb45bcd46238a750d81132
abstractable.bwz.f2clapack.qposv_.q00005.smt2	bwz	e0011f371ea892412fd07f4a48cd23129df08a89
abstractable.bwz.f2clapack.qposv_.q00004.smt2	bwz	e0011f371ea892412fd07f4a48cd23129df08a89
abstractable.bwz.f2clapack.qgeqrf_.q00075.smt2	bwz	7270ac04edfac75dc085ac703a043fbb2e176126
abstractable.bwz.f2clapack.qgeqrf_.q00074.smt2	bwz	b1d11ce827e12598e1d70b99b31814994ed78adc
abstractable.bwz.f2clapack.qgeqrf_.q00073.smt2	bwz	625c5fd0a380decf7a26f7a8a684a56ee8b657f1
abstractable.bwz.f2clapack.qgeqrf_.q00072.smt2	bwz	54a9025ff68ea5178102937e877785ee512e800d
abstractable.bwz.f2clapack.qgeqrf_.q00070.smt2	bwz	d8c83910d8917d330e727b4729ec3563c6fb6847
abstractable.bwz.f2clapack.qgeqrf_.q00069.smt2	bwz	8a021d307ea8b0176dec689a3260a4690779fbb9
abstractable.bwz.f2clapack.qgeqrf_.q00067.smt2	bwz	ca7524a5bd30c64d3ccc938c515ab2dada6eb897
abstractable.bwz.f2clapack.qgeqrf_.q00066.smt2	bwz	84553eb62170f2d6f236b5e7154d8fcb2666f9b0
abstractable.bwz.f2clapack.qgeqrf_.q00065.smt2	bwz	8e4f110943abacd1467d5c542b30ed3911dfca37
abstractable.bwz.f2clapack.qgeqrf_.q00063.smt2	bwz	cd0b0d165f2fbaf4f06b72f4bf5677e44a4f7521
abstractable.bwz.f2clapack.qgeqrf_.q00062.smt2	bwz	5332b9904575764881eb5e6b24ef34fde3adffc2
abstractable.bwz.f2clapack.qgeqrf_.q00060.smt2	bwz	76104e430d01196a0bd7d08798c6bd7a96475d14
abstractable.bwz.f2clapack.qgeqrf_.q00058.smt2	bwz	a0c7b86150a394497657aae4c111eb9972af7b60
abstractable.bwz.f2clapack.qgeqrf_.q00056.smt2	bwz	94ba8809b202a89bb91365280e5e3404e78d7b35
abstractable.bwz.f2clapack.qgeqrf_.q00054.smt2	bwz	ad89bc42cb398c091869753dab2102f7ef2927eb
abstractable.bwz.f2clapack.qgeqrf_.q00053.smt2	bwz	5be9ee8c054f1bf2991e34060c77611f54c82017
abstractable.bwz.f2clapack.qgeqrf_.q00052.smt2	bwz	dff3b1703cbca11c52d48182a6bd1f6797ee24fe
abstractable.bwz.f2clapack.qgeqrf_.q00051.smt2	bwz	30de9ccf5444a74edfef4e28c5729a659e928cca
abstractable.bwz.f2clapack.qgeqrf_.q00050.smt2	bwz	f0a9603a6622bea7f4a1e1c92fdbbdbbbbdd5cf9
abstractable.bwz.f2clapack.qgeqrf_.q00049.smt2	bwz	49ca60fb6b4c056651d185bfa2fe9e7a0d2a3dcf
abstractable.bwz.f2clapack.qgeqrf_.q00048.smt2	bwz	e502bb3d8579e3557fa8fb03d9b0e2540bf11f80
abstractable.bwz.f2clapack.qgeqrf_.q00047.smt2	bwz	9edf1d9ace48834485e96720aacfdf78887cdc85
abstractable.bwz.f2clapack.qgeqrf_.q00046.smt2	bwz	ed058daac6e137fbe311977794f524b7997294aa
abstractable.bwz.f2clapack.qgeqrf_.q00044.smt2	bwz	86ed7b01511f333e49f77a24817f9a5455d511b0
abstractable.bwz.f2clapack.qgeqrf_.q00042.smt2	bwz	15ba10a0c5552b7c7996ffd49913356409246b6f
abstractable.bwz.f2clapack.qgeqrf_.q00041.smt2	bwz	9d24a8340c950238ea5e63411251bc9a7241442e
abstractable.bwz.f2clapack.qgeqrf_.q00040.smt2	bwz	7c71f80998e7261ffc80eac25065737828dda4e1
abstractable.bwz.f2clapack.qgeqrf_.q00038.smt2	bwz	c8898ebf9e292380149518f6b7d29eeb1feb183e
abstractable.bwz.f2clapack.qgeqrf_.q00036.smt2	bwz	5c0808ec51e30f82c83fba062d938a7a4cdf24fd
abstractable.bwz.f2clapack.qgeqrf_.q00034.smt2	bwz	1230f328df7dca00ab6c94597d63efcf1e3c512c
abstractable.bwz.f2clapack.qgeqrf_.q00032.smt2	bwz	e1d74e499bcd3234070de62ea8644495ccd2aee0
abstractable.bwz.f2clapack.qgeqrf_.q00031.smt2	bwz	3d51bb213bf998cc39b1b7eacc6f0812f77c4b68
abstractable.bwz.f2clapack.qgeqrf_.q00030.smt2	bwz	2e0696f539459ecd274d76f1c4fc1b14f45db2a9
abstractable.bwz.f2clapack.qgeqrf_.q00028.smt2	bwz	975ddb2182d65e132ebccfeddf3a3cae775b0041
abstractable.bwz.f2clapack.qgeqrf_.q00026.smt2	bwz	818f8fdb838f8e5ad1fdd84924fdd5716a8df9d8
abstractable.bwz.f2clapack.qgeqrf_.q00024.smt2	bwz	ee37dc8fe9a7b6991b8494fdacd2d91495f8db93
abstractable.bwz.f2clapack.qgeqrf_.q00023.smt2	bwz	730882edecf8fd52b5f08384b66d00293680317e
abstractable.bwz.f2clapack.qgeqrf_.q00021.smt2	bwz	f04c7b851ef12f8e0e6b11561c97781e8c99f5ca
abstractable.bwz.f2clapack.qgeqrf_.q00019.smt2	bwz	08ee9c18e7a1c25bb5aea4c683d12f61382ded5e
abstractable.bwz.f2clapack.qgeqrf_.q00017.smt2	bwz	527310b6dbf507c8c2490c9dfab7d72c9ec453f9
abstractable.bwz.f2clapack.qgels_.q00149.smt2	bwz	0201442b7ee2e54cb64d7b030e8b9e3a76726b44
abstractable.bwz.f2clapack.qgels_.q00141.smt2	bwz	7064465b646ed2c23688d479a6d0d95126a3d830
abstractable.bwz.f2clapack.qgels_.q00140.smt2	bwz	91439aa301c256cf68af1a36845bea17ca83c606
abstractable.bwz.f2clapack.qgels_.q00139.smt2	bwz	f4a2d4ca2d22eb9a36588d2634c1e1c6fa839cf1
abstractable.bwz.f2clapack.qgels_.q00138.smt2	bwz	be5dc4d2e42df8d8364025c9aa049b08f1303275
abstractable.bwz.f2clapack.qgels_.q00137.smt2	bwz	6982edc58bcafc0ab830b53ec0f2d516533c33c4
abstractable.bwz.f2clapack.qgels_.q00136.smt2	bwz	08c91502454958ee58ff62ced2a62d0387f6566c
abstractable.bwz.f2clapack.qgels_.q00135.smt2	bwz	f7b14915f0c455168eb8b793792c21f59569077a
abstractable.bwz.f2clapack.qgels_.q00134.smt2	bwz	66edf4486c1b43e61b5f4351396ef480111ab766
abstractable.bwz.f2clapack.qgels_.q00130.smt2	bwz	7d565e965bd8fc5aa25c275ad78363d0fb0147c3
abstractable.bwz.f2clapack.qgels_.q00124.smt2	bwz	2866b97418c631d0e4548d188e35d8d508bc4ef1
abstractable.bwz.f2clapack.qgels_.q00122.smt2	bwz	6cfa27912599b19f48c35f6dbc7544bb7d48c92c
abstractable.bwz.f2clapack.qgels_.q00121.smt2	bwz	191fd470b88927a031e32354b06fd67e11d50c7e
abstractable.bwz.f2clapack.qgels_.q00120.smt2	bwz	4e23d093c5e62bb4b484ac77577a480f21c36c0f
abstractable.bwz.f2clapack.qgels_.q00119.smt2	bwz	35433e1a7ce1ef2c9bbf1ebd0ed5fb3824f966ac
abstractable.bwz.f2clapack.qgels_.q00118.smt2	bwz	7d6602dc0a4d8923de2c80dfc0408890de235f79
abstractable.bwz.f2clapack.qgels_.q00071.smt2	bwz	339e990100c5ff63314fa323b7dfa3ef700a98b1
abstractable.bwz.f2clapack.qgels_.q00070.smt2	bwz	7401b58b0ef83854d6d64e3edadaf0228007641e
abstractable.bwz.f2clapack.qgels_.q00069.smt2	bwz	16c523b24854843c7579869db6b4cfb483a850a0
abstractable.bwz.f2clapack.qgels_.q00068.smt2	bwz	bc5348bfea9a1df87046374429367292abb8f85f
abstractable.bwz.f2clapack.qgels_.q00067.smt2	bwz	fda0c74c808cc7c5cc3213a450925455ef75ed54
abstractable.bwz.f2clapack.qgels_.q00066.smt2	bwz	3c2532d6c19d6cdb26dfaf99423bef0368fe49f8
abstractable.bwz.f2clapack.qgels_.q00065.smt2	bwz	fe5c16adb83b8ded544e94d462426963c76f3f22
abstractable.bwz.f2clapack.qgels_.q00064.smt2	bwz	363f5d184ce929484b02e051a06adfb21cd0b3f6
abstractable.bwz.f2clapack.qgels_.q00063.smt2	bwz	84ab41efa21aac0fadb95ac173fa2c0b2679b2e5
abstractable.bwz.f2clapack.qgels_.q00059.smt2	bwz	23275cc7f6eb4b41ccd92010f8d2deb5868fd364
abstractable.bwz.f2clapack.qgels_.q00058.smt2	bwz	b9417a89a921343b29c19439fda25f11240d3fc4
abstractable.bwz.f2clapack.qgels_.q00057.smt2	bwz	32cdc8cd324f980539d917e0c86bead96014a69a
abstractable.bwz.f2clapack.qgels_.q00056.smt2	bwz	fc17d2659d53b869cc6417428ae0b4a65714a782
abstractable.bwz.f2clapack.qgels_.q00052.smt2	bwz	6305c3167ff96d001091d9d79fe89212c802c224
abstractable.bwz.f2clapack.qgels_.q00051.smt2	bwz	0224e2928fbca2bc3bf645db5edf653eefce9f48
abstractable.bwz.f2clapack.qgels_.q00048.smt2	bwz	8cabe6b441bb8656aa6903a2ccc890c30c694428
abstractable.bwz.f2clapack.qgels_.q00117.smt2	bwz	914dafab43416f1291881a52c3dc42d7bfe3581b
abstractable.bwz.f2clapack.qgels_.q00116.smt2	bwz	d767123ce4c11f0bc6b61d50bcc300d63a30acd3
abstractable.bwz.f2clapack.qgels_.q00114.smt2	bwz	9b6e6eafff87fd1d38092ec91d12088b511761c8
abstractable.bwz.f2clapack.qgels_.q00110.smt2	bwz	a3da8df6a6135bdfb189dd52b244984667fa3c67
abstractable.bwz.f2clapack.qgels_.q00104.smt2	bwz	437585413277cd22025bb84b4648c1e30db4b505
abstractable.bwz.f2clapack.qgels_.q00101.smt2	bwz	d548cfde01ecefbb53df9d1ef0fc33245d61c145
abstractable.bwz.f2clapack.qgels_.q00099.smt2	bwz	48fc3e86798541a4ffa036e3ebba2dce4b26a6e6
abstractable.bwz.f2clapack.qgels_.q00095.smt2	bwz	a25de221a02d964dbef7b191881a60c81e3d8207
abstractable.bwz.f2clapack.qgels_.q00079.smt2	bwz	87730d9681f39da53b5fdde17176f89fb8be2270
abstractable.bwz.f2clapack.qgels_.q00078.smt2	bwz	d2c836eb287575f2327703d4f917c09b64eef731
abstractable.bwz.f2clapack.qgels_.q00077.smt2	bwz	1d543c812a34ffd693403f0e949656c7799094dc
abstractable.bwz.f2clapack.qgels_.q00076.smt2	bwz	bc9dc8af3f57f3320da0ff5b95b7634b56c3c4bd
abstractable.bwz.f2clapack.qgels_.q00075.smt2	bwz	8812de80eb9bcd2ee9a03b911f8bc793ada3047b
abstractable.bwz.f2clapack.qgels_.q00074.smt2	bwz	07016f281b4f9e76a087abfd886bef21686ae102
abstractable.bwz.f2clapack.qgels_.q00073.smt2	bwz	8f23f5d87f1d393e32c164700825346854e6f8e4
abstractable.bwz.f2clapack.qgels_.q00072.smt2	bwz	227a29d546102e22977d07bd0eb9d3a420bd77e7
abstractable.stp.gsl.gsl_sf_mathieu_a.q.0967.smt2	stp	856f9c89df70469ccb0e1317365ec8683dbfee2b
abstractable.stp.gsl.gsl_sf_mathieu_a.q.1009.smt2	stp	8faab773d872f4c2892ca756fcbf9accbb649c59
abstractable.stp.gsl.gsl_sf_log_1plusx_e.q.0005.smt2	stp	2649de4de0a1f5a12de8e14edb2e6d0aa15271f4
abstractable.stp.gsl.gsl_sf_lnfact.q.0006.smt2	stp	8b4d43fd85c95e4d1d6b86168abae3d2aae1b656
abstractable.stp.gsl.gsl_sf_lnfact.q.0005.smt2	stp	9afe2e6fd72d1d2ca6c20d457e793ed1b9d9f24c
abstractable.stp.gsl.gsl_sf_lnfact.q.0004.smt2	stp	cffe2f771f350b20c5a1aa6a87dc812e0b04a7fe
abstractable.stp.gsl.gsl_sf_lnfact.q.0003.smt2	stp	f7ae895d3d1b6a71e2c23ad9d2871eabc98e09e1
abstractable.stp.gsl.gsl_sf_lnchoose.q.0009.smt2	stp	ba787dfdb91aff66aed800784268f241021e50f0
abstractable.stp.gsl.gsl_sf_lnchoose.q.0008.smt2	stp	3a1d35687278c73ffa508ecdc34ab438e7a40cb7
abstractable.stp.gsl.gsl_sf_lnchoose.q.0007.smt2	stp	c778cd156e4db7c73d2d9cb2973c8f3194d20108
abstractable.stp.gsl.gsl_sf_lnchoose.q.0006.smt2	stp	16a9d2c2a4ae99c99ee558f063bd0533a6e459d5
abstractable.stp.gsl.gsl_sf_legendre_Q0_e.q.0008.smt2	stp	
abstractable.stp.gsl.gsl_sf_legendre_Q0_e.q.0007.smt2	stp	575fad42d10c9e817a9956d973519b0d91edb0ad
abstractable.stp.gsl.gsl_sf_legendre_Q0_e.q.0006.smt2	stp	
abstractable.stp.gsl.gsl_sf_legendre_Q0_e.q.0005.smt2	stp	e3633debe693fb29c5e2c2256c4e461c86c0e24a
abstractable.stp.gsl.gsl_sf_legendre_Q0_e.q.0004.smt2	stp	1d8ea83c26ad002d8c9b09027d3e172c583ed6d6
abstractable.stp.gsl.gsl_sf_legendre_Q0_e.q.0003.smt2	stp	711867953505d0d2287b6cba4302788d6ff7d1e9
abstractable.stp.gsl.gsl_sf_legendre_Q0_e.q.0008.smt2	stp	
abstractable.stp.gsl.gsl_sf_legendre_Q0_e.q.0007.smt2	stp	575fad42d10c9e817a9956d973519b0d91edb0ad
abstractable.stp.gsl.gsl_sf_legendre_Q0_e.q.0004.smt2	stp	1d8ea83c26ad002d8c9b09027d3e172c583ed6d6
abstractable.stp.gsl.gsl_sf_legendre_Q0_e.q.0008.smt2	stp	
abstractable.stp.gsl.gsl_sf_legendre_Q0_e.q.0007.smt2	stp	575fad42d10c9e817a9956d973519b0d91edb0ad
abstractable.stp.gsl.gsl_sf_legendre_Q0_e.q.0005.smt2	stp	e3633debe693fb29c5e2c2256c4e461c86c0e24a
abstractable.stp.gsl.gsl_sf_legendre_H3d_0_e.q.0007.smt2	stp	
abstractable.stp.gsl.gsl_sf_legendre_H3d_0_e.q.0006.smt2	stp	d9d3dbc10ac08ab63e0be3d5f969ed99c298b405
abstractable.stp.gsl.gsl_sf_legendre_H3d_0_e.q.0005.smt2	stp	abd5b0eb5490b6cbe0bf0c4ec3c20ff3f2e7eb87
abstractable.stp.gsl.gsl_sf_legendre_H3d_0_e.q.0006.smt2	stp	d9d3dbc10ac08ab63e0be3d5f969ed99c298b405
abstractable.stp.gsl.gsl_sf_legendre_H3d_0_e.q.0006.smt2	stp	d9d3dbc10ac08ab63e0be3d5f969ed99c298b405
abstractable.stp.gsl.gsl_sf_lambert_W0.q.0008.smt2	stp	
abstractable.stp.gsl.gsl_sf_lambert_W0.q.0007.smt2	stp	efd213e8050290f4e65e0448f16d5687f2446237
abstractable.stp.gsl.gsl_sf_lambert_W0.q.0006.smt2	stp	74f7ec5e46babced3121356370effe2ce08a38d7
abstractable.stp.gsl.gsl_sf_lambert_W0.q.0005.smt2	stp	50ee02c4a3549df63fcd1e9d70db9c699db6d8a8
abstractable.stp.gsl.gsl_sf_lambert_W0.q.0004.smt2	stp	5d93663dde85d8dfd687bbe14fd64a5bc7a1dfab
abstractable.stp.gsl.gsl_sf_lambert_W0.q.0003.smt2	stp	67a03868cd8a14ca52cd1e32ef7f936f5b1c5676
abstractable.stp.gsl.gsl_sf_lambert_W0.q.0007.smt2	stp	efd213e8050290f4e65e0448f16d5687f2446237
abstractable.stp.gsl.gsl_sf_hyperg_2F1_renorm.q.0002.smt2	stp	59ee124616a535f4cc117f6769f0c9d45aa25dbd
abstractable.stp.gsl.gsl_sf_hyperg_1F1_int.q.0018.smt2	stp	def9695f949cea9cf62c10921649817a2beeb5d8
abstractable.stp.gsl.gsl_sf_hyperg_1F1_int.q.0020.smt2	stp	4329798266739e751c5a06290c1766bdfa26456e
abstractable.stp.gsl.gsl_sf_hyperg_1F1_int.q.0022.smt2	stp	b663306b52ca8cce26c9f1768acdcb688569a5c1
abstractable.stp.gsl.gsl_sf_hyperg_1F1_int.q.0021.smt2	stp	022750c415b5f309209211f1b23207be434e20ee
abstractable.stp.gsl.gsl_sf_hyperg_1F1_int.q.0019.smt2	stp	5bfd680ce3ce1376716ef8a21e0056c7fa5fa851
abstractable.stp.gsl.gsl_sf_hyperg_1F1_int.q.0022.smt2	stp	b663306b52ca8cce26c9f1768acdcb688569a5c1
abstractable.stp.gsl.gsl_sf_hyperg_1F1_int.q.0024.smt2	stp	29069879111aae0dddc2f8ec38a2aa5531e6455b
abstractable.stp.gsl.gsl_sf_hyperg_1F1_int.q.0036.smt2	stp	d7a3195a4ae037fea088f8305585f102f1613f56
abstractable.stp.gsl.gsl_sf_hyperg_1F1_int.q.0031.smt2	stp	c9a46e526b3d4b6e779c71729633474581b1009c
abstractable.stp.gsl.gsl_sf_hyperg_1F1_int.q.0030.smt2	stp	d27117097698e45d8c3e4548422b5bfdc63591bd
abstractable.stp.gsl.gsl_sf_hyperg_1F1_int.q.0049.smt2	stp	b3c4e6bf1e2df437745a58621bc8548388bae9ce
abstractable.stp.gsl.gsl_sf_hyperg_1F1_int.q.0025.smt2	stp	7593ebd891ff8cf0ffb95197326a4ae5f33274ab
abstractable.stp.gsl.gsl_sf_mathieu_a.q.0293.smt2	stp	d5474192c96dc2a0afbc768db7b26e9cfc8c7a04
abstractable.stp.gsl.gsl_sf_mathieu_a.q.0335.smt2	stp	e23afa02887adab1dd7c2b036c80b81039e2c241
abstractable.stp.gsl.gsl_sf_mathieu_a.q.0378.smt2	stp	5d00357b19e486f234705a6a7016d3941f92b13a
abstractable.stp.gsl.gsl_sf_mathieu_a.q.0420.smt2	stp	1d1fdb86d2dd12b944728e08ab2f55ce11ab623a
abstractable.stp.gsl.gsl_sf_mathieu_a.q.0462.smt2	stp	37865fe245e39006c4bc9c77dc66a6a6a3eff290
abstractable.stp.gsl.gsl_sf_mathieu_a.q.0504.smt2	stp	b09ddfe0b474d01693b360a44350b72dd6da9b3d
abstractable.stp.gsl.gsl_sf_mathieu_a.q.0546.smt2	stp	818926e5866f31fc3199a1b86fa1dd54772ba496
abstractable.stp.gsl.gsl_sf_mathieu_a.q.0588.smt2	stp	40632c5dd9c66344be197c4cdf71bbdd34a223de
abstractable.stp.gsl.gsl_sf_mathieu_a.q.0630.smt2	stp	ed21fd5cca43d11c15df0cf959a146dfc127a7bc
abstractable.stp.gsl.gsl_sf_mathieu_a.q.0672.smt2	stp	52b4300d27f625543dc936ae403b9d7c539989c3
abstractable.stp.gsl.gsl_sf_mathieu_a.q.0715.smt2	stp	02b310339f207095daad0403a880b3822190311b
abstractable.stp.gsl.gsl_sf_mathieu_a.q.0757.smt2	stp	fab0455330a79f953c323f3b78154cc3e95a21a8
abstractable.stp.gsl.gsl_sf_mathieu_a.q.0799.smt2	stp	b4c812f286948e141ffa6deb675197f448ccda71
abstractable.stp.gsl.gsl_sf_mathieu_a.q.0841.smt2	stp	5cc1797763f57c271131b267ad5cf16c2a8738cc
abstractable.stp.gsl.gsl_sf_mathieu_a.q.0883.smt2	stp	678ee3a0098e78b3e27a5afed40a379f7188f0a1
abstractable.stp.gsl.gsl_sf_mathieu_a.q.0925.smt2	stp	461eeba11ba5c54067dd2fc502ca68548c77047c
abstractable.stp.gsl.gsl_sf_hyperg_1F1_int.q.0035.smt2	stp	ad15a2bbb3a423b49c2a3c2e0938268df833108a
abstractable.stp.gsl.gsl_sf_hyperg_1F1_int.q.0038.smt2	stp	cf3e1fed77a668da7d3a88fec3ec207516b9d100
abstractable.stp.gsl.gsl_sf_hyperg_1F1_int.q.0040.smt2	stp	ab22e80727831307b2985275aa513c6db4dbf75c
abstractable.stp.gsl.gsl_sf_hyperg_1F1_int.q.0044.smt2	stp	9b7328476c162af49c2fb2b10489fbb041dd3c0e
abstractable.stp.gsl.gsl_sf_hyperg_1F1_int.q.0042.smt2	stp	5680f7f27e9fc629e43b6a9e6c6972ca7e4a7a6f
abstractable.stp.gsl.gsl_sf_hyperg_1F1_int.q.0040.smt2	stp	ab22e80727831307b2985275aa513c6db4dbf75c
abstractable.stp.gsl.gsl_sf_hyperg_1F1_int.q.0047.smt2	stp	45690dfc7f853c2babcc0bd4e5e0e3c2cdfa70d3
abstractable.stp.gsl.gsl_sf_hyperg_1F1_int.q.0027.smt2	stp	d1706d34465213aca87108c27940bc6cad47ddfd
abstractable.stp.gsl.gsl_sf_hyperg_1F1_int.q.0026.smt2	stp	e24f90f1e1d8544c8c63f47fc33923ef2784fce0
abstractable.stp.gsl.gsl_sf_hyperg_1F1_int.q.0045.smt2	stp	3acb1b5d7c3335ac730f9c97755605a608be65c3
abstractable.stp.gsl.gsl_sf_hyperg_1F1_int.q.0032.smt2	stp	e79fc41abb2e376d704ab14a17459fce940b4c0a
abstractable.stp.gsl.gsl_sf_hyperg_1F1_int.q.0047.smt2	stp	45690dfc7f853c2babcc0bd4e5e0e3c2cdfa70d3
abstractable.stp.gsl.gsl_sf_hyperg_1F1_int.q.0052.smt2	stp	98cf6cdc2f7189f0a2fded73c24c1785d485e311
abstractable.stp.gsl.gsl_sf_hermite_zero.q.0017.smt2	stp	96c97dfe6393f3bbed56bdad748019085fdc20b8
abstractable.stp.gsl.gsl_sf_hermite_zero.q.0016.smt2	stp	b7d6a7750a31e50652e96340e9e899e9f5104968
abstractable.stp.gsl.gsl_sf_hermite_zero.q.0011.smt2	stp	56cbcae5e9035e4d75affc343a4fd6905ecbe902
abstractable.stp.gsl.gsl_sf_hermite_prob_deriv_array.q.1015.smt2	stp	28dcfbebf5229bcf07dcf3ea63fa68e936fd8934
abstractable.stp.gsl.gsl_sf_hermite_prob_deriv_array.q.1014.smt2	stp	6f7f74b0547ef8ca9a1ad06651bed4c03c7ac1dd
abstractable.stp.gsl.gsl_sf_hermite_prob_deriv_array.q.0035.smt2	stp	3e6abe247fb52d32ae8e015c28e510577d3cfbe8
abstractable.stp.gsl.gsl_sf_hermite_prob_deriv_array.q.0034.smt2	stp	1967b716f9deb43bafc4dd2317543a6e06ad161a
abstractable.stp.gsl.gsl_sf_hermite_prob_deriv_array.q.0031.smt2	stp	2a7b3cd64c42dce246626d9163cfb429eea46e6f
abstractable.stp.gsl.gsl_sf_hermite_prob_deriv_array.q.0030.smt2	stp	40c62e4fdb15537374ffd82ab425a09df07af83e
abstractable.stp.gsl.gsl_sf_hermite_prob_deriv_array.q.0028.smt2	stp	b04ecc1f6dbb4d9c6ba88a4e9bdbaa9db4a2d785
abstractable.stp.gsl.gsl_sf_hermite_prob_deriv_array.q.0027.smt2	stp	7af7663d83b728a107ccc864b1d4342537a33add
abstractable.stp.gsl.gsl_sf_hermite_prob_deriv_array.q.0025.smt2	stp	d60ef99080cadebf3cd2cfad349273624cbe792a
abstractable.stp.gsl.gsl_sf_hermite_prob_deriv_array.q.0024.smt2	stp	e1ca6fd2b1b0e83adcfce34d337b5ac67ea3d1ca
abstractable.stp.gsl.gsl_sf_hermite_prob_deriv_array.q.0022.smt2	stp	16fb6e3613d07532fef1e7b4f1a423ccea03a213
abstractable.stp.gsl.gsl_sf_hermite_prob_deriv_array.q.0021.smt2	stp	48de5dcd145a25e666476855d1dbb7396bc2c450
abstractable.stp.gsl.gsl_sf_hermite_prob_deriv_array.q.0018.smt2	stp	cb650ed66ee6e961d17084faac8eab0d077f7f9a
abstractable.stp.gsl.gsl_sf_hermite_prob_deriv_array.q.1015.smt2	stp	28dcfbebf5229bcf07dcf3ea63fa68e936fd8934
abstractable.stp.gsl.gsl_sf_hermite_prob_deriv_array.q.1014.smt2	stp	6f7f74b0547ef8ca9a1ad06651bed4c03c7ac1dd
abstractable.stp.gsl.gsl_sf_hermite_prob_deriv_array.q.0035.smt2	stp	3e6abe247fb52d32ae8e015c28e510577d3cfbe8
abstractable.stp.gsl.gsl_sf_hermite_prob_deriv_array.q.1015.smt2	stp	28dcfbebf5229bcf07dcf3ea63fa68e936fd8934
abstractable.stp.gsl.gsl_sf_conicalP_cyl_reg.q.0010.smt2	stp	c770b8a3298846e771d7048b204297e4a9767c1f
abstractable.stp.gsl.gsl_sf_conicalP_cyl_reg.q.0027.smt2	stp	5f7d7b8ed41f24c3eb47a7882f268b189d3aad1c
abstractable.stp.gsl.gsl_sf_conicalP_cyl_reg.q.0026.smt2	stp	dd9e11a3f9c5f5492014ad7a8478e8f3eae634c9
abstractable.stp.gsl.gsl_sf_conicalP_cyl_reg.q.0025.smt2	stp	79eaf2f9f6d4bc1c87f1a60fce59c234f0b61eac
abstractable.stp.gsl.gsl_sf_conicalP_cyl_reg.q.0024.smt2	stp	c399be77d2a22f7dd9a5868d1b1cfc6ff32b80f8
abstractable.stp.gsl.gsl_sf_conicalP_cyl_reg.q.0023.smt2	stp	66b1dc9bf06dd504c283222ef0bc7cafdafc545d
abstractable.stp.gsl.gsl_sf_conicalP_cyl_reg.q.0022.smt2	stp	1a5ad57a566025a3a5a8810b37a92580b80613e1
abstractable.stp.gsl.gsl_sf_conicalP_cyl_reg.q.0021.smt2	stp	b8b740f4739523f1686bdc9afb9c6a078ec61697
abstractable.stp.gsl.gsl_sf_conicalP_cyl_reg.q.0020.smt2	stp	c7a8e033746cbe71cb1e1981100ba45d89083697
abstractable.stp.gsl.gsl_sf_conicalP_cyl_reg.q.0019.smt2	stp	eb1edeedca172e6eea26bb6b5456c200a24b3302
abstractable.stp.gsl.gsl_sf_conicalP_cyl_reg.q.0018.smt2	stp	c6955778a304fe8bfb2688e87f59f021c397da6b
abstractable.stp.gsl.gsl_sf_conicalP_cyl_reg.q.0017.smt2	stp	e307b104be967ced044f2128197ba8eb367355c6
abstractable.stp.gsl.gsl_sf_conicalP_cyl_reg.q.0016.smt2	stp	70454b8000011ad72c4d028b818b102564209a12
abstractable.stp.gsl.gsl_sf_conicalP_cyl_reg.q.0015.smt2	stp	392d97903c557712af0c87bd01822705788c1ee7
abstractable.stp.gsl.gsl_sf_conicalP_cyl_reg.q.0014.smt2	stp	5b3b7782269ad236e1ca235b7d9562520e4fa3f1
abstractable.stp.gsl.gsl_sf_conicalP_cyl_reg.q.0013.smt2	stp	ebc7e82135938f4275e6e70517e40f584621cfcf
abstractable.stp.gsl.gsl_sf_conicalP_cyl_reg.q.0012.smt2	stp	f626fc6aff108a552e4a02dff7e0a6ff52582239
abstractable.stp.gsl.gsl_sf_conicalP_cyl_reg.q.0011.smt2	stp	33622cb8e8e0c74345871e365bb708d725f08c01
abstractable.stp.gsl.gsl_sf_conicalP_cyl_reg.q.0012.smt2	stp	f626fc6aff108a552e4a02dff7e0a6ff52582239
abstractable.stp.gsl.gsl_sf_conicalP_cyl_reg.q.0011.smt2	stp	33622cb8e8e0c74345871e365bb708d725f08c01
abstractable.stp.gsl.gsl_sf_bessel_Y1_e.q.0010.smt2	stp	
abstractable.stp.gsl.gsl_sf_bessel_Y1_e.q.0009.smt2	stp	27bb17c28b698ba8fdfde2f5f343b6d25489ce7f
abstractable.stp.gsl.gsl_sf_bessel_Kn_scaled_array.q.0013.smt2	stp	723d3bf8404a5fd09b9cf95c955f8e9ace194025
abstractable.stp.gsl.gsl_sf_bessel_Kn_scaled_array.q.0015.smt2	stp	637da77ab52efec892be3a8cfc300cd515c8019e
abstractable.stp.gsl.gsl_sf_bessel_Kn_scaled_array.q.0017.smt2	stp	f50a74ad1f3597cef9fef6dabe03fb4193062aa9
abstractable.stp.gsl.gsl_sf_bessel_Kn_scaled_array.q.0018.smt2	stp	e5d57c0d78331a1393ad8ac115277b4ed2a88ade
abstractable.stp.gsl.gsl_sf_bessel_Kn_scaled_array.q.0022.smt2	stp	fecac8203ba589d47c25410f330a5c401ffb0e31
abstractable.stp.gsl.gsl_sf_bessel_Kn_scaled_array.q.0021.smt2	stp	733b4dbc72fbc27def42143fccdd43034d6cb4e0
abstractable.stp.gsl.gsl_sf_bessel_Kn_scaled_array.q.0023.smt2	stp	2a637335b9c66be4bd803aca8352e6f6d661804a
abstractable.stp.gsl.gsl_sf_bessel_Kn_scaled_array.q.0040.smt2	stp	d27f7ab8cf5004b59e2ae415a8ef273e6e0274db
abstractable.stp.gsl.gsl_sf_bessel_Kn_scaled_array.q.0025.smt2	stp	3d6c788673caf198f208b5d96570db0dd2159eed
abstractable.stp.gsl.gsl_sf_bessel_Kn_scaled_array.q.0026.smt2	stp	8065daa1c1d0086290ea1643ce6044e0d236761f
abstractable.stp.gsl.gsl_sf_bessel_Kn_scaled_array.q.0041.smt2	stp	79cf81eddc995df05755cadfec43d89ba1cbd9e4
abstractable.stp.gsl.gsl_sf_bessel_Kn_scaled_array.q.0045.smt2	stp	ef7bc538cdf1a71ac2011573728f97a57da5edeb
abstractable.stp.gsl.gsl_sf_bessel_Kn_scaled_array.q.0046.smt2	stp	80c94f34ec594eb4c4c0f5874db913ec6081c803
abstractable.stp.gsl.gsl_sf_bessel_Kn_scaled_array.q.0028.smt2	stp	6d7b9c07802e6026eb115746fe6d67fa33fef0e7
abstractable.stp.gsl.gsl_sf_bessel_Kn_scaled_array.q.0050.smt2	stp	f1ca3cae743dc9b6861d1159580827af86449f88
abstractable.stp.gsl.gsl_sf_bessel_Kn_scaled_array.q.0048.smt2	stp	cc0584bd691ec58512f404a2fb299d5b8f5cc8dd
abstractable.stp.gsl.gsl_sf_bessel_Kn_scaled_array.q.0047.smt2	stp	f1fd69105bea71516bf5542cff7971d112c4e5f6
abstractable.stp.gsl.gsl_sf_bessel_Kn_scaled_array.q.0029.smt2	stp	326cb373470223a00a93816836fad65e92e3aa6d
abstractable.stp.gsl.gsl_sf_bessel_Kn_scaled_array.q.0031.smt2	stp	f496d24f339f004a28d883af050c75fe85ad3e99
abstractable.stp.gsl.gsl_sf_bessel_Kn_scaled_array.q.0032.smt2	stp	de50f5b965bacb93b837e63bfae2d4f355b96032
abstractable.stp.gsl.gsl_sf_bessel_Kn_scaled_array.q.0035.smt2	stp	4b7d3fedc08c04cf498986af2daee8ee7b0cda7f
abstractable.stp.gsl.gsl_sf_bessel_Kn_scaled_array.q.0036.smt2	stp	6ab98a45a38a13f91bf19c8c2cf7367afc77c8db
abstractable.stp.gsl.gsl_sf_bessel_Kn_scaled_array.q.0037.smt2	stp	2f64f9e549bd94797178488c4a1c2293ab8a4c43
abstractable.stp.gsl.gsl_sf_bessel_Kn_scaled_array.q.0052.smt2	stp	566c2cebc73aedf5f7dcd01e6e1a0ba97fff07d1
abstractable.stp.gsl.gsl_sf_bessel_Kn_scaled_array.q.0039.smt2	stp	3eb4a721bd514a96c2978fb4a5c32a97e32d751b
abstractable.stp.gsl.gsl_sf_bessel_K0.q.0011.smt2	stp	aeac265a1ccdeccd5489ce04980a5a6b448ed701
abstractable.stp.gsl.gsl_sf_bessel_K0.q.0010.smt2	stp	a7d79ad3a8ff310e95a85cf75ad9d8f81ef286dc
abstractable.stp.gsl.gsl_sf_bessel_K0.q.0009.smt2	stp	e0fed644e7a201ad036bb2b81195dbaa7aab3647
abstractable.stp.gsl.gsl_sf_bessel_K0.q.0007.smt2	stp	48dafd0d5fc8d10b803722a40ed8559bfa471df4
abstractable.stp.gsl.gsl_sf_bessel_Inu_scaled_e.q.0009.smt2	stp	
abstractable.stp.gsl.gsl_sf_bessel_Inu_scaled_e.q.0008.smt2	stp	59987bcc7d29acc114ed49bc6770443170153ecf
abstractable.stp.gsl.gsl_sf_bessel_Inu_scaled_e.q.0007.smt2	stp	bbb879f6835223937f9633585829ac007614cfeb
abstractable.stp.gsl.gsl_sf_bessel_Inu_scaled_e.q.0006.smt2	stp	1ce0b18b0cff2d7ad4b50d0c0595ee8d43435d7f
abstractable.stp.gsl.gsl_sf_bessel_Inu_scaled_e.q.0005.smt2	stp	93a3da3592ea126559f6d054d82c588c25ee576c
abstractable.stp.gsl.gsl_sf_bessel_Inu_scaled_e.q.0004.smt2	stp	490ca61cb76f17eb0e7d6c8c6e6211bc113c72cb
abstractable.stp.gsl.gsl_sf_bessel_Inu_scaled_e.q.0003.smt2	stp	5337927688152786edc2d26169c1229a7dae886c
abstractable.stp.gsl.gsl_sf_bessel_Inu_scaled_e.q.0008.smt2	stp	59987bcc7d29acc114ed49bc6770443170153ecf
abstractable.stp.gsl.gsl_sf_bessel_Inu_scaled_e.q.0007.smt2	stp	bbb879f6835223937f9633585829ac007614cfeb
abstractable.stp.gsl.gsl_sf_bessel_Inu_scaled_e.q.0005.smt2	stp	93a3da3592ea126559f6d054d82c588c25ee576c
abstractable.stp.gsl.gsl_sf_bessel_Inu_scaled_e.q.0004.smt2	stp	490ca61cb76f17eb0e7d6c8c6e6211bc113c72cb
abstractable.stp.gsl.gsl_sf_bessel_Inu_scaled_e.q.0008.smt2	stp	59987bcc7d29acc114ed49bc6770443170153ecf
abstractable.stp.gsl.gsl_sf_bessel_Inu_scaled_e.q.0007.smt2	stp	bbb879f6835223937f9633585829ac007614cfeb
abstractable.stp.gsl.gsl_sf_bessel_il_scaled.q.0038.smt2	stp	a07febfd52574635bf22d513fcd4035fce155b6f
abstractable.stp.gsl.gsl_sf_bessel_il_scaled.q.0034.smt2	stp	ddea557405a98563333f50d0103eb2eed4cb55f3
abstractable.stp.gsl.gsl_sf_bessel_il_scaled.q.0030.smt2	stp	8b09fec7b5168d3f13239e751ea4b4d10ca07e9c
abstractable.stp.gsl.gsl_sf_bessel_il_scaled.q.0010.smt2	stp	d0099c45aa094afc075a3a463e68cba08447f213
abstractable.stp.gsl.gsl_sf_bessel_il_scaled.q.0009.smt2	stp	5d9c2317863d7f46ff7f9542ea09d61aece14d47
abstractable.stp.gsl.gsl_sf_bessel_il_scaled.q.0021.smt2	stp	a3fccd65c45622ef450000c254602208cb8bf359
abstractable.stp.gsl.gsl_sf_bessel_il_scaled.q.0014.smt2	stp	419dd469896e33eb3d6c554fa681bc46c93daf5d
abstractable.stp.gsl.gsl_sf_bessel_il_scaled.q.0022.smt2	stp	75cdeb0fb381a84c49287e9e012168517fc51537
abstractable.stp.gsl.gsl_sf_bessel_il_scaled.q.0016.smt2	stp	3a5e2cb6eee60776c6e0005908417ece82fe47a4
abstractable.stp.gsl.gsl_sf_bessel_il_scaled.q.0015.smt2	stp	511b4c436f990fe917c4101acdf0177841462ac6
abstractable.stp.gsl.gsl_sf_bessel_il_scaled.q.0020.smt2	stp	179c54adb4be837e7e81a7d27b347c0530714805
abstractable.stp.gsl.gsl_sf_bessel_il_scaled.q.0011.smt2	stp	b05e948fcece1eb54ecdc529ee8d499cc500b16f
abstractable.stp.gsl.gsl_sf_bessel_il_scaled.q.0025.smt2	stp	93894109ad889e0234324c947cb7405fec971c51
abstractable.stp.gsl.gsl_sf_bessel_il_scaled.q.0023.smt2	stp	5ea6752dc52d2396ef8062dd1c4210da087b0867
abstractable.stp.gsl.gsl_sf_bessel_il_scaled.q.0012.smt2	stp	6259816071fe0340890b696029d8bf6e8cee2d79
abstractable.stp.gsl.gsl_sf_bessel_il_scaled.q.0027.smt2	stp	923590170423a5a4e45ab31f63f9e99d3e24833f
abstractable.stp.gsl.gsl_sf_bessel_il_scaled.q.0013.smt2	stp	ce5d0b50660b449d2d3313b30be9fede94befd14
abstractable.stp.gsl.gsl_sf_bessel_il_scaled.q.0013.smt2	stp	ce5d0b50660b449d2d3313b30be9fede94befd14
abstractable.stp.gsl.gsl_sf_bessel_il_scaled.q.0013.smt2	stp	ce5d0b50660b449d2d3313b30be9fede94befd14
abstractable.stp.gsl.gsl_sf_bessel_il_scaled.q.0026.smt2	stp	b66e541290551f02fadbb1207dae8f0ae1949517
abstractable.stp.gsl.gsl_sf_bessel_il_scaled.q.0019.smt2	stp	149d5b1c015abd9b284ed3719702e0758720537e
abstractable.stp.gsl.gsl_sf_bessel_il_scaled.q.0020.smt2	stp	179c54adb4be837e7e81a7d27b347c0530714805
abstractable.stp.gsl.gsl_sf_bessel_il_scaled.q.0020.smt2	stp	179c54adb4be837e7e81a7d27b347c0530714805
abstractable.stp.gsl.gsl_sf_bessel_il_scaled.q.0017.smt2	stp	15ccf004175274f46e3e5266495f539161f65a9a
abstractable.stp.gsl.gsl_sf_bessel_il_scaled.q.0018.smt2	stp	47897016c86b398dae4a88a51ab2ef93454872ad
abstractable.stp.gsl.gsl_sf_angle_restrict_symm.q.0002.smt2	stp	b344ffc6386391cfb0953a8172146bed237d2624
abstractable.stp.gsl.gsl_sf_airy_Bi_deriv_scaled.q.0418.smt2	stp	53393f027caf9e600393708a6562fe2ae3ab90fc
abstractable.stp.gsl.gsl_sf_airy_Bi_deriv_scaled.q.0342.smt2	stp	896590a1cb563247aa5c35ece23d4c0312d585e3
abstractable.stp.gsl.gsl_sf_airy_Bi_deriv_scaled.q.0278.smt2	stp	5ccf7181f001d121e74896f3fe118db8d02e4ae0
abstractable.stp.gsl.gsl_sf_airy_Bi_deriv_scaled.q.0238.smt2	stp	de45508a6805e3976baeaaf59e4a7907e0d4187e
abstractable.stp.gsl.gsl_sf_airy_Bi_deriv_scaled.q.0158.smt2	stp	2674c0e21563acbab1ab2c2cc68222102551427a
abstractable.stp.gsl.gsl_sf_airy_Bi_deriv_scaled.q.0133.smt2	stp	7fa39f7ff08c23fa7cc5ce86545ae1b5bb5c4f18
abstractable.stp.gsl.gsl_sf_airy_Bi_deriv_scaled.q.0085.smt2	stp	c00a2a4f4591da0c9ee0cfcf7a1284036864ab9c
abstractable.stp.gsl.gsl_sf_airy_Bi_deriv_scaled.q.0083.smt2	stp	b924b303ec5835e99af327d6ff4d7b9df1393646
abstractable.stp.gsl.gsl_sf_airy_Bi_deriv_scaled.q.0158.smt2	stp	2674c0e21563acbab1ab2c2cc68222102551427a
abstractable.stp.gsl.gsl_sf_airy_Bi_deriv_scaled.q.0238.smt2	stp	de45508a6805e3976baeaaf59e4a7907e0d4187e
abstractable.stp.gsl.gsl_sf_exprel_n_e.q.0004.smt2	stp	b72103f15ef3996b7ac9f62360b3169435137a19
abstractable.stp.gsl.gsl_sf_exprel_n_e.q.0039.smt2	stp	15909fdd0e0e892a22f2deab116b137b970fed07
abstractable.stp.gsl.gsl_sf_exprel_n_e.q.0076.smt2	stp	6889eea3ab5276fc73262a1ba993c05e8323d4f3
abstractable.stp.gsl.gsl_sf_exprel_n_e.q.0113.smt2	stp	14e7482069dfa675ecaac8e7ebc1472dd07fb85f
abstractable.stp.gsl.gsl_sf_exprel_n_e.q.0150.smt2	stp	360deb760b1e47d20ec0c3dde1b3d07d151043e6
abstractable.stp.gsl.gsl_sf_exprel_n_e.q.0187.smt2	stp	9c632dd2fc51b63c18308bf7d65ec714a3c45491
abstractable.stp.gsl.gsl_sf_exprel_n_e.q.0224.smt2	stp	0776072a9e516217b3d093c120673b78c3916836
abstractable.stp.gsl.gsl_sf_exprel_n_e.q.0261.smt2	stp	c38585f6b9b6841363c778fc56c6b695a1f3d0d2
abstractable.stp.gsl.gsl_sf_exprel_n_e.q.0298.smt2	stp	1b4e2cb6ffdb9d225f9f9101b555051589746b0f
abstractable.stp.gsl.gsl_sf_exprel_n_e.q.0336.smt2	stp	82a60c71f2a1d62c31523a249742aa7aae9f9254
abstractable.stp.gsl.gsl_sf_exprel_n_e.q.0373.smt2	stp	a98581813f2bdfe91458ee994a3176f9058bec14
abstractable.bwz.f2clapack.qgetf2_.q00041.smt2	bwz	7d64d3311fbf20391a077722b26b88ea0408a1fa
abstractable.bwz.f2clapack.qgetf2_.q00040.smt2	bwz	bf21429f11f062f5c9aeb648f3983f83979d76af
abstractable.bwz.f2clapack.qgetf2_.q00039.smt2	bwz	8fddb4aa68fecf05214919e3a2df3cc4c6e2605c
abstractable.bwz.f2clapack.qgetf2_.q00038.smt2	bwz	a6e3fe7c7e1833fa732bd332d72af382ac9d4009
abstractable.bwz.f2clapack.qgetf2_.q00036.smt2	bwz	1604899198107b7f88a187cd64a0718f7e9478f1
abstractable.bwz.f2clapack.qgetf2_.q00032.smt2	bwz	087e0debab38c56645a40f61a70b78fcb206eed5
abstractable.bwz.f2clapack.qgetf2_.q00027.smt2	bwz	8dad3c69f7f7566fc3126d9373df5d85117301fc
abstractable.bwz.f2clapack.qgetf2_.q00023.smt2	bwz	4e585d7b6882f18e098382cf09567cdeb900c6af
abstractable.bwz.f2clapack.qgetf2_.q00014.smt2	bwz	0dd825920b5185766c207cd623d9cc67ce83bc8d
abstractable.stp.gsl.gsl_sf_mathieu_a.q.0012.smt2	stp	faec3b6ee687ad48b32fcb53df7a59ad73ab979b
abstractable.stp.gsl.gsl_sf_mathieu_a.q.0046.smt2	stp	bd531ecbf6e743a3e7f10936e1cdcd63fade4c93
abstractable.stp.gsl.gsl_sf_mathieu_a.q.0083.smt2	stp	159c6c37d422248b2632d151d20a4125056badf4
abstractable.stp.gsl.gsl_sf_mathieu_a.q.0125.smt2	stp	e71404adce1cfb1461dc649e0df49cb273a73071
abstractable.stp.gsl.gsl_sf_mathieu_a.q.0167.smt2	stp	bab75e5ece760fc39b43047f75eb2405267b6367
abstractable.stp.gsl.gsl_sf_mathieu_a.q.0209.smt2	stp	3b0508219620bdd0b8d1121748e21179eee63f62
abstractable.stp.gsl.gsl_sf_mathieu_a.q.0251.smt2	stp	c8e407cf4b1e780ad73311e3efc77982325e9776
abstractable.stp.gsl.gsl_sf_eta.q.0017.smt2	stp	f80d0551fbc864603437702c1a4d42ebe45b01cc
abstractable.stp.gsl.gsl_sf_eta.q.0016.smt2	stp	2bd46c979ba79b9c629f692f4827142a76e5c492
abstractable.stp.gsl.gsl_sf_eta.q.0015.smt2	stp	8e4242d03e2d7207a13615e1cd868eb1444316d2
abstractable.stp.gsl.gsl_sf_eta.q.0014.smt2	stp	a77fec6d68973b1c4478f9b4d98e97e4bef809a5
abstractable.stp.gsl.gsl_sf_eta.q.0013.smt2	stp	1ff59bbac6d646f4823e88756caca182e3439def
abstractable.stp.gsl.gsl_sf_eta.q.0012.smt2	stp	88b56e3841df13af9f33b6b3399bb6402bf0ba00
abstractable.stp.gsl.gsl_sf_eta.q.0011.smt2	stp	66ae49501aa75def53492a2dbc6dbf7abeb985d5
abstractable.stp.gsl.gsl_sf_eta.q.0010.smt2	stp	292576472700882778130475b77bd4d392421634
abstractable.stp.gsl.gsl_sf_eta.q.0009.smt2	stp	a963aa65196e3660c7fd13ba006b3106d32f290b
abstractable.stp.gsl.gsl_sf_eta.q.0008.smt2	stp	6f9a3dd8915825b6ea0de0e09b936716c4ea560a
abstractable.stp.gsl.gsl_sf_eta.q.0007.smt2	stp	c445f67cab34900d0f2309548ab2d7056f419c4d
abstractable.stp.gsl.gsl_sf_eta.q.0006.smt2	stp	15fc72990ee7c7e40decde8cd552236bd17d5245
abstractable.stp.gsl.gsl_sf_eta.q.0005.smt2	stp	e3d3518177c9be2eacdad3813e7a7dfeca7c8d97
abstractable.stp.gsl.gsl_sf_eta.q.0004.smt2	stp	d8b6b2c9cb5a29af18b83ab90233f5b40070a1ea
abstractable.stp.gsl.gsl_sf_eta.q.0003.smt2	stp	5561f511ae47d6667b52ff7eca67f3d05b0af43f
abstractable.stp.gsl.gsl_sf_eta.q.0017.smt2	stp	f80d0551fbc864603437702c1a4d42ebe45b01cc
abstractable.stp.gsl.gsl_sf_eta.q.0018.smt2	stp	89954e2b112950f2511d187555d9096a658020eb
abstractable.stp.gsl.gsl_sf_eta.q.0017.smt2	stp	f80d0551fbc864603437702c1a4d42ebe45b01cc
abstractable.stp.gsl.gsl_sf_eta.q.0011.smt2	stp	66ae49501aa75def53492a2dbc6dbf7abeb985d5
abstractable.stp.gsl.gsl_sf_eta.q.0010.smt2	stp	292576472700882778130475b77bd4d392421634
abstractable.stp.gsl.gsl_sf_ellint_RJ_e.q.0011.smt2	stp	307861741f51945ac0613576f6e6ff06b8fad71b
abstractable.stp.gsl.gsl_sf_ellint_RJ_e.q.0010.smt2	stp	
abstractable.stp.gsl.gsl_sf_ellint_RJ_e.q.0009.smt2	stp	39995359e60126d3ecb4a6d54e928d39a34819d5
abstractable.stp.gsl.gsl_sf_ellint_RJ_e.q.0008.smt2	stp	13346b70db73e8253e0074112cd3227780535b71
abstractable.stp.gsl.gsl_sf_ellint_RJ_e.q.0007.smt2	stp	
abstractable.stp.gsl.gsl_sf_ellint_RJ_e.q.0006.smt2	stp	a931632158493b177700ecaa2b7aa6ab3b7f897c
abstractable.stp.gsl.gsl_sf_ellint_RJ_e.q.0005.smt2	stp	7e808d080fd89dd5d332c77a46c3abdd0672c843
abstractable.stp.gsl.gsl_sf_ellint_RJ_e.q.0013.smt2	stp	a87c265bf2d0f693fbf53435f5c0635b7c024dd4
abstractable.stp.gsl.gsl_sf_ellint_RJ_e.q.0012.smt2	stp	5f28ff0341b862d6572654c9ae1a5a317e9b3071
abstractable.stp.gsl.gsl_sf_ellint_RJ_e.q.0011.smt2	stp	307861741f51945ac0613576f6e6ff06b8fad71b
abstractable.stp.gsl.gsl_sf_ellint_RJ_e.q.0013.smt2	stp	a87c265bf2d0f693fbf53435f5c0635b7c024dd4
abstractable.stp.gsl.gsl_sf_ellint_RJ_e.q.0010.smt2	stp	
abstractable.stp.gsl.gsl_sf_exprel_n_e.q.0410.smt2	stp	856159555326d1c35d72c7e4c0f7bf73516c1e04
abstractable.stp.gsl.gsl_sf_exprel_n_e.q.0447.smt2	stp	5680d23ccc6d46119e2a2f0bbe12786f649e0ed3
abstractable.stp.gsl.gsl_sf_exprel_n_e.q.0484.smt2	stp	194ff33ebf1023d9e3ddf79ab99fd56b92946dd6
abstractable.stp.gsl.gsl_sf_exprel_n_e.q.0521.smt2	stp	9ff333462c9d1e823fb3ccf08e6b09e4d18b0807
abstractable.stp.gsl.gsl_sf_exprel_n_e.q.0557.smt2	stp	3d8238ca11654af4b512be169341c0621d10858b
abstractable.stp.gsl.gsl_sf_exprel_n_e.q.0594.smt2	stp	0ffb03545783944b4477406346856a95a3836932
abstractable.stp.gsl.gsl_sf_exprel_n_e.q.0632.smt2	stp	007bce0bd7f57e331972a552896ae3d454adfba6
abstractable.stp.gsl.gsl_sf_exprel_n_e.q.0669.smt2	stp	6e3d9baa9f76c4d66febad077bf740df3a46411a
abstractable.stp.gsl.gsl_sf_exprel_n_e.q.0706.smt2	stp	6150d60ec1b69ad0ce5b10138b1b5119ffc93d2f
abstractable.stp.gsl.gsl_sf_exprel_n_e.q.0743.smt2	stp	b747b4131456302ebf5f2bebf48cb21cde2e3170
abstractable.stp.gsl.gsl_sf_exprel_n_e.q.0780.smt2	stp	c4d60b9c3df73d6e59130a92018a886ea4f5205f
abstractable.stp.gsl.gsl_sf_exprel_n_e.q.0817.smt2	stp	d68ef27cfc6e23e789772759ef870a0fbb0697f8
abstractable.stp.gsl.gsl_sf_exprel_n_e.q.0854.smt2	stp	b550957c920a9365f5d25f56426d763b622a9752
abstractable.stp.gsl.gsl_sf_exprel_n_e.q.0891.smt2	stp	a814391062ffe215baf5eda1d95452b5a6573581
abstractable.stp.gsl.gsl_sf_expint_3_e.q.0007.smt2	stp	
abstractable.stp.gsl.gsl_sf_eta.q.0018.smt2	stp	89954e2b112950f2511d187555d9096a658020eb
abstractable.stp.gsl.gsl_sf_coupling_3j_e.q.0016.smt2	stp	c0b4c26ed87ba922bc450b1828ab113c5d83c792
abstractable.stp.gsl.gsl_sf_coupling_3j_e.q.0015.smt2	stp	e3d51169a77ddae847902979a359f1fcd5880d2f
abstractable.stp.gsl.gsl_sf_coupling_3j_e.q.0014.smt2	stp	2d512a3ae50849dd827fb2bbb655336cd226c6c7
abstractable.stp.gsl.gsl_sf_coupling_3j_e.q.0036.smt2	stp	abb0f1d214b14fd6390748dbe32bc8949b13b4ff
abstractable.stp.gsl.gsl_sf_coupling_3j_e.q.0035.smt2	stp	9ff234d089d57296201cfec93c917236d680aef4
abstractable.stp.gsl.gsl_sf_coupling_3j_e.q.0034.smt2	stp	76f41a7226fb027e8ccd218463cbc0f81d4d3844
abstractable.stp.gsl.gsl_sf_coupling_3j_e.q.0017.smt2	stp	79c510cf0f2a1f472b2191bc039f24d7969907e8
abstractable.stp.gsl.gsl_sf_coupling_3j_e.q.0046.smt2	stp	1db917deb43926b7957f33a147763db8dce562f8
abstractable.stp.gsl.gsl_sf_coupling_3j_e.q.0045.smt2	stp	391ee8ac909523a5d272134298aad260953496d0
abstractable.stp.gsl.gsl_sf_coupling_3j_e.q.0044.smt2	stp	7fe597357c2089e56c0603d673474e3cee5c82fd
abstractable.stp.gsl.gsl_sf_coupling_3j_e.q.0056.smt2	stp	9b4ebcf3e3870d9456cd3d32af65977b3c1b655d
abstractable.stp.gsl.gsl_sf_coupling_3j_e.q.0055.smt2	stp	655ca128fd28a07683aa63cbceb448c636106cd8
abstractable.stp.gsl.gsl_sf_coupling_3j_e.q.0054.smt2	stp	d0ad8576a0ec8a3e3b2faaac5015149b10357e47
abstractable.stp.gsl.gsl_sf_coupling_3j_e.q.0066.smt2	stp	597e4cd1a35cca2b89f3889ec4c96bc15aa6fcbb
abstractable.stp.gsl.gsl_sf_coupling_3j_e.q.0064.smt2	stp	e718b473d4daf301a81656e008354bb4a75fb367
abstractable.stp.gsl.gsl_sf_coupling_3j_e.q.0047.smt2	stp	5d6b32f4afd5a5a8ca8f8f1facd7a625ded9ef52
abstractable.stp.gsl.gsl_sf_coupling_3j_e.q.0057.smt2	stp	4d8a57f9ffb7507554a20ed38eccccc2d4fca3fa
abstractable.stp.gsl.gsl_sf_coupling_3j_e.q.0070.smt2	stp	
abstractable.stp.gsl.gsl_sf_coupling_3j_e.q.0067.smt2	stp	e67b9f34ae18b1b8fd92072abc7d52cb1c760179
abstractable.stp.gsl.gsl_sf_coupling_3j_e.q.0070.smt2	stp	
abstractable.stp.gsl.gsl_sf_coupling_3j_e.q.0070.smt2	stp	
abstractable.stp.gsl.gsl_sf_coupling_3j_e.q.0067.smt2	stp	e67b9f34ae18b1b8fd92072abc7d52cb1c760179
abstractable.stp.gsl.gsl_sf_airy_Ai_deriv_scaled_e.q.0152.smt2	stp	a622295a5aa8e03b0275dbf2490804f16cf5aaf9
abstractable.stp.gsl.gsl_sf_airy_Ai_deriv_scaled_e.q.0127.smt2	stp	08365403c05b1f5aec5b9ace51a5a58c36db60b2
abstractable.stp.gsl.gsl_sf_airy_Ai_deriv_scaled_e.q.0006.smt2	stp	9c5571c68574baf850a2c4715bba788c6f4b15b7
abstractable.stp.gsl.gsl_sf_airy_Ai_deriv_scaled_e.q.0412.smt2	stp	d1ca1813f9052f7ccd1ddee1bda055bf0756f2e3
abstractable.stp.gsl.gsl_sf_airy_Ai_deriv_scaled_e.q.0336.smt2	stp	314c49de0a34b4d303c6be9995b9d82ac06e7ac0
abstractable.stp.gsl.gsl_sf_airy_Ai_deriv_scaled_e.q.0272.smt2	stp	bba3f43cdc606add1f0fd2df9a341a1f0c9bd980
abstractable.stp.openlibm.remquof.q.1532.smt2	stp	f1641360eb7ad3c713c3bf67f6bb1baa0a883cab
abstractable.stp.openlibm.remquof.q.1556.smt2	stp	67417cae98fd78b02ea99a12076b57edfc469c02
abstractable.stp.openlibm.remquof.q.1565.smt2	stp	67ac26b7472e10f6ab522e5aed3dc0eb6394462c
abstractable.stp.openlibm.remquof.q.1966.smt2	stp	6934a6799dc761515f78584a4b2335c07b004455
abstractable.bwz.f2clapack.qgeqrf_.q00015.smt2	bwz	1a0279acacf4f99616112390a4871e59c8403e97
abstractable.bwz.f2clapack.qgeqrf_.q00012.smt2	bwz	69e07a7b22f86b79baa4a8bda70b5880ee728f13
abstractable.bwz.f2clapack.qgeqrf_.q00011.smt2	bwz	ffbad90b193a2d5b1210c7d2c505ad149d1b8a28
abstractable.bwz.f2clapack.qgetf2_.q00054.smt2	bwz	a0d372ebed9a92b5bbc3d8e35e688a54ec4c24de
abstractable.bwz.f2clapack.qgetf2_.q00053.smt2	bwz	80e489bb284b16a770f8562e45c336ac22f0f57d
abstractable.bwz.f2clapack.qgetf2_.q00052.smt2	bwz	349a1f47141fca8dbbb6a10de5e49bde69325f7c
abstractable.bwz.f2clapack.qgetf2_.q00051.smt2	bwz	3815327db7afe8bae77f5195f22335344115b029
abstractable.bwz.f2clapack.qgetf2_.q00050.smt2	bwz	6190e9707c123b62faffe6fb926da4bca52a25ce
abstractable.bwz.f2clapack.qgetf2_.q00049.smt2	bwz	c9cacfb3a5341ca230828e8e4e753561dc586b2a
abstractable.bwz.f2clapack.qgetf2_.q00048.smt2	bwz	72407ed9b4ee6d396adf6f1750c03e2350713944
abstractable.bwz.f2clapack.qgetf2_.q00047.smt2	bwz	3815327db7afe8bae77f5195f22335344115b029
abstractable.bwz.f2clapack.qgetf2_.q00046.smt2	bwz	b76ad0539e844fdf13a4125a53723b3828497348
abstractable.bwz.f2clapack.qgetf2_.q00045.smt2	bwz	b76ad0539e844fdf13a4125a53723b3828497348
abstractable.bwz.f2clapack.qgetf2_.q00044.smt2	bwz	b76ad0539e844fdf13a4125a53723b3828497348
abstractable.bwz.f2clapack.qgetf2_.q00043.smt2	bwz	b76ad0539e844fdf13a4125a53723b3828497348
abstractable.bwz.f2clapack.qgetf2_.q00042.smt2	bwz	cc718eba77276f16942887e49672a064bb28d1d9
abstractable.stp.gsl.gsl_sf_hermite_e.q.0027.smt2	stp	606095039b2aabea45cd0a4af09c2a2dd74e7bed
abstractable.stp.gsl.gsl_sf_hermite_e.q.0025.smt2	stp	a22497a05fc7bf8eb90ab232da75446d89e8f736
abstractable.stp.gsl.gsl_sf_hermite_e.q.0024.smt2	stp	f69e6f5a9d0d81e0c0e2ca6320b99c0701051b51
abstractable.stp.gsl.gsl_sf_hermite_e.q.0022.smt2	stp	1bda3503671d0a4a15583cbfd6d25d5f781ea67b
abstractable.stp.gsl.gsl_sf_hermite_e.q.0021.smt2	stp	e5b3e3632b99b313fc78002852cce530e206fff5
abstractable.stp.gsl.gsl_sf_hermite_e.q.0019.smt2	stp	202a4950723f97dd01ab477de34cb0ce6024b9d7
abstractable.stp.gsl.gsl_sf_hermite_e.q.0018.smt2	stp	1382374e39d0aafefd9c92e76fbcf961fb11cd10
abstractable.stp.gsl.gsl_sf_hermite_e.q.0016.smt2	stp	862110f248b0cc1b3261ba1954b3c4dd64fccab8
abstractable.stp.gsl.gsl_sf_hermite_e.q.0015.smt2	stp	204d115c825a1992e2ac4c762b35e9fbbc487e75
abstractable.stp.gsl.gsl_sf_hermite_e.q.0013.smt2	stp	fd6ad853480e976081097344e4cba27d525120ec
abstractable.stp.gsl.gsl_sf_hermite_e.q.0012.smt2	stp	589ac8c1ef8b76d23b9e876e21bdb509794c4a07
abstractable.stp.gsl.gsl_sf_hermite_e.q.0010.smt2	stp	76fb099f25e6696bbea0f40231965ea84181ce82
abstractable.stp.gsl.gsl_sf_hermite_e.q.0009.smt2	stp	775298f890341c7ec5c4b271f08cf72eb02da517
abstractable.stp.gsl.gsl_sf_hermite_e.q.0007.smt2	stp	5e2f60ba150b22c9b79628db47d37a9cdf2586fb
abstractable.stp.gsl.gsl_sf_fermi_dirac_mhalf_e.q.0020.smt2	stp	d313de4a7330e559b529fbda872458689a171d2d
abstractable.stp.gsl.gsl_sf_fermi_dirac_mhalf_e.q.0019.smt2	stp	fd87a005bfb80000fd2f8deb33b1b3afeb989284
abstractable.stp.gsl.gsl_sf_fermi_dirac_mhalf_e.q.0018.smt2	stp	32675231b167609e8abc8aeebd6986954dac1f9b
abstractable.stp.gsl.gsl_sf_fermi_dirac_mhalf_e.q.0017.smt2	stp	2e08507f2972bed7228b5c1f39307eaf6c7c37d4
abstractable.stp.gsl.gsl_sf_fermi_dirac_mhalf_e.q.0016.smt2	stp	61d11fca0e3b9d539ee09874d18cff09570661d3
abstractable.stp.gsl.gsl_sf_fermi_dirac_mhalf_e.q.0015.smt2	stp	060085f581561686a88ce8d00d418fec8f5824fa
abstractable.stp.gsl.gsl_sf_fermi_dirac_mhalf_e.q.0014.smt2	stp	85d015b7dbc7564f5ab65bc915ac3836e33ebfe9
abstractable.stp.gsl.gsl_sf_fermi_dirac_mhalf_e.q.0013.smt2	stp	fe67cad482f3466f057a9da0539f9b45e723e9e3
abstractable.stp.gsl.gsl_sf_fermi_dirac_mhalf_e.q.0012.smt2	stp	4a1d542b23db72605aea3766b2c0d209f3810f81
abstractable.stp.gsl.gsl_sf_fermi_dirac_mhalf_e.q.0011.smt2	stp	914ec78f8c73d72892fe93bc99c44e8f4a2ab8c9
abstractable.stp.gsl.gsl_sf_fermi_dirac_mhalf_e.q.0010.smt2	stp	41890c5952fcaddb1d9ce546ddfa89eb999b4321
abstractable.stp.gsl.gsl_sf_fermi_dirac_mhalf_e.q.0009.smt2	stp	8d95ce0df04d01444b77ba65b24e9628646ec38f
abstractable.stp.gsl.gsl_sf_fermi_dirac_mhalf_e.q.0008.smt2	stp	6f7f8512fc33dca2d40ce2ef759518ff9e708ab4
abstractable.stp.gsl.gsl_sf_fermi_dirac_mhalf_e.q.0029.smt2	stp	a0c656a86920cb35f466fad60f9363625aa7da2f
abstractable.stp.gsl.gsl_sf_fermi_dirac_mhalf_e.q.0028.smt2	stp	c01ccde9983113454b38c7368f2e2e0c5ab52a73
abstractable.stp.gsl.gsl_sf_fermi_dirac_mhalf_e.q.0027.smt2	stp	717061865fdfb851daffcac54d1699db7c1dae79
abstractable.stp.gsl.gsl_sf_fermi_dirac_mhalf_e.q.0026.smt2	stp	ac65db8525fad8700ff3f3f2cc3ea4f046101abf
abstractable.stp.gsl.gsl_sf_fermi_dirac_mhalf_e.q.0025.smt2	stp	4d174c8b6be99a61ee1a12cb44b72fc92a22b731
abstractable.stp.gsl.gsl_sf_fermi_dirac_mhalf_e.q.0024.smt2	stp	068af3caa73ea03dfb576ec5bc91ffe1f1bb525a
abstractable.stp.gsl.gsl_sf_fermi_dirac_mhalf_e.q.0023.smt2	stp	16b67293808c2d906a433519262543116be9cdfb
abstractable.stp.gsl.gsl_sf_fermi_dirac_mhalf_e.q.0022.smt2	stp	fce6d4e1bf1cea0df625a12afdc103ae26a00ad1
abstractable.stp.gsl.gsl_sf_fermi_dirac_mhalf_e.q.0021.smt2	stp	82631aaab349282a9d8df41da2fc5f8c8811df30
abstractable.stp.gsl.gsl_sf_fermi_dirac_3half_e.q.0019.smt2	stp	ccd2afd45358cba1ec72b596c059c7eacaf4b188
abstractable.stp.gsl.gsl_sf_fermi_dirac_3half_e.q.0018.smt2	stp	875867dab0f46d127a8e3951a125446045026b97
abstractable.stp.gsl.gsl_sf_fermi_dirac_3half_e.q.0017.smt2	stp	ce3cdecfeef0c3b61449749c1b91a168d06a999a
abstractable.stp.gsl.gsl_sf_fermi_dirac_3half_e.q.0016.smt2	stp	f2f7163c9593268dbc89c511711a39dc384db96e
abstractable.stp.gsl.gsl_sf_fermi_dirac_3half_e.q.0015.smt2	stp	8711d11b2cec250f1f9bc017f78e0fe6793eaa7e
abstractable.stp.gsl.gsl_sf_fermi_dirac_3half_e.q.0014.smt2	stp	6547283e5d3a05e3a8e249804f5205a94dc75ee1
abstractable.stp.gsl.gsl_sf_fermi_dirac_3half_e.q.0013.smt2	stp	e4c91dd1c075c0f5f9f500c24ec6ac883c088203
abstractable.stp.gsl.gsl_sf_fermi_dirac_3half_e.q.0012.smt2	stp	0ab1d37a5750fbb9086a74a8cbbfce917649731d
abstractable.stp.gsl.gsl_sf_fermi_dirac_3half_e.q.0011.smt2	stp	2c90b8cee4888f2abc182a41c65ece768fac0e62
abstractable.stp.gsl.gsl_sf_fermi_dirac_3half_e.q.0010.smt2	stp	5395042adf27255ca5ab94ed0c8c8b1ac22ef6cd
abstractable.stp.gsl.gsl_sf_fermi_dirac_3half_e.q.0009.smt2	stp	f623843f4479b2c0c264eed61f63f0cf62cd313f
abstractable.stp.gsl.gsl_sf_fermi_dirac_3half_e.q.0008.smt2	stp	b363bdcfb6d2e72222af3667ac0902e3d2f1d6c1
abstractable.stp.gsl.gsl_sf_fermi_dirac_3half_e.q.0029.smt2	stp	68b66da4df55233d5f0088a1da142eea0e2aa12e
abstractable.stp.gsl.gsl_sf_fermi_dirac_3half_e.q.0028.smt2	stp	b2fec569a19f9052a08f185793f0458fb9cc7c98
abstractable.stp.gsl.gsl_sf_fermi_dirac_3half_e.q.0027.smt2	stp	39626846bbc4e4c60ff347cc31462f77a4df8693
abstractable.stp.gsl.gsl_sf_fermi_dirac_3half_e.q.0026.smt2	stp	cb98813a079a9db9e6f8a90870d550a4b47e256c
abstractable.stp.gsl.gsl_sf_fermi_dirac_3half_e.q.0025.smt2	stp	537c1092f80eecc42ff1a92ae813a69e85ecc36d
abstractable.stp.gsl.gsl_sf_fermi_dirac_3half_e.q.0024.smt2	stp	8ceab5a25c2c03ed64da2b9a384d0eaaa024363d
abstractable.stp.gsl.gsl_sf_fermi_dirac_3half_e.q.0023.smt2	stp	fd72518732173700036214db1c2e93cce4f79b97
abstractable.stp.gsl.gsl_sf_fermi_dirac_3half_e.q.0022.smt2	stp	9efee4046982100859934c006764c503e4dae081
abstractable.stp.gsl.gsl_sf_fermi_dirac_3half_e.q.0021.smt2	stp	8e3356e8a04d88f02a4a2064199d5533b0a3eac7
abstractable.stp.gsl.gsl_sf_fermi_dirac_3half_e.q.0020.smt2	stp	53b50d4f2127094f96922f8f37ba68ce62daaf99
abstractable.stp.gsl.gsl_sf_fermi_dirac_3half_e.q.0019.smt2	stp	ccd2afd45358cba1ec72b596c059c7eacaf4b188
abstractable.stp.gsl.gsl_sf_fermi_dirac_3half_e.q.0011.smt2	stp	2c90b8cee4888f2abc182a41c65ece768fac0e62
abstractable.stp.openlibm.powf.q.0023.smt2	stp	41563c2009f5e01df2fd9a289903ba957ddd53e9
abstractable.stp.openlibm.powf.q.0022.smt2	stp	f60366b3ff6c3628b6654a5bc14d73e7fbc2aa14
abstractable.stp.openlibm.powf.q.0021.smt2	stp	7f1a7da4cad3d450cc3232360ae4ea34748393c4
abstractable.stp.openlibm.powf.q.0020.smt2	stp	645929e19859acf8c7ea8f94fceff2c8a6c763e1
abstractable.stp.openlibm.powf.q.0019.smt2	stp	857be90ed903ccbd4ef55d77414b6d4f05c6ecab
abstractable.stp.openlibm.powf.q.0018.smt2	stp	0cd2c70b5c2b6343d576ed2a534d20172df78e66
abstractable.stp.openlibm.powf.q.0017.smt2	stp	1125e440dff1b8e157eae8ec23f3b0c2f7fb27df
abstractable.stp.openlibm.powf.q.0016.smt2	stp	9bfde62cf213c34ed2240a499dba710027683019
abstractable.stp.openlibm.powf.q.0019.smt2	stp	857be90ed903ccbd4ef55d77414b6d4f05c6ecab
abstractable.stp.openlibm.powf.q.0017.smt2	stp	1125e440dff1b8e157eae8ec23f3b0c2f7fb27df
abstractable.stp.openlibm.powf.q.0021.smt2	stp	7f1a7da4cad3d450cc3232360ae4ea34748393c4
abstractable.stp.openlibm.powf.q.0020.smt2	stp	645929e19859acf8c7ea8f94fceff2c8a6c763e1
abstractable.stp.openlibm.nextafter.q.0064.smt2	stp	6b081df949e45164d4d600aa771981ff33afb6fa
abstractable.stp.openlibm.nextafter.q.0063.smt2	stp	678c066eb270a0472392a60639cda2432f84f404
abstractable.stp.openlibm.nextafter.q.0059.smt2	stp	818c2f384a44e4fb1110c2dadbc8362e92ee6a20
abstractable.stp.openlibm.nextafter.q.0052.smt2	stp	8d7839ed1b07307f1955b6e2dab27bbe24de15d0
abstractable.stp.openlibm.nextafter.q.0048.smt2	stp	56a368480219c4f616e961e473605926aa13aea6
abstractable.stp.openlibm.nextafter.q.0036.smt2	stp	796df89b5a5522182d4797f751149682293c4c55
abstractable.stp.openlibm.nextafter.q.0035.smt2	stp	d96ac6c6c7f1581a0306d2adfba067c3ef0af8f9
abstractable.stp.openlibm.nextafter.q.0031.smt2	stp	c96cef7963a72c823dd7391755322f999ae47832
abstractable.stp.openlibm.nextafter.q.0027.smt2	stp	27713edac0977b02df34e4da9c777d76ad1cbeb0
abstractable.stp.openlibm.nextafter.q.0021.smt2	stp	22479e9b7a4c554fbf3197ea913b978b8c6c374a
abstractable.stp.openlibm.nextafter.q.0017.smt2	stp	87c5b9bfbe5211ff725a259bc628b69766f3ed22
abstractable.stp.openlibm.nextafter.q.0013.smt2	stp	cdfe81cd9e96a5c75af035a31ac00e82ab96cc78
abstractable.stp.openlibm.pow.q.0020.smt2	stp	c75a70d6c7efc99ee2e12a45ca5aad02e797b5e2
abstractable.stp.openlibm.pow.q.0019.smt2	stp	6d9a913ac91b4127b2dbfe849afc6df9230b144c
abstractable.stp.openlibm.pow.q.0018.smt2	stp	7b0cfc541abcae9df7cecd347fada1871caa6818
abstractable.stp.openlibm.pow.q.0017.smt2	stp	318d809a24bcc4fbe2b16b430107cab67ef33b80
abstractable.stp.openlibm.pow.q.0016.smt2	stp	ea83cb82f404943fae7178cb720f58c33f4c9330
abstractable.stp.openlibm.pow.q.0015.smt2	stp	7772dbdcd96a67343fa5d3623725392ef34dc6de
abstractable.stp.openlibm.pow.q.0014.smt2	stp	7383c78ff71991f8e41735996de530aae0490455
abstractable.stp.openlibm.pow.q.0019.smt2	stp	6d9a913ac91b4127b2dbfe849afc6df9230b144c
abstractable.stp.openlibm.pow.q.0018.smt2	stp	7b0cfc541abcae9df7cecd347fada1871caa6818
abstractable.stp.openlibm.pow.q.0015.smt2	stp	7772dbdcd96a67343fa5d3623725392ef34dc6de
abstractable.stp.openlibm.lroundf.q.0017.smt2	stp	4bcd5b83551e4c622c31dd215e8516283f393c96
abstractable.stp.openlibm.lroundf.q.0016.smt2	stp	84074b602a7ee563c0b19da46859ab3db6abb94d
abstractable.stp.openlibm.lroundf.q.0009.smt2	stp	c3ade14bee0370b9d11244a5aa2446b87b78afc3
abstractable.stp.openlibm.lroundf.q.0008.smt2	stp	c083e8830111edf34a19d3dfa712f267de583120
abstractable.stp.openlibm.log1pf.q.0020.smt2	stp	dc8fa2ab59f1bac4f0fbc462762884272fbd92b9
abstractable.stp.openlibm.log1pf.q.0013.smt2	stp	4c54964e84a2bb1af461826152e206fe1e865976
abstractable.stp.openlibm.log1pf.q.0032.smt2	stp	3be43d6c385b0941ed6c36f029279c40eae72982
abstractable.stp.openlibm.log1pf.q.0034.smt2	stp	26e25a622436a186e5cd69379a3f83f39e090787
abstractable.stp.openlibm.log1pf.q.0025.smt2	stp	b0b289144375e373ec2a96c64bc9d2d26478572e
abstractable.stp.openlibm.log1pf.q.0008.smt2	stp	5d8980706bf12dd1a6ac8db20bb115fa6a8815c9
abstractable.stp.openlibm.log1pf.q.0030.smt2	stp	2dcd86ac8e07b76ce286f48b706817ab9febfcb8
abstractable.stp.openlibm.log1pf.q.0018.smt2	stp	5ee16c6820d5e87dbcf1d88d2963f3b05f4542de
abstractable.stp.openlibm.log1pf.q.0014.smt2	stp	df946d823131012a11b89e5231ab20d2a1400683
abstractable.stp.openlibm.log1pf.q.0021.smt2	stp	9513e1a0ebbc0b0c94346700fdb8314b84a5adaa
abstractable.stp.openlibm.log1pf.q.0026.smt2	stp	7868a396b2f8bf7b0102285496a8735f2fb91ac7
abstractable.stp.openlibm.log1pf.q.0019.smt2	stp	0177a391caf7774fad03760c40ab5185f39298ed
abstractable.stp.openlibm.log1pf.q.0033.smt2	stp	4df26b8ce56b9d9e995ad421cd28fd4697e410ec
abstractable.stp.openlibm.log1pf.q.0016.smt2	stp	3fe45432f1729cac72d9abe9fcc40314b3ef84e1
abstractable.stp.gsl.gsl_sf_ellint_RJ_e.q.0007.smt2	stp	
abstractable.stp.gsl.gsl_sf_ellint_Pcomp.q.0010.smt2	stp	f5a4148d11d7c29305cfc7fcae1aafa389fed6e4
abstractable.stp.gsl.gsl_sf_ellint_Pcomp.q.0009.smt2	stp	67a5da5dc028c943f03e39030afaeb80bbbdf4b0
abstractable.stp.gsl.gsl_sf_ellint_Pcomp.q.0008.smt2	stp	1cb9f3e3fd387319e63b78ab3013d795eb7373ec
abstractable.stp.gsl.gsl_sf_ellint_Pcomp.q.0007.smt2	stp	f9dd74df3ac7416efb91c655678a4bf37d576ed0
abstractable.stp.gsl.gsl_sf_ellint_Pcomp.q.0006.smt2	stp	c29abb49bd6511095cb14ef3ca0030a023f36091
abstractable.stp.gsl.gsl_sf_ellint_Pcomp.q.0005.smt2	stp	a6350e16dc90a0de3228431714c4f06fcb7418e9
abstractable.stp.gsl.gsl_sf_ellint_Pcomp.q.0003.smt2	stp	
abstractable.stp.gsl.gsl_sf_ellint_Pcomp.q.0012.smt2	stp	a99609147b2f4a2a1c2eb0235207ac0c476fa254
abstractable.stp.gsl.gsl_sf_ellint_Pcomp.q.0011.smt2	stp	38420fa954ead2dfa1db246097aa1122183641be
abstractable.stp.gsl.gsl_sf_ellint_D_e.q.0003.smt2	stp	ed8a2b2b12e33f1e4a9a4272619f17131bbbd506
abstractable.stp.gsl.gsl_sf_debye_5_e.q.0010.smt2	stp	
abstractable.stp.gsl.gsl_sf_debye_5_e.q.0008.smt2	stp	
abstractable.stp.gsl.gsl_sf_coupling_3j_e.q.0026.smt2	stp	9dba0a4ca4b551e7dae7be43bd27da0997149d4a
abstractable.stp.gsl.gsl_sf_coupling_3j_e.q.0025.smt2	stp	bcfba1c80df41d609a45fc1f89a15cb3ae5a1b22
abstractable.stp.gsl.gsl_sf_coupling_3j_e.q.0024.smt2	stp	9966267929b4f87ba0358adadd3886d45204d854
abstractable.stp.openlibm.log1pf.q.0019.smt2	stp	0177a391caf7774fad03760c40ab5185f39298ed
abstractable.stp.openlibm.log1pf.q.0016.smt2	stp	3fe45432f1729cac72d9abe9fcc40314b3ef84e1
abstractable.stp.openlibm.log1pf.q.0019.smt2	stp	0177a391caf7774fad03760c40ab5185f39298ed
abstractable.stp.openlibm.log1pf.q.0017.smt2	stp	0cc879a5709ea3364e0d0deeec2be0128793005f
abstractable.stp.openlibm.log1pf.q.0015.smt2	stp	9410156de9866e0ff24e8d51236f1da623d539ce
abstractable.stp.openlibm.log1pf.q.0031.smt2	stp	2c48899a78959892aa901350a01fe83fad29b455
abstractable.stp.openlibm.log1pf.q.0031.smt2	stp	2c48899a78959892aa901350a01fe83fad29b455
abstractable.stp.openlibm.log1pf.q.0028.smt2	stp	4fa3dd7f1e34edf917bea080cbcb19f371949bb5
abstractable.stp.openlibm.log1pf.q.0027.smt2	stp	1f35d07d338641ac66e5d303f381713aa181053c
abstractable.stp.openlibm.log1pf.q.0029.smt2	stp	ecd3235c1cb8928189f53964b9f0436274d024ff
abstractable.stp.openlibm.log1pf.q.0029.smt2	stp	ecd3235c1cb8928189f53964b9f0436274d024ff
abstractable.stp.gsl.gsl_cdf_ugaussian_Qinv.q.0005.smt2	stp	4395410bc4fa040d8d335b4f863b3c4272bc3fc2
abstractable.stp.gsl.gsl_cdf_ugaussian_Qinv.q.0004.smt2	stp	583281c6c5357b6e653a0f8a5523de824fc1cf1b
abstractable.stp.gsl.gsl_cdf_rayleigh_P.q.0002.smt2	stp	a39bf7272c15c818fecf9e87dbc591bb67a21ae1
abstractable.stp.gsl.gsl_cdf_laplace_Q.q.0004.smt2	stp	d1e2eb3983797a36e1c03c7606353665f183bf28
abstractable.stp.gsl.gsl_cdf_laplace_Q.q.0003.smt2	stp	d5b24688b7a74ddd6b0c203ac9213bf8624aa4b0
abstractable.stp.gsl.gsl_cdf_laplace_Q.q.0002.smt2	stp	11a63c6ea816257c6abeb81c023c29fee4a002cf
abstractable.stp.gsl.gsl_cdf_laplace_Q.q.0004.smt2	stp	d1e2eb3983797a36e1c03c7606353665f183bf28
abstractable.stp.gsl.gsl_cdf_gamma_Qinv.q.0012.smt2	stp	02631bb24e412a198452f4cfa19371a7ba8e0a37
abstractable.stp.gsl.gsl_cdf_gamma_Qinv.q.0011.smt2	stp	5c48efc3a1394d5c3cb7339ccbd49a0103d92328
abstractable.stp.gsl.gsl_cdf_gamma_Qinv.q.0010.smt2	stp	2d85f621589b3b4c46c60857bd7ac96e2578586a
abstractable.stp.gsl.gsl_cdf_gamma_Qinv.q.0009.smt2	stp	638ee010acc77203cd47d0b1931cd85ccb86c9db
abstractable.stp.gsl.gsl_cdf_gamma_Qinv.q.0008.smt2	stp	bf74f3e3184e29b070e4618653a9a448fbf292f0
abstractable.stp.gsl.gsl_cdf_gamma_Qinv.q.0007.smt2	stp	813bcd4869dc2fc2dcb42daf1f1ef0c04e5166f6
abstractable.stp.gsl.gsl_cdf_gamma_Qinv.q.0006.smt2	stp	c2cf53e3011fc6f22cc648d78db03814eca43fa5
abstractable.stp.gsl.gsl_cdf_gamma_Qinv.q.0010.smt2	stp	2d85f621589b3b4c46c60857bd7ac96e2578586a
abstractable.stp.gsl.gsl_cdf_gamma_Qinv.q.0019.smt2	stp	
abstractable.stp.gsl.gsl_cdf_gamma_Qinv.q.0018.smt2	stp	958535e143fddbe668b77f817597516d19db3cd3
abstractable.stp.gsl.gsl_cdf_gamma_Qinv.q.0017.smt2	stp	
abstractable.stp.gsl.gsl_cdf_gamma_Qinv.q.0016.smt2	stp	ac9807171ce6c8acc61e01b6375ba1fa61bf4a42
abstractable.stp.gsl.gsl_cdf_gamma_Qinv.q.0015.smt2	stp	e7a1b7af1ac8c0058020c4f22fd5fc8180c456f9
abstractable.stp.gsl.gsl_cdf_gamma_Qinv.q.0014.smt2	stp	b36f00cc52d971c4630e1a33a25df64512f8ecf5
abstractable.stp.gsl.gsl_cdf_gamma_Qinv.q.0013.smt2	stp	f3894810fb7fa650e0292fe750f6a3c6ad5d1e6e
abstractable.stp.gsl.gsl_cdf_gamma_Qinv.q.0012.smt2	stp	02631bb24e412a198452f4cfa19371a7ba8e0a37
abstractable.stp.gsl.gsl_cdf_gamma_Qinv.q.0011.smt2	stp	5c48efc3a1394d5c3cb7339ccbd49a0103d92328
abstractable.stp.gsl.gsl_cdf_gamma_Qinv.q.0010.smt2	stp	2d85f621589b3b4c46c60857bd7ac96e2578586a
abstractable.stp.gsl.gsl_cdf_gamma_Qinv.q.0009.smt2	stp	638ee010acc77203cd47d0b1931cd85ccb86c9db
abstractable.stp.gsl.gsl_cdf_fdist_P.q.0002.smt2	stp	ad1015fad3c2f088c1f3d0fdc2183c9abf90d8f1
abstractable.stp.gsl.gsl_cdf_fdist_P.q.0018.smt2	stp	987c3a74e2b0e9c2ec23d3b46407980c2d2993f8
abstractable.stp.gsl.gsl_cdf_fdist_P.q.0003.smt2	stp	d0ef228d38e85b319cd4d5381ff173759630517d
abstractable.stp.gsl.gsl_cdf_fdist_P.q.0004.smt2	stp	c932390fd75b5a46030f0495f312614690fb5fdc
abstractable.stp.gsl.gsl_cdf_fdist_P.q.0026.smt2	stp	6dabe4e80503a53031f35712189f5737f3e1ce1e
abstractable.stp.gsl.gsl_cdf_fdist_P.q.0027.smt2	stp	f643a2dcbea404524169cdb94ef698e845214b56
abstractable.stp.gsl.gsl_cdf_fdist_P.q.0021.smt2	stp	d012b1f513260835c0a9a6561796c1e09c75580a
abstractable.stp.gsl.gsl_cdf_fdist_P.q.0013.smt2	stp	cb90d7918dbbda0e50fbc7d98461dfe52c5c7ea3
abstractable.stp.gsl.gsl_cdf_fdist_P.q.0025.smt2	stp	9d1deb2146f41adad31763e09547f835fe2cf544
abstractable.stp.gsl.gsl_cdf_fdist_P.q.0025.smt2	stp	9d1deb2146f41adad31763e09547f835fe2cf544
abstractable.stp.gsl.gsl_cdf_fdist_P.q.0024.smt2	stp	e7f840922368c972d8d597270214a1ed4dfa6f38
abstractable.stp.gsl.gsl_cdf_fdist_P.q.0010.smt2	stp	aeeffdaae088842449f29349d61ff56df3cbcd87
abstractable.stp.gsl.gsl_cdf_fdist_P.q.0030.smt2	stp	
abstractable.stp.gsl.gsl_cdf_fdist_P.q.0022.smt2	stp	7a3dd3a5eacf742ba299d53e3d7b90a30851b70c
abstractable.stp.gsl.gsl_cdf_fdist_P.q.0031.smt2	stp	5da89680d5249b963447999cfcb3f6ff86096b69
abstractable.stp.gsl.gsl_cdf_fdist_P.q.0015.smt2	stp	8c8dbb58db59d20b9ac0020cfb536a1076796d47
abstractable.stp.gsl.gsl_cdf_fdist_P.q.0016.smt2	stp	
abstractable.stp.gsl.gsl_cdf_fdist_P.q.0016.smt2	stp	
abstractable.stp.gsl.gsl_cdf_fdist_P.q.0008.smt2	stp	50c9c915ac0aaf6bdb92a44df20e3c95a5edc07d
abstractable.stp.gsl.gsl_cdf_fdist_P.q.0017.smt2	stp	405fd57b2affce101e75b86e279b0b2c7866b85e
abstractable.stp.gsl.gsl_cdf_fdist_P.q.0017.smt2	stp	405fd57b2affce101e75b86e279b0b2c7866b85e
abstractable.stp.gsl.gsl_cdf_fdist_P.q.0011.smt2	stp	2d9ad09734ddf1f8fb2e9bc8624cac6c19239f11
abstractable.stp.gsl.gsl_cdf_fdist_P.q.0023.smt2	stp	
abstractable.stp.gsl.gsl_cdf_fdist_P.q.0023.smt2	stp	
abstractable.stp.gsl.gsl_cdf_fdist_P.q.0009.smt2	stp	
abstractable.stp.gsl.gsl_cdf_chisq_P.q.0004.smt2	stp	491016d80e412b0c463e1b883a89f577d398d200
abstractable.stp.gsl.gsl_cdf_chisq_P.q.0006.smt2	stp	8e6c61d25b31e012948d4a571f074a07c5612b05
abstractable.stp.gsl.gsl_cdf_chisq_P.q.0010.smt2	stp	730c755ed5f28c09674798c9dd34e91087c23154
abstractable.stp.gsl.gsl_cdf_chisq_P.q.0008.smt2	stp	89922488678bad7cc5d48c83777ec2f4e7804d3a
abstractable.stp.gsl.gsl_cdf_chisq_P.q.0018.smt2	stp	90340c78a73966c85efde313c448ad863d34bf2d
abstractable.stp.gsl.gsl_cdf_chisq_P.q.0021.smt2	stp	d64de3b2aa7fd2dc0db7347641815a54a748a62d
abstractable.stp.gsl.gsl_cdf_chisq_P.q.0012.smt2	stp	2ff94c0b1943c887af942fc4e1a18559694ce3fd
abstractable.stp.gsl.gsl_cdf_chisq_P.q.0025.smt2	stp	442d8b929e33be079043d28384a60664f057701f
abstractable.stp.gsl.gsl_cdf_chisq_P.q.0058.smt2	stp	36880baa30433205b45924be673c7224003c24c3
abstractable.stp.gsl.gsl_cdf_chisq_P.q.0051.smt2	stp	8203af0f94adda8459a942a6e17b79685e964a34
abstractable.stp.gsl.gsl_cdf_chisq_P.q.0016.smt2	stp	606f3cb043acd7f97b6bdc08367ba47bd1b4a249
abstractable.stp.gsl.gsl_cdf_chisq_P.q.0048.smt2	stp	fd6208bbff46c9e18bbb2e971acc292de3af9680
abstractable.stp.gsl.gsl_cdf_chisq_P.q.0034.smt2	stp	6fb6b167bdac3437de73333f961c419c5a391f7a
abstractable.stp.gsl.gsl_cdf_chisq_P.q.0032.smt2	stp	a47d8adf348d1005c6f1217358dfa97bb772c80b
abstractable.stp.gsl.gsl_cdf_chisq_P.q.0031.smt2	stp	8a2c17b4fe8b720d675abe722abb667b248112f2
abstractable.stp.gsl.gsl_cdf_chisq_P.q.0046.smt2	stp	135407ab9973c88ed013da381ff571ec0ca7ee5f
abstractable.stp.gsl.gsl_cdf_chisq_P.q.0045.smt2	stp	91a69cdb3ea5249365e6a6960f36e2d155960b1f
abstractable.stp.gsl.gsl_cdf_chisq_P.q.0029.smt2	stp	56652eed922fc80264dcfca83893747c5cca87e8
abstractable.stp.gsl.gsl_cdf_chisq_P.q.0027.smt2	stp	065aea5e19210d1f2249dab5d29f81cb50cdb9c0
abstractable.stp.gsl.gsl_cdf_chisq_P.q.0024.smt2	stp	36844ab6c8662f58e511a2a849afca09c8912a0c
abstractable.stp.gsl.gsl_cdf_chisq_P.q.0061.smt2	stp	824d4905b95c057e8e72d9e40a8c664b5de1fedd
abstractable.stp.gsl.gsl_cdf_chisq_P.q.0030.smt2	stp	696bd8402b142ac8d16eaa95bc572a9ed990f38e
abstractable.stp.gsl.gsl_cdf_chisq_P.q.0030.smt2	stp	696bd8402b142ac8d16eaa95bc572a9ed990f38e
abstractable.stp.gsl.gsl_cdf_chisq_P.q.0060.smt2	stp	7f397b0fb84831d6f59cf1ea7c3a976bbdda3342
abstractable.stp.gsl.gsl_cdf_chisq_P.q.0036.smt2	stp	668a20ba40f78cc5577e6bb2221c8ba37e2b93bd
abstractable.stp.gsl.gsl_cdf_beta_P.q.0020.smt2	stp	df84b29b05012b1023f1652fb2ce641a574fe71c
abstractable.stp.gsl.gsl_cdf_beta_P.q.0019.smt2	stp	
abstractable.stp.gsl.gsl_cdf_beta_P.q.0018.smt2	stp	470d86eb7e5805e47825ae95f8e735470f0cdccb
abstractable.stp.gsl.gsl_cdf_beta_P.q.0017.smt2	stp	44b3aa4b517a930348c0e37fdda33b7be788b909
abstractable.stp.gsl.gsl_cdf_beta_P.q.0016.smt2	stp	4e9bbed049ee972175eb7c94c3e0e3e61f73a609
abstractable.stp.gsl.gsl_cdf_beta_P.q.0015.smt2	stp	d2c4a9a63af8621c4fd91b5f6a7c6d82c2559452
abstractable.stp.gsl.gsl_cdf_beta_P.q.0013.smt2	stp	3cc711433e865eddf5bd307f279ae8749280c2b6
abstractable.stp.gsl.gsl_cdf_beta_P.q.0012.smt2	stp	231789550877b2015dcf168e0059e055f9f39c29
abstractable.stp.gsl.gsl_cdf_beta_P.q.0011.smt2	stp	
abstractable.stp.gsl.gsl_cdf_beta_P.q.0010.smt2	stp	98190d8fa6924ebc009f2d3eb2749a85c865fbab
abstractable.stp.gsl.gsl_cdf_beta_P.q.0009.smt2	stp	21a28caca4cd34747b769e722f434286efb1aa7b
abstractable.stp.gsl.gsl_cdf_beta_P.q.0008.smt2	stp	4575597656a65d17346b6f05cbb2ec29bc8f2440
abstractable.stp.gsl.gsl_cdf_beta_P.q.0020.smt2	stp	df84b29b05012b1023f1652fb2ce641a574fe71c
abstractable.stp.gsl.gsl_cdf_beta_P.q.0020.smt2	stp	df84b29b05012b1023f1652fb2ce641a574fe71c
abstractable.stp.gsl.gsl_cdf_beta_P.q.0019.smt2	stp	
abstractable.stp.gsl.gsl_cdf_beta_P.q.0013.smt2	stp	3cc711433e865eddf5bd307f279ae8749280c2b6
abstractable.stp.gsl.gsl_cdf_beta_P.q.0011.smt2	stp	
abstractable.stp.openlibm.y1f.q.0018.smt2	stp	6d1b716bab1f1a6caed62296e76bc51d8e29f736
abstractable.stp.openlibm.y1f.q.0009.smt2	stp	76beb93bfb2016422d9491d3e662580e4a15b82e
abstractable.stp.openlibm.y1f.q.0010.smt2	stp	e2bc0d4dc840ab59999750f831565e51b2fed0c2
abstractable.stp.openlibm.y1f.q.0020.smt2	stp	d388a7e019ad86be79722ecd7986d9094c5d2268
abstractable.stp.openlibm.y1f.q.0014.smt2	stp	1a50f0d2ba1a6e47ecd01574329993e8e0e3497e
abstractable.stp.openlibm.y1f.q.0013.smt2	stp	f9f81017ba51ad35d5853e3f1158a9069010f1e4
abstractable.stp.openlibm.y1f.q.0025.smt2	stp	b6bcee0078ebe7b3e0e6f94b1d5aa0e5a7b85e72
abstractable.stp.openlibm.y1f.q.0015.smt2	stp	7f5562a38f81933cd198d062e2eb7a3ce224a92a
abstractable.stp.openlibm.y1f.q.0060.smt2	stp	b691063b19bcaac2a5f8a13264b829c1e7e20f30
abstractable.stp.openlibm.y1.q.0018.smt2	stp	c7e213a63de8a15019c498e2ee64d720deb9a1a3
abstractable.stp.openlibm.y1.q.0017.smt2	stp	7fa91c9a66a18c4098f2807b864e586e512ca9b5
abstractable.stp.openlibm.y1.q.0008.smt2	stp	9c6e84efbb3fafa84b26a2898937fff18c0424e4
abstractable.stp.openlibm.y1.q.0010.smt2	stp	c425b062355eb99ad246bdb444ccdaad3542da67
abstractable.stp.openlibm.y1.q.0011.smt2	stp	12b53764941bbf71832125bf59b3f9eab6ecdc9c
abstractable.stp.openlibm.y1.q.0014.smt2	stp	84c1e72c92fb1c2d3ce0961e0204f2fd0626bd9f
abstractable.stp.openlibm.y1.q.0020.smt2	stp	0644d1570fd1f5e60eb626857844a65d6039ad21
abstractable.stp.openlibm.y1.q.0023.smt2	stp	b9cf239bb6882dc7240a800ca154383ec1c3255c
abstractable.stp.openlibm.y1.q.0025.smt2	stp	543a9503844b80e87b243ca45168354f7b9779c9
abstractable.stp.openlibm.y1.q.0024.smt2	stp	46ab37c176c31f19635bc2ca0fea2e790fe16e29
abstractable.stp.openlibm.y1.q.0015.smt2	stp	8b504dca451edb151d91c908c089a8de61819cd9
abstractable.stp.openlibm.y1.q.0021.smt2	stp	34d4d371577d42d213819aa7bfb4d26b2a1e8965
abstractable.stp.openlibm.y1.q.0013.smt2	stp	41aab8c80e6e05ff0bffd08efe4cd0147acc4ce2
abstractable.stp.openlibm.y1.q.0012.smt2	stp	c0f7bf1d549245bcc85190dfa22de8161535920a
abstractable.stp.openlibm.y1.q.0035.smt2	stp	41222366ddbe305056e34287b66f9677305e93c5
abstractable.stp.openlibm.y1.q.0043.smt2	stp	b035d82a8489295a9255b0d452f0357dcca799a3
abstractable.stp.openlibm.y1.q.0039.smt2	stp	006441b488e2112ceaa128d475e00498c142260a
abstractable.stp.openlibm.y1.q.0036.smt2	stp	dd7c986a7616097361f0f233fc5f1add68f11fed
abstractable.stp.openlibm.y1.q.0044.smt2	stp	545bf50078987a57a40a8cae32b1bda2c7028945
abstractable.stp.openlibm.y1.q.0040.smt2	stp	647e1e62a6492d4b9efde4a8186676cc44311c3f
abstractable.stp.openlibm.y1.q.0034.smt2	stp	c7e3004864ad1f7a75bdaf1d775a9b867737ce1b
abstractable.stp.openlibm.y1.q.0047.smt2	stp	22e1dad2e8c281543e7895a3b6550ec67fccdc5e
abstractable.stp.openlibm.y1.q.0045.smt2	stp	c0f4d7ce63dc8f10d0f598e2abadfc3486ff072e
abstractable.stp.openlibm.y1.q.0048.smt2	stp	c18a6b1b2c1d21ee2b8fa3576628e0e94c8ab3d2
abstractable.stp.openlibm.y1.q.0050.smt2	stp	aab6cf44f8e7871dec3bdaa637333a8d20239531
abstractable.stp.openlibm.y0.q.0027.smt2	stp	aacdf2867d880ffdb7e367add745da9d370f537b
abstractable.stp.openlibm.y0.q.0008.smt2	stp	0dc3894c2e7b653de95e99625598dcb42c59bae6
abstractable.stp.openlibm.y0.q.0029.smt2	stp	7d48eacc7d16fd90f56408e2522636d02560c629
abstractable.stp.openlibm.y0.q.0047.smt2	stp	33892fc835abe1fb122434b98fb69fcd40db692b
abstractable.stp.openlibm.y0.q.0007.smt2	stp	a77c639255f669758e1685ca1194273747d4bc6f
abstractable.stp.openlibm.y0.q.0019.smt2	stp	f2786d8c7a4a031ab445360a926a87a747c6d5f7
abstractable.stp.openlibm.y0.q.0010.smt2	stp	4c8113904c21c3291a0cba4360b3a23042d52e68
abstractable.stp.openlibm.y0.q.0020.smt2	stp	14ca45ad7b939665ce13984b86a3313715e5f832
abstractable.stp.openlibm.y0.q.0011.smt2	stp	c9ded30da89ef9c7bbb0590df1863ce7cb4c1a4a
abstractable.stp.openlibm.y0.q.0034.smt2	stp	fbcfdc34ea6448da5013eb1a0b28133e4ac36d24
abstractable.stp.openlibm.y0.q.0021.smt2	stp	342f169feae4d25f69b07d01fb812c605223812b
abstractable.stp.openlibm.y0.q.0048.smt2	stp	a09e2b815230289dbcfbec87693a89cf7f92cf1d
abstractable.stp.openlibm.y0.q.0024.smt2	stp	dc20b0e4258642c887b5b3de618a0cd68de78154
abstractable.stp.openlibm.y0.q.0045.smt2	stp	1c2bd38e0b67e17d9735e5d65c4b2b5f2e519181
abstractable.stp.openlibm.y0.q.0051.smt2	stp	2b002bcae22572ac9b587cbd95dae27fb78d12a8
abstractable.stp.openlibm.y0.q.0036.smt2	stp	55c2bb90e904b37a60a43aad4388ef985bd176e1
abstractable.stp.openlibm.y0.q.0026.smt2	stp	397432ab9744b98405139c16f0960fa4b75a9eaf
abstractable.stp.openlibm.y0.q.0017.smt2	stp	bd9a9b37c7a3e62d11ce71e601fb4f6cc4ae95ed
abstractable.stp.openlibm.y0.q.0016.smt2	stp	a41a8902537b77ac25a82d4c6b97ddb12644d37a
abstractable.stp.openlibm.y0.q.0032.smt2	stp	7180c7974d504694416f5f0d100f7308d9fa6eb1
abstractable.stp.openlibm.y0.q.0049.smt2	stp	aae1ec2bfab7092e70de90efe98061791b8c754e
abstractable.stp.openlibm.y0.q.0022.smt2	stp	448edc176130011f558933e34280264836269d1d
abstractable.bwz.f2clapack.qtrsm_.q00022.smt2	bwz	6babf90bbe80ffedb0a5d429de7dd56a8512afe7
abstractable.bwz.f2clapack.qtrsm_.q00021.smt2	bwz	766705f8a3b91376da82ca086f612625cca0cdce
abstractable.bwz.f2clapack.qtrsm_.q00020.smt2	bwz	96ebb5d77beb93af3ca3c6540e5d24c3dff9b3f8
abstractable.bwz.f2clapack.qtrsm_.q00019.smt2	bwz	0b04dbceebe623800c04b9b2526185017d5c5d97
abstractable.bwz.f2clapack.qgesv_.q00035.smt2	bwz	53482c923cb0191d4e59601a959e6c5572d84c8a
abstractable.bwz.f2clapack.qgesv_.q00034.smt2	bwz	dd1e09ebd8218bb8f521e6ddac5362d985dbcbaf
abstractable.bwz.f2clapack.qgesv_.q00033.smt2	bwz	f430229596d063c84e2ca3bb9cbabe33ef468d40
abstractable.bwz.f2clapack.qgesv_.q00032.smt2	bwz	688ebc003085c64757788ebc907fa12a2b2ed1f3
abstractable.bwz.f2clapack.qgesv_.q00031.smt2	bwz	688ebc003085c64757788ebc907fa12a2b2ed1f3
abstractable.bwz.f2clapack.qgesv_.q00030.smt2	bwz	5fcd885866612710bfa3613e4332e03ac787f8ee
abstractable.bwz.f2clapack.qgesv_.q00029.smt2	bwz	5fcd885866612710bfa3613e4332e03ac787f8ee
abstractable.bwz.f2clapack.qgesv_.q00028.smt2	bwz	c46279c6aafe3c19fcabc348addf79a8357f355f
abstractable.bwz.f2clapack.qgesv_.q00027.smt2	bwz	8949faf6bf381a0c70628e1541c077fc96b15657
abstractable.bwz.f2clapack.qgesv_.q00026.smt2	bwz	8949faf6bf381a0c70628e1541c077fc96b15657
abstractable.bwz.f2clapack.qgesv_.q00025.smt2	bwz	9146d525ef3a8bde147ddc5c6dd0ad4e00543074
abstractable.bwz.f2clapack.qgesv_.q00024.smt2	bwz	9146d525ef3a8bde147ddc5c6dd0ad4e00543074
abstractable.stp.openlibm.y0.q.0013.smt2	stp	5ea029f54473dcc1c21fe88d5a35f6ce71161561
abstractable.stp.openlibm.y0.q.0053.smt2	stp	589522614eaf852789f0c51616c2de2e38f50b66
abstractable.stp.openlibm.y0.q.0076.smt2	stp	a701010d2e05a6ee8f9d60e707af48529789c770
abstractable.stp.openlibm.tan.q.0027.smt2	stp	56a1c9b28742f6d4dd87180d1e60b0b6082f7fd7
abstractable.stp.openlibm.tan.q.0026.smt2	stp	5420cae272e43defb63c7e733acebd94b34d87bc
abstractable.stp.openlibm.tan.q.0025.smt2	stp	8d1dd9614eac515ce0432639c5fa9fe2d618ec36
abstractable.stp.openlibm.tan.q.0024.smt2	stp	0e33b41f07a7463a58663503feed2ffdb3b3b007
abstractable.stp.openlibm.tan.q.0023.smt2	stp	05e700d84e73b70374df58c29b2837d5d889c697
abstractable.stp.openlibm.tan.q.0022.smt2	stp	fa52908d92e1f67a450bb5b8bb76117f4fd2aaa8
abstractable.stp.openlibm.tan.q.0021.smt2	stp	af31e886313fc930c09f34790148bf34566b0f59
abstractable.stp.openlibm.tan.q.0020.smt2	stp	0df091ebca099725ab79fb57e3eef289da6302e7
abstractable.stp.openlibm.tan.q.0019.smt2	stp	f33a3cbba98c3b16f3517db03b3d9cb8fdda9814
abstractable.stp.openlibm.tan.q.0018.smt2	stp	e9c24ac84246d8d50a86b63d7e3bfc7c93b36c21
abstractable.stp.openlibm.tan.q.0017.smt2	stp	7f0461d4edd6193de0f9945db19936c68524d510
abstractable.stp.openlibm.tan.q.0016.smt2	stp	3a7b92e0c0f6f0da8df192cbc1cdc84e794dfe63
abstractable.stp.openlibm.tan.q.0015.smt2	stp	0baef8c0ea6725c67126c3d01352e546ae3eb8fa
abstractable.stp.openlibm.tan.q.0014.smt2	stp	bfe44e9927f6cec1b7dcb2d9a34253880ddf7586
abstractable.stp.openlibm.tan.q.0013.smt2	stp	6a1ba128d615278932bf7eec65beb57be79c7949
abstractable.stp.openlibm.tan.q.0012.smt2	stp	3c7bf8488e4ed2770ab0b79a0ec5454a92d0f3b6
abstractable.stp.openlibm.tan.q.0011.smt2	stp	aab6283073664572ca530f52c70e3f255aa949b7
abstractable.stp.openlibm.tan.q.0010.smt2	stp	c7e45b0600374465d33cabb1ba11c2a0d774f580
abstractable.stp.openlibm.tan.q.0009.smt2	stp	f67ef17a1c688366a177ece1dc5dd83e78a0f9e4
abstractable.stp.openlibm.tan.q.0008.smt2	stp	ca9cd3326489a104d69c7d2193123f4e735cc470
abstractable.stp.openlibm.tan.q.0007.smt2	stp	0ffb8733216fb1f64a2dfd1ba09917f616096580
abstractable.stp.openlibm.tan.q.0008.smt2	stp	ca9cd3326489a104d69c7d2193123f4e735cc470
abstractable.stp.openlibm.tan.q.0022.smt2	stp	fa52908d92e1f67a450bb5b8bb76117f4fd2aaa8
abstractable.stp.openlibm.sincosf.q.0017.smt2	stp	478b12a36e613cf12325e10ccce22a85bc929b00
abstractable.stp.openlibm.sincosf.q.0016.smt2	stp	3b83a0704d2a4044281505b783a06a94214000e3
abstractable.stp.openlibm.sincosf.q.0018.smt2	stp	1ee59cbd84bbcfd628a56826d6f9b815f241efda
abstractable.stp.openlibm.sincosf.q.0020.smt2	stp	b9a6ab001204f176daa765920c1647a123ef519f
abstractable.stp.openlibm.sincosf.q.0021.smt2	stp	33bcdbd5b8c9c73026124d2ef9e737007eee746b
abstractable.stp.openlibm.sincosf.q.0023.smt2	stp	065cfed153932f22c0c9062f0575ae7728158325
abstractable.stp.openlibm.y1f.q.0039.smt2	stp	b45415e01e44ea6603f87b466c1b1ebac14798f1
abstractable.stp.openlibm.y1f.q.0042.smt2	stp	0946d66d58a8beeeba35c3f18a3203ce263c0c62
abstractable.stp.openlibm.y1f.q.0045.smt2	stp	ce435ac8ffa007406d242b5948a542373a635e7f
abstractable.stp.openlibm.y1f.q.0046.smt2	stp	c7a982190c58e11e0de8ef2c5104fe20386e87c8
abstractable.stp.openlibm.y1f.q.0050.smt2	stp	e60937623a49f1eb90a3d14f970108c725b401f4
abstractable.stp.openlibm.y1f.q.0049.smt2	stp	d545810b79ebcfe2a33e2b8a2178ec977ac150ed
abstractable.stp.openlibm.y1f.q.0047.smt2	stp	0cd3f294bfd2c1329a1a6e2d5366c9741cf18328
abstractable.stp.openlibm.y1f.q.0048.smt2	stp	40763b383770ea41eeaf40b0e8f6c04e081e8ea6
abstractable.stp.openlibm.y1f.q.0052.smt2	stp	f1c0e135a0c3879fd23f9160e114bd7bda331b56
abstractable.stp.openlibm.y1f.q.0054.smt2	stp	b86eb11d392f1e820194c28b7e73e99ee16e1560
abstractable.stp.openlibm.y1f.q.0053.smt2	stp	538d3fa0f7cae1934990d5c51dcf46b0427daf13
abstractable.stp.openlibm.y1f.q.0055.smt2	stp	e5bad8617010fe2c9225c770ee0e87f2fdf9d006
abstractable.stp.openlibm.y1f.q.0055.smt2	stp	e5bad8617010fe2c9225c770ee0e87f2fdf9d006
abstractable.stp.openlibm.y1f.q.0056.smt2	stp	c6cff82ddb2a54c943c354ae407890462b56e2af
abstractable.stp.openlibm.y1f.q.0057.smt2	stp	450b0626ddabbf6a3129e04e2505e1adbe2c432c
abstractable.stp.openlibm.y1f.q.0059.smt2	stp	c27fd6af1683d234659e2ed5b9810484fa0bd103
abstractable.bwz.f2clapack.qgesv_.q00023.smt2	bwz	a89fcd249049feee5b231819b17c71671fd72541
abstractable.bwz.f2clapack.qgesv_.q00022.smt2	bwz	b8e562ebdf127fd05b2d6294233b20e686f272b5
abstractable.bwz.f2clapack.qgesv_.q00021.smt2	bwz	7812cc83796fc94d3bddf074999db1fdc81e306a
abstractable.bwz.f2clapack.qgesv_.q00020.smt2	bwz	07bed7618b382f7e12e278a90e6c2b9efacd5a59
abstractable.bwz.f2clapack.qgesv_.q00019.smt2	bwz	bd474e58828a119d000c809993787749e55e2792
abstractable.bwz.f2clapack.qgesv_.q00018.smt2	bwz	348ee1a094b477b449e16baec7639d4d470883e9
abstractable.bwz.f2clapack.qgesv_.q00017.smt2	bwz	fa9f34019a87544b87c0f7248b266cab34a20e98
abstractable.bwz.f2clapack.qgesv_.q00016.smt2	bwz	32bf1e92c10fe80f15913546932f8ffbf850cf19
abstractable.bwz.f2clapack.qgesv_.q00015.smt2	bwz	e0bc9f3eb73ef637ac6bfcda23b260fee54320a4
abstractable.bwz.f2clapack.qgesv_.q00014.smt2	bwz	8122516b576c3314b63ce196f7c1b4515ce6261c
abstractable.bwz.f2clapack.qgesv_.q00013.smt2	bwz	b86c8fe5dff20383a4969ad36186c6cc8cb45619
abstractable.bwz.f2clapack.qgesv_.q00012.smt2	bwz	be478a5ddf4f20abeb06b09017cc5ade92a3d11e
abstractable.bwz.f2clapack.qgesv_.q00011.smt2	bwz	7c9adea60303f7fbf5e33d8bc5bd8e5c595a8c94
abstractable.bwz.f2clapack.qgesv_.q00010.smt2	bwz	5ffdd4b2e20d5dfed91ead61f002d47f94132fc8
abstractable.bwz.f2clapack.qgesv_.q00009.smt2	bwz	0449c5f9c4e9d5b83aea2eb915de86b211220a3c
abstractable.bwz.f2clapack.qgesv_.q00008.smt2	bwz	d482f151b14dd43a6bcab8d3fb5f0aea8a6150f6
abstractable.stp.openlibm.jnf.q.0573.smt2	stp	613b0bbfb11fe81d0979f2d0144769b45f468f11
abstractable.stp.openlibm.jnf.q.0553.smt2	stp	07b0fd4246089cceba8c55e4f07df52b7bc38ae3
abstractable.stp.openlibm.jnf.q.0628.smt2	stp	36b2c131eddd34b36627ef8fa1004ba897623dc0
abstractable.stp.openlibm.jnf.q.0709.smt2	stp	504dfdbd4c4163ae8d20daf620f0fc72a94d63c1
abstractable.stp.openlibm.jnf.q.0737.smt2	stp	a5ae76ea64fca20ea3e0f6d6b8bb4f8bb82658a6
abstractable.stp.openlibm.jnf.q.0800.smt2	stp	a372e81602e5d27b4d1fac66cf171f5f41eed9e0
abstractable.stp.openlibm.jnf.q.0885.smt2	stp	b1013e55a6c4b549328358a1d1de750398e8f9e7
abstractable.stp.openlibm.jnf.q.0949.smt2	stp	da69dd4e5354e68650ca6a7445bec374e367afc6
abstractable.stp.openlibm.jnf.q.1003.smt2	stp	2f7be5ee14c08756902c8f687e9fcd540e352d96
abstractable.stp.openlibm.jnf.q.1025.smt2	stp	246503225d5f7097e599551a27ccf1e0d330c0f0
abstractable.stp.openlibm.jnf.q.1146.smt2	stp	f47e46c7695c3df6fd30cae3a364f0d24712907b
abstractable.stp.openlibm.jnf.q.1167.smt2	stp	1fc8aa492e63610cf3ec4843c6864e0cd54e2ad0
abstractable.stp.openlibm.jnf.q.1214.smt2	stp	b94a6d984d4a23a82e627f48111a121e67b8a072
abstractable.stp.openlibm.jnf.q.1316.smt2	stp	e62c04883c26931c5a7bc423140bc673564f6a7c
abstractable.stp.openlibm.jnf.q.1378.smt2	stp	d31f86440d0f235dc151ad896f294a86b1d50531
abstractable.stp.openlibm.jnf.q.1449.smt2	stp	53c07f9119d1a2492054635fe26abc530457c371
abstractable.stp.openlibm.sincosf.q.0035.smt2	stp	d23942d445917868b0a3b79afeb83dc03ccba960
abstractable.stp.openlibm.sincosf.q.0035.smt2	stp	d23942d445917868b0a3b79afeb83dc03ccba960
abstractable.stp.openlibm.sincosf.q.0036.smt2	stp	b1a2aa7b0d04fe5238c4167cdc1c18c6d96021d8
abstractable.stp.openlibm.scalbln.q.0015.smt2	stp	d61e2ba0f82d9b26ba2a1e5d5f0dc82dc133cb25
abstractable.stp.openlibm.scalbln.q.0014.smt2	stp	34a8803b17d04ba0732c8d56e3bce9d10244ba2e
abstractable.stp.openlibm.scalbln.q.0013.smt2	stp	fc01ee0a245fb1ad529b5634d590fe8047820ef3
abstractable.stp.openlibm.scalbln.q.0012.smt2	stp	a97f1fe4a5b8c6ac0c33c6be43aa1125f94c170b
abstractable.stp.openlibm.scalbln.q.0014.smt2	stp	34a8803b17d04ba0732c8d56e3bce9d10244ba2e
abstractable.stp.openlibm.jnf.q.0020.smt2	stp	caa912ee57298a9e8a02f578c35d011caf2de941
abstractable.stp.openlibm.jnf.q.0096.smt2	stp	27e14e6419af2393cc84bee161e1c09ebc11c402
abstractable.stp.openlibm.jnf.q.0184.smt2	stp	586c45c5e2d516bd8a96a4f2569d4b44443a2cc4
abstractable.stp.openlibm.jnf.q.0221.smt2	stp	9163071b5ca9218dcfd0a4fec08f1aa962f75d57
abstractable.stp.openlibm.jnf.q.0282.smt2	stp	54e37e9c4035838c48aac1efdb63dc90b0e2bf6d
abstractable.stp.openlibm.jnf.q.0351.smt2	stp	f70075bd5f6931b1db97536d4ea53e15c7110389
abstractable.stp.openlibm.jnf.q.0416.smt2	stp	f02c9f820692751a1cd42a37ba99150a5fdf3a77
abstractable.stp.openlibm.jnf.q.0546.smt2	stp	715dd19a2f170d88f3af4c3512ff8240b4202000
abstractable.stp.openlibm.jnf.q.1459.smt2	stp	4decc4126d32080929bf66b810d0ab3289cbc2fd
abstractable.stp.openlibm.log1p.q.0022.smt2	stp	1ccd66015cc0757aaebb637d388d3a6e54181da7
abstractable.stp.openlibm.log1p.q.0015.smt2	stp	6810b43daf35036bcf9bef1cf6304e1db0f87dfd
abstractable.stp.openlibm.log1p.q.0014.smt2	stp	582fc516bb8d78392565e52f3ce848767ca6fb09
abstractable.stp.openlibm.log1p.q.0013.smt2	stp	82de7232d052930120a6aad523775bfcb1ed23ee
abstractable.stp.openlibm.log1p.q.0036.smt2	stp	c8a5356fc8136e0e865eb1a52de3b75841430da2
abstractable.stp.openlibm.log1p.q.0020.smt2	stp	9b57d3106638396fed3f1e30358f90825cb7b629
abstractable.stp.openlibm.log1p.q.0012.smt2	stp	3b15b27a7044dcaadcfedecc6284ba14e02e733b
abstractable.stp.openlibm.log1p.q.0020.smt2	stp	9b57d3106638396fed3f1e30358f90825cb7b629
abstractable.stp.openlibm.log1p.q.0040.smt2	stp	da9ebf4ec064297cbfc4849bffaee81e344ddd66
abstractable.stp.openlibm.log1p.q.0034.smt2	stp	e6403bf130920c886b54f22ed44d12801cabfd1a
abstractable.stp.openlibm.log1p.q.0023.smt2	stp	1fc3f7db9a3a8a0aca0f6e7f1dd403ee6dbb5f5f
abstractable.stp.openlibm.log1p.q.0030.smt2	stp	8c066330d3d16cf4cd8e02ef12c621afd43e5168
abstractable.stp.openlibm.log1p.q.0008.smt2	stp	a6437adff9f0d89ee0c1aeff10a14d011bca2eb7
abstractable.stp.openlibm.log1p.q.0021.smt2	stp	2dabaf18c22c374b62f8d60298f61b30db9d914a
abstractable.stp.openlibm.log1p.q.0017.smt2	stp	5bab475e3a9e56d03148f6979c568eecb6a3254a
abstractable.stp.openlibm.log1p.q.0019.smt2	stp	ee2e79dd008e00fd565d9136ecb85271a1422332
abstractable.stp.openlibm.log1p.q.0035.smt2	stp	ab02fb3d302896573fbc7382a4a55e96eb263af7
abstractable.stp.openlibm.log1p.q.0018.smt2	stp	255688dae4e5fa6f360be20a387bc70a5103b161
abstractable.stp.openlibm.log1p.q.0024.smt2	stp	8cd4b0027b5eb1e7a2f018e7bd3cc7fe1c7ba68e
abstractable.stp.openlibm.log1p.q.0033.smt2	stp	1f2cf135da0f646b856f62895ea79818f0b0b9e0
abstractable.stp.openlibm.log1p.q.0018.smt2	stp	255688dae4e5fa6f360be20a387bc70a5103b161
abstractable.stp.openlibm.log1p.q.0038.smt2	stp	3513de735dd6b9d50d735598a045405d4e343beb
abstractable.stp.openlibm.log1p.q.0031.smt2	stp	b037e434f5a69bb03f6872e00fbb486c9a0ec94f
abstractable.stp.openlibm.log1p.q.0039.smt2	stp	04b33f591529d303664100a0a28d75639ed2bdc5
abstractable.stp.openlibm.log1p.q.0038.smt2	stp	3513de735dd6b9d50d735598a045405d4e343beb
abstractable.stp.openlibm.lgammaf_r.q.0091.smt2	stp	0b90383f4af9e93b73a6f25a1ef96a36e257fe7e
abstractable.stp.openlibm.lgammaf_r.q.0094.smt2	stp	d47d282bae65b59b198b0a85997b53f12ab8c526
abstractable.stp.openlibm.lgammaf_r.q.0025.smt2	stp	99b606727d2c7a26b707c5f08ac2e11b43c5ccd4
abstractable.stp.openlibm.lgammaf_r.q.0095.smt2	stp	db94a9fcad154540911ed94f0e0374258b306e1a
abstractable.stp.openlibm.lgammaf_r.q.0059.smt2	stp	46691c0e8a50bef692a2b610b345866458748d25
abstractable.stp.openlibm.lgammaf_r.q.0041.smt2	stp	af02343bef5f2acea2bb2dd5ac0a934baa67ea3a
abstractable.stp.openlibm.lgammaf_r.q.0033.smt2	stp	f784bd99fce8d7e0567da404da80ba2a52aefc70
abstractable.stp.openlibm.lgammaf_r.q.0071.smt2	stp	f053463f59a9ffac73987d48c9ccd237c6048b88
abstractable.stp.openlibm.lgammaf_r.q.0063.smt2	stp	46a8770bea4467a99c2e3f99baf45f19ab626651
abstractable.stp.openlibm.lgammaf_r.q.0060.smt2	stp	3e175ca3b708faffcd77e3f13ed173ca3c739ff6
abstractable.stp.openlibm.lgammaf_r.q.0063.smt2	stp	46a8770bea4467a99c2e3f99baf45f19ab626651
abstractable.stp.openlibm.lgammaf_r.q.0038.smt2	stp	6fb74bdacff4acb8bfc1fcfacd1f9f5c645fb46f
abstractable.stp.openlibm.lgammaf_r.q.0073.smt2	stp	dd1641851fe1d4765b5b1ce9c06c17bb4c93a39c
abstractable.stp.openlibm.lgammaf_r.q.0073.smt2	stp	dd1641851fe1d4765b5b1ce9c06c17bb4c93a39c
abstractable.stp.openlibm.lgammaf_r.q.0053.smt2	stp	9af2bd8ca700c0f7d26d8a21960b5ac1467b12c2
abstractable.stp.openlibm.lgammaf_r.q.0055.smt2	stp	45adb3774e53434c9bdc4df5dd00c132f5594e7d
abstractable.stp.openlibm.lgammaf_r.q.0062.smt2	stp	7e4cee170e45b2e92ab32fe9b0ec7c724d996036
abstractable.stp.openlibm.lgammaf_r.q.0044.smt2	stp	468927f447c1efe2af0af7e14f0e9ec6e2425b80
abstractable.stp.openlibm.lgammaf_r.q.0039.smt2	stp	4eca9b5965e0c03403092804bc8ef93b9a3d40c6
abstractable.stp.openlibm.lgammaf_r.q.0113.smt2	stp	075d40cccf03e06260a7c58c52f215ebf1e81d4a
abstractable.stp.openlibm.lgammaf_r.q.0112.smt2	stp	983bfdbcf2ebd1d502e442a57f4d9b2af2b7b081
abstractable.stp.openlibm.lgammaf_r.q.0111.smt2	stp	9f2d51983223d51dfc7e7bc8521d2c6bec6a6369
abstractable.stp.openlibm.atan2f.q.0026.smt2	stp	c0471bf32468a2d73d99232eacf82070094bbe54
abstractable.stp.openlibm.atan2f.q.0027.smt2	stp	24e3a155777c9486dbfe82170eddeadc6639c06d
abstractable.stp.openlibm.atan2f.q.0039.smt2	stp	b488fa92e6a5aa4456d38175cbd5367ba2f274cc
abstractable.stp.openlibm.atan2f.q.0025.smt2	stp	bbffd742857adc2732cf6926b2e949e486fa9ad2
abstractable.stp.openlibm.atan2f.q.0038.smt2	stp	3ec22e01be5c0b2a3ada19e8e7d0dd415611de78
abstractable.stp.openlibm.atan2f.q.0034.smt2	stp	15cc741e73690044daa8f4810d1cf591e9b11ba7
abstractable.stp.openlibm.atan2f.q.0027.smt2	stp	24e3a155777c9486dbfe82170eddeadc6639c06d
abstractable.stp.openlibm.atan2f.q.0028.smt2	stp	94490151ce5cc8c204bda6442a28b60d9359377a
abstractable.stp.openlibm.atan2f.q.0025.smt2	stp	bbffd742857adc2732cf6926b2e949e486fa9ad2
abstractable.stp.openlibm.atan2f.q.0016.smt2	stp	0d1e65c66b1fb0d5d44b166c844ead325b73592f
abstractable.stp.openlibm.atan2f.q.0042.smt2	stp	9f2de360b90aa2987feae4e424f94c3b0f48257d
abstractable.stp.openlibm.atan2f.q.0028.smt2	stp	94490151ce5cc8c204bda6442a28b60d9359377a
abstractable.stp.openlibm.asinf.q.0004.smt2	stp	0e6d01db37f148f40e2e842ce59a6f31b94cc654
abstractable.stp.openlibm.atan2.q.0086.smt2	stp	fc8374bd61c46fd80ff2529d9015c2ddf72a1c7d
abstractable.stp.openlibm.atan2.q.0014.smt2	stp	a3b409ff327f1987909815f8f88f418b5251ed06
abstractable.stp.openlibm.atan2.q.0048.smt2	stp	846b046a6263cec91204be3178843e5ec7877784
abstractable.stp.openlibm.lgammaf_r.q.0118.smt2	stp	040f8f394f732bd11cf0ad83fb789816751d09e6
abstractable.stp.openlibm.lgammaf_r.q.0126.smt2	stp	0bd2f202d5c2cca73b6c54a0362f1d0cf2e05be2
abstractable.stp.openlibm.lgammaf_r.q.0119.smt2	stp	a5f28d40fc6a5818073150b907ed89a1c3224510
abstractable.stp.openlibm.atan2f.q.0088.smt2	stp	ca815eab20885e7bc70af02d2b84e05612996894
abstractable.stp.openlibm.atan2f.q.0043.smt2	stp	63dce536868c14c9356cf7160e9d7e49ebe95ea2
abstractable.stp.openlibm.atan2f.q.0051.smt2	stp	f41d0654ec4366c74f28c1cff5721841518f418f
abstractable.stp.openlibm.atan2f.q.0045.smt2	stp	a61170e4a4e89eb144964d365e55cbae26d93fbc
abstractable.stp.openlibm.atan2f.q.0013.smt2	stp	3dc2fee6369cda8ad4b7bd6a6bb201a6f7a2dbbf
abstractable.stp.openlibm.atan2f.q.0047.smt2	stp	2ad3c93164ae8efe148879871a22e7076de024fa
abstractable.stp.openlibm.atan2f.q.0015.smt2	stp	979323d963805ee74de5c5c10a6ac28bdae9b25a
abstractable.stp.openlibm.atan2f.q.0033.smt2	stp	8875cf5598d218d32c43eb09aab95416aba4a6be
abstractable.stp.openlibm.atan2f.q.0040.smt2	stp	40fd3e54062110111afd0935d3cf4317d009c835
abstractable.stp.openlibm.atan2f.q.0027.smt2	stp	24e3a155777c9486dbfe82170eddeadc6639c06d
abstractable.stp.openlibm.atan2f.q.0035.smt2	stp	78eac39e1f006f6ff325e8a72bdc36328897e7f0
abstractable.stp.openlibm.atan2f.q.0017.smt2	stp	fa4e9605735225394646674ced800338c8dc09ce
abstractable.stp.openlibm.atan2f.q.0030.smt2	stp	b5f7f04ff3ed761d34f0224c5a5c5cc6da23cece
abstractable.stp.openlibm.atan2.q.0047.smt2	stp	b39ee1a3a57ef73dc99d41cf4866e1126580056d
abstractable.stp.openlibm.atan2.q.0045.smt2	stp	d5e5ee083bca563ff85cc16499d245e884d3431d
abstractable.stp.openlibm.atan2.q.0024.smt2	stp	a663168f44c00acb3b119e29daca0645af062ae2
abstractable.stp.openlibm.atan2.q.0033.smt2	stp	e7027ee922d82a4397049ded57330918541bdbd3
abstractable.stp.openlibm.atan2.q.0015.smt2	stp	0f6a3e0788754b48bb5fb2013a0f4635a2dcff32
abstractable.stp.openlibm.atan2.q.0033.smt2	stp	e7027ee922d82a4397049ded57330918541bdbd3
abstractable.stp.openlibm.atan2.q.0026.smt2	stp	5ac86fc107690bdad05ec6c454e6074c38c3bf0e
abstractable.stp.openlibm.atan2.q.0040.smt2	stp	3f811badeee5529159116ccf913975021942cb01
abstractable.stp.openlibm.atan2.q.0032.smt2	stp	152738a365597d23d3e6a728f04e7ca512c26962
abstractable.stp.openlibm.atan2.q.0035.smt2	stp	a0e3bbf15f4778198fd6a3b75ead5a8576af7f60
abstractable.stp.openlibm.atan2.q.0021.smt2	stp	f49134d32d5dbaa096e80a2931d2d4999ad1c38f
abstractable.stp.openlibm.atan2.q.0017.smt2	stp	e9d01fb18954cdf151c1aaf396c3e906fadf337a
abstractable.stp.openlibm.atan2.q.0018.smt2	stp	731f5d1ac1abf2b11adad74a4599c1dc81f57d8e
abstractable.stp.openlibm.atan2.q.0042.smt2	stp	b52a8e67bec997a6233da38c6f893206b6584cb6
abstractable.stp.openlibm.atan2.q.0038.smt2	stp	f14ae9e93aa1febbc71a2d129832f0c890a5792e
abstractable.stp.openlibm.atan2.q.0032.smt2	stp	152738a365597d23d3e6a728f04e7ca512c26962
abstractable.stp.openlibm.atan2.q.0034.smt2	stp	8ca1730c6ff5d177d7f4583d56511c210ea971d2
abstractable.stp.openlibm.atan2.q.0022.smt2	stp	a4f0fc971df8ccad84620beb9e8e16b1edc4bf46
abstractable.stp.openlibm.atan2.q.0018.smt2	stp	731f5d1ac1abf2b11adad74a4599c1dc81f57d8e
abstractable.stp.openlibm.atan2.q.0041.smt2	stp	6ec5e620e46a329293919f27c2573329a47c5938
abstractable.stp.openlibm.atan2.q.0019.smt2	stp	6e78bdf0770f9286928faf827e0a5b31191463ee
abstractable.stp.openlibm.atan2.q.0029.smt2	stp	785cf02cd12354e2e7d537956274d78cc7aee34e
abstractable.stp.blis.bli_trmm3.q.0008.smt2	stp	9973fe5c544a78e8c9818c5ccca8544493a36307
abstractable.stp.blis.bli_normfm.q.0051.smt2	stp	d6d5095fa5631a0b391568dd332a582adb535054
abstractable.stp.blis.bli_normfm.q.0054.smt2	stp	4ec1fe7d93eff482cfc12e38b681cbc852c584b2
abstractable.stp.blis.bli_normfm.q.0093.smt2	stp	1da67205cd4dcffe734c80773804a70b9f1d9105
abstractable.stp.blis.bli_normfm.q.0059.smt2	stp	999698d2896988683d930c02419c6cc1e42d68af
abstractable.stp.blis.bli_normfm.q.0081.smt2	stp	0945f23d83cc77a3bfb1f82f51693b76184a38a3
abstractable.stp.blis.bli_normfm.q.0026.smt2	stp	afff03190abf211fb979b81dc668f2af73d34caa
abstractable.stp.blis.bli_normfm.q.0096.smt2	stp	196c1a575f723d64de22d893a979fc2128f159e2
abstractable.stp.blis.bli_normfm.q.0057.smt2	stp	315e2342c5a75e1913517d5926a4d76392674820
abstractable.stp.blis.bli_normfm.q.0070.smt2	stp	ed78c9f8cafa5b308477af339baf84a5a5ead966
abstractable.stp.blis.bli_gemm.q.0006.smt2	stp	9973fe5c544a78e8c9818c5ccca8544493a36307
abstractable.stp.blis.bli_gemv.q.0005.smt2	stp	a598c99d17be7ebaa3ee08812289d231d62fb1dd
abstractable.stp.blis.bli_gemv.q.0060.smt2	stp	ef3ff0dcc422e079f5db56c8bb176a112aa745e7
abstractable.stp.blis.bli_gemv.q.0077.smt2	stp	ea440934f156f970db02a06a2c499c9eb8e2a35f
abstractable.stp.blis.bli_gemv.q.0078.smt2	stp	8fc1e7b88f8fbd902691bfde49f2e592ff86b3c6
abstractable.stp.blis.bli_gemv.q.0070.smt2	stp	d8cc96f9591204412c604c90828a573b28b552ef
abstractable.stp.blis.bli_gemv.q.0083.smt2	stp	6a62fceee85c85b188741804b1ad27bbd2d7cbf7
abstractable.stp.blis.bli_gemv.q.0018.smt2	stp	45d376205439fe135e6076fc5646695b183824a3
abstractable.stp.blis.bli_gemv.q.0061.smt2	stp	1f963cdcc59bb088c6ac849c11971f6139616b15
abstractable.stp.blis.bli_gemv.q.0057.smt2	stp	83338489d9942cc4cf427eaced7450753c3d43f8
abstractable.stp.blis.bli_gemv.q.0035.smt2	stp	9049803c9f9119452272b4a3bd5cee4f8b801d38
abstractable.stp.blis.bli_gemv.q.0082.smt2	stp	30384ed763e6a2fc3852aa3b5f1f6497e524e6a8
abstractable.stp.blis.bli_gemv.q.0049.smt2	stp	70268004e2d51b14bdd2cb866ef9fd19fa730aa3
abstractable.stp.blis.bli_gemv.q.0041.smt2	stp	76ad7ccfe6954ff4583669d2e37807a131eed64a
abstractable.stp.blis.bli_gemv.q.0074.smt2	stp	0e277a163a03464490a7f26f43aa3819dce99938
abstractable.stp.blis.bli_gemv.q.0072.smt2	stp	8b1e850fd4f7c33eed183b4c0b225c46d4f8e3b0
abstractable.stp.blis.bli_normfm.q.0090.smt2	stp	8c5381776b447cee249ec0b88d1889e3acef71db
abstractable.stp.blis.bli_normfm.q.0071.smt2	stp	5b4dc80c5c30553685ebdcc036af7d38ded3667c
abstractable.stp.blis.bli_normfm.q.0062.smt2	stp	a1c7de1a5848e1f4b27a95cd89aa25f7640356d1
abstractable.stp.blis.bli_normfm.q.0096.smt2	stp	196c1a575f723d64de22d893a979fc2128f159e2
abstractable.stp.blis.bli_normfm.q.0033.smt2	stp	711601c1a67b35db047124ead32e279aaebf0906
abstractable.stp.blis.bli_normfm.q.0035.smt2	stp	0cf61a1854fbff1d51eb38d078407caad45056ff
abstractable.stp.blis.bli_normfm.q.0037.smt2	stp	3649a19f89409f0dbe830e362210cec0e866216a
abstractable.stp.blis.bli_normfm.q.0063.smt2	stp	fa11e6186643994e86bd35ccf9b9c8d095f59933
abstractable.stp.blis.bli_normfm.q.0039.smt2	stp	051eb5453da1c020c20d0987751a1c3257c11ac9
abstractable.stp.blis.bli_normfm.q.0067.smt2	stp	99440088bdefa4b47602c1c4b951c8fb1b4d7672
abstractable.stp.blis.bli_normfm.q.0068.smt2	stp	d4a7c65771c018083ae825ff4038264cc2c6f336
abstractable.stp.blis.bli_normfm.q.0038.smt2	stp	b0fc9efb1766c571a11f4f39e2bc21b21a50f569
abstractable.stp.blis.bli_normfm.q.0072.smt2	stp	1eb2cecd94bc3ce1002d6026805041cee3993ae0
abstractable.stp.blis.bli_normfm.q.0068.smt2	stp	d4a7c65771c018083ae825ff4038264cc2c6f336
abstractable.stp.blis.bli_normfm.q.0086.smt2	stp	138e4b663ba89c4adf2f8d68d05115b2d038ccbd
abstractable.stp.blis.bli_normfm.q.0087.smt2	stp	91da02d4d1c1ff189ae5cb9cf5aa5f9df7c87e9b
abstractable.stp.cxsparse.cs_di_lusol.q.0016.smt2	stp	
abstractable.stp.cxsparse.cs_di_lusol.q.0009.smt2	stp	b1ae50234a2cb94087e5899f8d57d32684734934
abstractable.stp.cxsparse.cs_di_lusol.q.0038.smt2	stp	690d1a4ac5877069e47d602c654ff380f502cea5
abstractable.stp.cxsparse.cs_di_lusol.q.0036.smt2	stp	add811997492f6970e45e01078a89dc602de7abf
abstractable.stp.cxsparse.cs_di_lusol.q.0062.smt2	stp	50086f98992dbd0ec23be1027b1bb73c454a403f
abstractable.stp.cxsparse.cs_di_lusol.q.0048.smt2	stp	db18c8998ac931a14bb65d17e56932a815f00656
abstractable.stp.cxsparse.cs_di_lusol.q.0039.smt2	stp	02f1aa79518066d0b5c850a9f157cc86c10cbb73
abstractable.stp.cxsparse.cs_di_lusol.q.0022.smt2	stp	69f4ffe740fa6f5dc0854230ad0efd4918c60433
abstractable.stp.cxsparse.cs_di_lusol.q.0040.smt2	stp	4d6c2dee1f47848c36a6fae5cd754e19677d2759
abstractable.stp.cxsparse.cs_di_lusol.q.0024.smt2	stp	f0cec6c05600fadde9a0864a57d5e26ea6914e47
abstractable.stp.cxsparse.cs_di_lusol.q.0063.smt2	stp	bebf57e80c8e6e1cbfc1bcd22e3df1bee952b43c
abstractable.stp.cxsparse.cs_di_lusol.q.0046.smt2	stp	af792047e0295fa7d6272aa48ead286c756a4bb4
abstractable.stp.cxsparse.cs_di_lusol.q.0055.smt2	stp	efd057412c5b96715e55ed49c7a9c231a6999184
abstractable.stp.cxsparse.cs_di_lusol.q.0029.smt2	stp	7171e818a398db01ffed213da22095bcd8407f0d
abstractable.stp.cxsparse.cs_di_lusol.q.0041.smt2	stp	f644163bc67c9556822999d3d7cf2878aad75d72
abstractable.stp.cxsparse.cs_di_lusol.q.0028.smt2	stp	147d39339dffe546b294589ddddf97c0912ae8b3
abstractable.stp.openlibm.j1.q.0017.smt2	stp	eab43bbae24a3645201416ba79d14e5b11348332
abstractable.stp.openlibm.j1.q.0013.smt2	stp	17cb7e5df09799b73ed8133be824a30babbfab41
abstractable.stp.openlibm.j1.q.0018.smt2	stp	03575d434bd09273d426062b7baf198035f8ca46
abstractable.stp.openlibm.j1.q.0014.smt2	stp	0711ded6d1374f92960ab75957c18da812e4caeb
abstractable.stp.openlibm.j1.q.0022.smt2	stp	26bc264d9262b5eb8f602795390d461c6e4d6650
abstractable.stp.openlibm.j1.q.0015.smt2	stp	8c07e55411e105b825f51b78f52698f5cf520882
abstractable.stp.openlibm.j1.q.0024.smt2	stp	f9dfa6fb3a7f95ee13c7245d2f9d489fe40ffc32
abstractable.stp.openlibm.j1.q.0031.smt2	stp	5d5fc2c29d039537153dd0be4deee7311483b462
abstractable.stp.openlibm.j1.q.0017.smt2	stp	eab43bbae24a3645201416ba79d14e5b11348332
abstractable.stp.openlibm.j1.q.0021.smt2	stp	e6cc8a37fd4701a1e719ba412cdf6bd246a30e81
abstractable.stp.openlibm.j1.q.0026.smt2	stp	941b618b7499ac80143e33c278f93e1ccd42cbb1
abstractable.stp.openlibm.j1.q.0043.smt2	stp	f8dea6565ce60390f15a9580845523dfe0acb664
abstractable.stp.openlibm.j1.q.0042.smt2	stp	bdc8e207c8019ad6a959bb1f94cd49e166dcbc8a
abstractable.stp.openlibm.j1.q.0033.smt2	stp	0cc8a591c070d550cfca27cdbaadcf6011ca970f
abstractable.stp.openlibm.j1.q.0047.smt2	stp	ac46820f9c6385926981a321d6f6153223619914
abstractable.stp.openlibm.j1.q.0035.smt2	stp	ce6238ddcc12606ad14320cf090638b0f71e91cd
abstractable.stp.openlibm.sincosf.q.0026.smt2	stp	6f766e5466e068ac6289682f18a6d0cc5abde901
abstractable.stp.openlibm.sincosf.q.0027.smt2	stp	38b14218178bfd187466310a2936a1a2f1d5de9f
abstractable.stp.openlibm.sincosf.q.0027.smt2	stp	38b14218178bfd187466310a2936a1a2f1d5de9f
abstractable.stp.openlibm.sincosf.q.0024.smt2	stp	b9ea3e1ee7e265adc967c095f6b6e388cb2fd7e0
abstractable.stp.openlibm.sincosf.q.0025.smt2	stp	46d4ee5a18191c7b2853f6450151cc748cbb99fa
abstractable.stp.openlibm.sincosf.q.0024.smt2	stp	b9ea3e1ee7e265adc967c095f6b6e388cb2fd7e0
abstractable.stp.openlibm.sincosf.q.0025.smt2	stp	46d4ee5a18191c7b2853f6450151cc748cbb99fa
abstractable.stp.openlibm.sincosf.q.0028.smt2	stp	7bb32c51da005c001da624d71af6ebe87983cb13
abstractable.stp.openlibm.sincosf.q.0028.smt2	stp	7bb32c51da005c001da624d71af6ebe87983cb13
abstractable.stp.openlibm.sincosf.q.0028.smt2	stp	7bb32c51da005c001da624d71af6ebe87983cb13
abstractable.stp.openlibm.sincosf.q.0029.smt2	stp	e042d0ca366449690c5005d97ad854041e1b0519
abstractable.stp.openlibm.sincosf.q.0031.smt2	stp	d3b432b442b844623a65a8afb979d99aed9411d6
abstractable.stp.openlibm.sincosf.q.0030.smt2	stp	635430469e45635867624939953fbb3aba20727a
abstractable.stp.openlibm.sincosf.q.0031.smt2	stp	d3b432b442b844623a65a8afb979d99aed9411d6
abstractable.stp.openlibm.sincosf.q.0032.smt2	stp	6e9dcc66e64bd13e101f127b8b99b15a41e76c80
abstractable.stp.openlibm.sincosf.q.0033.smt2	stp	67044a1269713cb13fcd034ad8d7456c0b06dc57
abstractable.stp.blis.bli_gemv.q.0042.smt2	stp	7737e83f9d29cd5f281424afd9f7131afdb30e35
abstractable.stp.blis.bli_gemv.q.0064.smt2	stp	343ce6baa23cfe34e1d34b1fc16547cbab15aa1f
abstractable.stp.blis.bli_gemv.q.0079.smt2	stp	e20102a79e15a6f16bd46132f5b42eebf0f3a4a5
abstractable.stp.blis.bli_gemv.q.0040.smt2	stp	d4d2767d2b6dd1fa008e9ab4913eacd07ba2b20e
abstractable.stp.blis.bli_gemv.q.0038.smt2	stp	1f0f70ab20bcacbea15b37c90b5ae8bb657dadda
abstractable.stp.blis.bli_gemv.q.0012.smt2	stp	af0ad8f469e57b139895b00ae9718bd789a47a17
abstractable.stp.blis.bli_gemv.q.0065.smt2	stp	bcc3447f3571536b4c22aaa4706e7832e6206ca7
abstractable.stp.blis.bli_gemv.q.0063.smt2	stp	e41a5a741f75ed4ca404c008bdb433629e79b0a5
abstractable.stp.blis.bli_gemv.q.0045.smt2	stp	e2996a2dd3cf3659564de2bad98035e7456f1446
abstractable.stp.blis.bli_gemv.q.0037.smt2	stp	ac2aeb7cb6a06329a191e988b44d92a32f4d4401
abstractable.stp.osqp.osqp_warm_start.q.0004.smt2	stp	c5c47904f26e14cb6812d74c122a29a2dcb68abd
abstractable.stp.cxsparse.cs_di_lusol.q.0007.smt2	stp	cbf22512641c748064ae7df92e45912f443a602d
abstractable.stp.cxsparse.cs_di_lusol.q.0013.smt2	stp	56175f08f92ae4fef288eda607044ca3260b617e
abstractable.stp.cxsparse.cs_di_lusol.q.0043.smt2	stp	bd0c5ef2cd98987447ad035f360fcc1bcf54b120
abstractable.stp.cxsparse.cs_di_lusol.q.0035.smt2	stp	2c548acf4916cbd41dc7210b0e8523ccaf8be44a
abstractable.stp.cxsparse.cs_di_lusol.q.0060.smt2	stp	3a894ef8a01b095a158f1b1fad9b526a403350e9
abstractable.stp.openlibm.j1.q.0044.smt2	stp	0ca22d0885f1ca16610077bc173aca4710fbe9d0
abstractable.stp.openlibm.j1.q.0027.smt2	stp	9b10ffe0c09af252bff1c367e1119410d18e5057
abstractable.stp.openlibm.j1.q.0025.smt2	stp	664eb9b745c6327da3dd70b44d69a4b651eb7a14
abstractable.stp.openlibm.j1.q.0053.smt2	stp	dfce8690fff4e1868721cf5148d56279f3aaa845
abstractable.stp.openlibm.j1.q.0028.smt2	stp	05ca0b2268d3532f3811976d5ceb9643cfa3aa76
abstractable.stp.openlibm.j0.q.0006.smt2	stp	e180653d6f1ac7f894ac1fdd43e810dd021e7ba4
abstractable.stp.openlibm.j0.q.0005.smt2	stp	8bcd94502fbed7bd0c8457b17f6a31e90308718d
abstractable.stp.openlibm.j0.q.0004.smt2	stp	7a3dab3f0af98ebdfa1f2dced1b8b812a214e4de
abstractable.stp.openlibm.j0.q.0013.smt2	stp	5fe66ac8e47e04faadba55a0918e0c34f84ba3a9
abstractable.stp.openlibm.j0.q.0019.smt2	stp	97a57bcf1edda4bfa0c0569c1bbfd115ccaedfdb
abstractable.stp.openlibm.j0.q.0024.smt2	stp	b1d77618bb8e5b2aa2651fbd18b31950f9b6f5c6
abstractable.stp.openlibm.j0.q.0014.smt2	stp	518b04857426ea4017fd3686ad932f65fc022bf9
abstractable.stp.openlibm.j0.q.0023.smt2	stp	46ba4eab8692b4ae5244565b33fdab92e90425ac
abstractable.stp.openlibm.j0.q.0018.smt2	stp	1b64d1e439a97b2d723d6b61688bbdbadb919ad8
abstractable.stp.openlibm.j0.q.0020.smt2	stp	50083ebd9ba8a7578e02e332b2a1a5fdcb38787f
abstractable.stp.openlibm.j0.q.0023.smt2	stp	46ba4eab8692b4ae5244565b33fdab92e90425ac
abstractable.stp.cxsparse.cs_di_cholsol.q.0004.smt2	stp	8d2f310ea7306a64bf9d10d949dca21d0f4da24f
abstractable.stp.cxsparse.cs_di_house.q.0015.smt2	stp	2a6e1965b49675c0d0800b4159c97438f9c713bc
abstractable.stp.cxsparse.cs_di_house.q.0014.smt2	stp	7e672014eac746afaa462604ef38d6806d512a9e
abstractable.stp.cxsparse.cs_di_house.q.0013.smt2	stp	647b13dbf86a917aa9a736a7c7e26123150ba1ad
abstractable.stp.cxsparse.cs_di_house.q.0008.smt2	stp	7ce33fa72e1d9e77b161408eaf97543ba82c53fe
abstractable.stp.openlibm.expf.q.0020.smt2	stp	de2c019914b8642f776480a3ebdc1c69f36b602a
abstractable.stp.openlibm.expf.q.0019.smt2	stp	90bf849e66fd231fe0ec57e89c2831443bfe5007
abstractable.stp.openlibm.expf.q.0009.smt2	stp	4e89bd7b4520cbb8eec23269a86b9be3900f33fa
abstractable.stp.openlibm.expf.q.0008.smt2	stp	ff94a1508dbd739ab1b99839d2102619fa48e3fb
abstractable.stp.openlibm.expf.q.0007.smt2	stp	8a842b1b86bbd14f266f8c42768cad745c5ed004
abstractable.stp.openlibm.expf.q.0004.smt2	stp	9d1e18434b22268d955698342440f5ec820fc8d6
abstractable.stp.openlibm.erff.q.0015.smt2	stp	69d16d701216d870c475afcdc1e76e9a28291e78
abstractable.stp.openlibm.erff.q.0017.smt2	stp	717f59cee6d15d15a342fafa74e0117b7429c8a5
abstractable.stp.openlibm.erff.q.0018.smt2	stp	96d63270f49971be629f5dec30251554ce161e85
abstractable.stp.openlibm.erff.q.0016.smt2	stp	a518ffd694f15625129dcb61344d8b4c8c059c62
abstractable.stp.openlibm.erff.q.0007.smt2	stp	322cd5690b60861d2df64230040b47bc63d59461
abstractable.stp.openlibm.erff.q.0008.smt2	stp	6025eefea70c68a4852a11c2d641b1c638545b0a
abstractable.stp.openlibm.erff.q.0024.smt2	stp	26f4e95fbf8e561b0e0df3b14bcc9d44b619311e
abstractable.stp.openlibm.erff.q.0018.smt2	stp	96d63270f49971be629f5dec30251554ce161e85
abstractable.stp.openlibm.erff.q.0025.smt2	stp	157019f1e13fe6a440bed4ca75c558d98d4a95c9
abstractable.stp.openlibm.erff.q.0026.smt2	stp	57d3761b594def13550283a4802681980b9e9180
abstractable.stp.openlibm.erff.q.0020.smt2	stp	d415d0d6234b4c0d30f682ea91909e106d166d55
abstractable.stp.openlibm.erff.q.0026.smt2	stp	57d3761b594def13550283a4802681980b9e9180
abstractable.stp.openlibm.erff.q.0014.smt2	stp	923626bc5cca05896431902c2c295284b0f56b9f
abstractable.stp.openlibm.erff.q.0015.smt2	stp	69d16d701216d870c475afcdc1e76e9a28291e78
abstractable.stp.openlibm.erff.q.0021.smt2	stp	90a72d47cc92ae0822364dba0bd65658488f6596
abstractable.stp.openlibm.erff.q.0013.smt2	stp	267fd4a6ee6be710e2729418d90182d7dbc807c0
abstractable.stp.openlibm.erff.q.0011.smt2	stp	cec1a0936e87bb420d9be22ce435b86e9382d5f2
abstractable.stp.openlibm.erff.q.0020.smt2	stp	d415d0d6234b4c0d30f682ea91909e106d166d55
abstractable.stp.openlibm.erff.q.0016.smt2	stp	a518ffd694f15625129dcb61344d8b4c8c059c62
abstractable.stp.openlibm.erff.q.0031.smt2	stp	8796d8fce5854f524f6b5163271b0bdb97965ad6
abstractable.stp.openlibm.erff.q.0030.smt2	stp	e75bc3544b7f945226dbca94d9a6cbad20983891
abstractable.stp.openlibm.erff.q.0022.smt2	stp	ab113608872f7dac6b8a6a14d0543aa833a29e81
abstractable.stp.openlibm.erff.q.0029.smt2	stp	4175825b4c313aeda03df2ad87bc63b0a7650f3c
abstractable.stp.openlibm.erff.q.0027.smt2	stp	33f2073c17ca7fc62297f811b6747f844e2d4544
abstractable.stp.openlibm.erff.q.0028.smt2	stp	a8e22c746fc8c4fe59f2f452f107e5678936ae67
abstractable.stp.openlibm.erfcf.q.0034.smt2	stp	c2cfd3433a8737b23ad2bd279321919a473b2c3a
abstractable.stp.openlibm.erfcf.q.0008.smt2	stp	04525f06d5aed2b7bb6905c5bf5e96880105ffc5
abstractable.stp.openlibm.erfcf.q.0023.smt2	stp	f1c6f16346338a9098a6ac345e70f3229d8d6396
abstractable.stp.openlibm.erfcf.q.0022.smt2	stp	9eb8a5b52c4df7404e31440a98e10a493615b5c0
abstractable.stp.openlibm.erfcf.q.0021.smt2	stp	53299668eb75371fbc85bfe4482ec9c4ffb5663d
abstractable.stp.openlibm.erfcf.q.0023.smt2	stp	f1c6f16346338a9098a6ac345e70f3229d8d6396
abstractable.stp.openlibm.erfcf.q.0024.smt2	stp	1382ced9b41479d59a5c51fa2303c6717174b19d
abstractable.stp.openlibm.erfcf.q.0025.smt2	stp	5aa3e081241c2dada634e4381f034c75d29047ff
abstractable.stp.openlibm.erfcf.q.0038.smt2	stp	25e29e88a4ec6814b3e70ebcc1b0329090ec875b
abstractable.stp.openlibm.erfcf.q.0012.smt2	stp	0e3bd79ea5f394c0363da49bccc5db4aaf501a5d
abstractable.stp.openlibm.erfcf.q.0026.smt2	stp	88416bf6f27c35312f5c9673c7caf675dbafa2ed
abstractable.stp.openlibm.erfcf.q.0032.smt2	stp	7f90f179d4114df4f5b75ad98881d13882770782
abstractable.stp.openlibm.erfcf.q.0029.smt2	stp	95351d3659f3fc7433ed6f4cf10e06295d07adaa
abstractable.stp.openlibm.erfcf.q.0027.smt2	stp	072c52abb3ae814f0f765c663428d09d27039230
abstractable.stp.openlibm.erfcf.q.0033.smt2	stp	e4ae46bc766f9cee5c57947284e957df077940b7
abstractable.stp.openlibm.erfcf.q.0036.smt2	stp	aec425d9aeddbeb89d82b6044e283b65febae1ce
abstractable.stp.openlibm.erfcf.q.0037.smt2	stp	dda78c5f956a2e3a85c36295756c39b6bf1a6615
abstractable.stp.openlibm.erfcf.q.0017.smt2	stp	09747b8923cbb98bdd6ba3f948e3eff3c0bf01ae
abstractable.stp.openlibm.erfcf.q.0017.smt2	stp	09747b8923cbb98bdd6ba3f948e3eff3c0bf01ae
abstractable.stp.openlibm.erfcf.q.0019.smt2	stp	1281c443070d9e113fdd0ebee2a4a0f5897c286b
abstractable.stp.openlibm.erfcf.q.0015.smt2	stp	e1909f289722d23d365bdbe2a2d56f20a52da34d
abstractable.stp.openlibm.erfcf.q.0016.smt2	stp	8f076bd5501a792b5d6d7f58393bfcee70ac0a76
abstractable.stp.openlibm.erfcf.q.0033.smt2	stp	e4ae46bc766f9cee5c57947284e957df077940b7
abstractable.stp.openlibm.erfcf.q.0028.smt2	stp	287808aae06cfecd7af72548e9f7aa3e909d8653
abstractable.stp.openlibm.erfcf.q.0030.smt2	stp	87ae689ffe1b89f0d09936cb7e3a377d03baeaf8
abstractable.stp.openlibm.exp2.q.0015.smt2	stp	467a1a5bf2a8dd720bd009d517147844924d2edb
abstractable.stp.openlibm.exp2.q.0014.smt2	stp	9fef55361f89c78c3aca2f70c9541b903780649a
abstractable.stp.openlibm.exp2.q.0013.smt2	stp	6825e8f9c9bfb3c320f7540b7ac8f928cd5f9cb9
abstractable.stp.openlibm.exp2.q.0007.smt2	stp	190143e63393b819501dadfcb374fb1236078b9f
abstractable.stp.openlibm.exp2.q.0006.smt2	stp	8935bd012951ef7478500d990db52dc3142c1241
abstractable.stp.openlibm.exp2.q.0005.smt2	stp	957029344c14db1bf35b69ef6bea8b7982ce9dba
abstractable.stp.openlibm.exp2.q.0004.smt2	stp	b35c1347a9ba5e01a05bb64323d51db077ef3a8f
abstractable.stp.openlibm.atanh.q.0005.smt2	stp	9a392d283465af55587d537c6a0989cfd81cfc42
abstractable.stp.openlibm.atanh.q.0007.smt2	stp	5d8e81c5dc214ae568af8e9cc0bef5746ee79885
abstractable.stp.openlibm.atanh.q.0008.smt2	stp	a5170a5b3f26349cbf70594ac0212c91af725378
abstractable.stp.openlibm.atanh.q.0020.smt2	stp	42e8500795e9f2c4a6625d9ae8a90fca295191cb
abstractable.stp.openlibm.atanh.q.0035.smt2	stp	6e24c92253b27b27cd8706d368d3575bddffeff4
abstractable.stp.openlibm.atanh.q.0025.smt2	stp	25251c961e3a00e153afb55e7d0ef4781a170111
abstractable.stp.openlibm.atanh.q.0010.smt2	stp	ccd809bd0364806e614cfac447f0787979b7e3fb
abstractable.stp.openlibm.atanh.q.0036.smt2	stp	3355b0db7950d02863b9c3387a07876c495bf7c5
abstractable.stp.openlibm.atanh.q.0020.smt2	stp	42e8500795e9f2c4a6625d9ae8a90fca295191cb
abstractable.stp.openlibm.atanh.q.0032.smt2	stp	811601885c72d7c0b48c35d546dea0db1e9139ac
abstractable.stp.openlibm.atanh.q.0034.smt2	stp	59b4bd2b3bdf5ab5569f158dec9c0a37afd6fbb1
abstractable.stp.openlibm.atanh.q.0021.smt2	stp	0a1c2ef58a4921cf00814c3b696c5bdd7ed8988d
abstractable.stp.openlibm.j0.q.0015.smt2	stp	4988d6db4c56c10d11df516c2ae35c6f50435496
abstractable.stp.openlibm.j0.q.0021.smt2	stp	5ca2be7b00e3079733d2499c4f2019d921a2cbd3
abstractable.stp.openlibm.j0.q.0025.smt2	stp	97ab42bcae783646f3fd46f39d36e80dce04688c
abstractable.stp.openlibm.j0.q.0021.smt2	stp	5ca2be7b00e3079733d2499c4f2019d921a2cbd3
abstractable.stp.openlibm.j0.q.0018.smt2	stp	1b64d1e439a97b2d723d6b61688bbdbadb919ad8
abstractable.stp.openlibm.j0.q.0026.smt2	stp	ba648a2185dc5348e47dacd1f0550cf44c5a8794
abstractable.stp.openlibm.j0.q.0020.smt2	stp	50083ebd9ba8a7578e02e332b2a1a5fdcb38787f
abstractable.stp.openlibm.j0.q.0024.smt2	stp	b1d77618bb8e5b2aa2651fbd18b31950f9b6f5c6
abstractable.stp.openlibm.j0.q.0027.smt2	stp	6ea7307c80d24745f1eb0daf9b3a967c167dc519
abstractable.stp.openlibm.j0.q.0027.smt2	stp	6ea7307c80d24745f1eb0daf9b3a967c167dc519
abstractable.stp.openlibm.j0.q.0029.smt2	stp	7550eb86d3ac477b470121d9f4beb45b7ff6f439
abstractable.stp.openlibm.j0.q.0027.smt2	stp	6ea7307c80d24745f1eb0daf9b3a967c167dc519
abstractable.stp.openlibm.j0.q.0029.smt2	stp	7550eb86d3ac477b470121d9f4beb45b7ff6f439
abstractable.stp.openlibm.j0.q.0030.smt2	stp	cf6c8b3ea4eda8cb7f5989348a58cd05c42e9889
abstractable.stp.cxsparse.cs_di_cholsol.q.0006.smt2	stp	cc44bbb84363893a16ab2520d37dfb4966912479
abstractable.stp.cxsparse.cs_di_cholsol.q.0005.smt2	stp	9bf4209bf776c974bf050b2a2b0672cc1bb8e337
abstractable.stp.cxsparse.cs_di_lusol.q.0016.smt2	stp	
abstractable.stp.cxsparse.cs_di_lusol.q.0031.smt2	stp	8e47ca9e28570fbc87ce9b5045251465d598750c
abstractable.stp.cxsparse.cs_di_lusol.q.0054.smt2	stp	5093f233ab48457c7686004f1c164e39ffc527f9
abstractable.stp.cxsparse.cs_di_lusol.q.0027.smt2	stp	25aea3c686da64168d6a906d9b3d0d04cb624400
abstractable.stp.osqp.osqp_setup.q.0012.smt2	stp	8466e18b0e068e74658ede772978a6a0ac7ca271
abstractable.stp.cxsparse.cs_di_qrsol.q.0006.smt2	stp	3449a61fa1a7f88b8a222460f48cc4e89227c312
abstractable.stp.cxsparse.cs_di_qrsol.q.0005.smt2	stp	ca994b5ff73a11edce2109e70ea0952acb497b46
abstractable.stp.cxsparse.cs_di_qrsol.q.0004.smt2	stp	b2e571725e4a46164f13a2e33e466100daa300ab
abstractable.stp.cxsparse.cs_di_qrsol.q.0003.smt2	stp	56bccd3245688eedbf305525482083c985f55627
abstractable.stp.cxsparse.cs_di_qrsol.q.0002.smt2	stp	7ce33fa72e1d9e77b161408eaf97543ba82c53fe
abstractable.stp.cxsparse.cs_di_qrsol.q.0005.smt2	stp	ca994b5ff73a11edce2109e70ea0952acb497b46
abstractable.stp.cxsparse.cs_di_qrsol.q.0004.smt2	stp	b2e571725e4a46164f13a2e33e466100daa300ab
abstractable.stp.openlibm.j1.q.0004.smt2	stp	a8cce2377ab7734cc95d8640e1b493e832d558c3
abstractable.stp.openlibm.j1.q.0011.smt2	stp	d6e41ef969c0bef4011fd7257e15b91865d80ca2
abstractable.stp.openlibm.j1.q.0019.smt2	stp	ad720a6f8f6442f0363444f2124a49aeb40c2c0f
abstractable.stp.openlibm.j1.q.0024.smt2	stp	f9dfa6fb3a7f95ee13c7245d2f9d489fe40ffc32
abstractable.stp.openlibm.atanh.q.0015.smt2	stp	a41d2cbb4e41134c70ef6c04e207eca9293fa312
abstractable.stp.openlibm.atanh.q.0018.smt2	stp	0846157a95a5ae6c125be09174dbcfd253d144fb
abstractable.stp.openlibm.atanh.q.0019.smt2	stp	c73036bec4d32f607755f9c511907ad3f189ea39
abstractable.stp.openlibm.atanh.q.0033.smt2	stp	5d2d5995c435837a9b670b9df539b225ca95b520
abstractable.stp.openlibm.atanh.q.0021.smt2	stp	0a1c2ef58a4921cf00814c3b696c5bdd7ed8988d
abstractable.stp.openlibm.atanh.q.0028.smt2	stp	682a5e77f2ee7a78f94b6ff0650ba84160162f02
abstractable.stp.openlibm.atanh.q.0036.smt2	stp	3355b0db7950d02863b9c3387a07876c495bf7c5
abstractable.stp.openlibm.atanh.q.0017.smt2	stp	e93f29ce177522aba6e377483c9c17526adb26f1
abstractable.stp.openlibm.atanh.q.0023.smt2	stp	2ae28694014817b5c4c23b9add163727a874f4a4
abstractable.stp.openlibm.atanh.q.0032.smt2	stp	811601885c72d7c0b48c35d546dea0db1e9139ac
abstractable.stp.openlibm.atanh.q.0029.smt2	stp	c442b7a6344cda9cbca02a51ea7a254d64efa8b4
abstractable.stp.openlibm.atanh.q.0022.smt2	stp	5ba8787f6b6ae5eb177fda4ebbfe9700fc2a2358
abstractable.stp.openlibm.atanh.q.0016.smt2	stp	511a57bd7c2118a7e720fa2868a3048b5f21a4a3
abstractable.stp.openlibm.cosf.q.0051.smt2	stp	e2b5945fe7807a25dc525267fdf859e3ca0e9b10
abstractable.stp.openlibm.cosf.q.0023.smt2	stp	d6ed1a88e719b10defe863ac7c16d39707f3f645
abstractable.stp.openlibm.cosf.q.0026.smt2	stp	fb728c047a9fdec340459770066cd5d5d4081ad1
abstractable.stp.cxsparse.cs_di_lu.q.0025.smt2	stp	ee34d6e56249c6aaf1fba3b9974c0ffa73f7a800
abstractable.stp.cxsparse.cs_di_lu.q.0076.smt2	stp	53b47a182200016d9accbe7d281987d9d0b7fffa
abstractable.stp.cxsparse.cs_di_lu.q.0047.smt2	stp	70565edd8cf62fb2b5996246932a7437e7dbc7eb
abstractable.stp.cxsparse.cs_di_lu.q.0083.smt2	stp	e6159da042043c1712cd5317fb51349c6356b080
abstractable.stp.cxsparse.cs_di_lu.q.0026.smt2	stp	3c38a8902c678a8b92e58dc7ba5e7468eb5ab27b
abstractable.stp.cxsparse.cs_di_lu.q.0078.smt2	stp	0203b8f9da01cd919ab390412901467f85641bcc
abstractable.stp.cxsparse.cs_di_lu.q.0053.smt2	stp	ec823154ec7ba3ecdabdfbbcf09c8450256058a2
abstractable.stp.cxsparse.cs_di_lu.q.0084.smt2	stp	aeebc70a3c8416fb92e657238f8ebffc7fa3e552
abstractable.stp.cxsparse.cs_di_lu.q.0041.smt2	stp	f644163bc67c9556822999d3d7cf2878aad75d72
abstractable.stp.cxsparse.cs_di_lu.q.0081.smt2	stp	1f35576beee7472049d39f35303b530746a81511
abstractable.stp.cxsparse.cs_di_lu.q.0018.smt2	stp	
abstractable.stp.cxsparse.cs_di_lu.q.0030.smt2	stp	4c2f9ddffa17450fd3692060f68908f33483327a
abstractable.stp.cxsparse.cs_di_lu.q.0065.smt2	stp	230bd4517ae3dcc116e92047cdf0f3a0c205219a
abstractable.stp.cxsparse.cs_di_lu.q.0087.smt2	stp	9710e00fee56da755abe5dde49b8ed5bb10dbb76
abstractable.stp.cxsparse.cs_di_lu.q.0088.smt2	stp	898c7732e013bb935d1683a3fd805586978c1597
abstractable.stp.cmsisdsp-f32.arm_std_f32.q.0024.smt2	stp	dbb5407d4bd0b1218ef7e1ae0e7fe9f8e9eabd4a
abstractable.stp.cmsisdsp-f32.arm_std_f32.q.0023.smt2	stp	f41060a5cdeab17e9f1ce3f4fd120e98177b5d18
abstractable.stp.cmsisdsp-f32.arm_std_f32.q.0019.smt2	stp	978ab431c624f85364c8abe307f86f4940388af0
abstractable.stp.cmsisdsp-f32.arm_std_f32.q.0015.smt2	stp	39bb214e2213ae7712178292ba9da7ae77bb413c
abstractable.stp.cmsisdsp-f32.arm_std_f32.q.0014.smt2	stp	8228b6453d2527ccfefde6ce3bfa377804853ca2
abstractable.stp.cmsisdsp-f32.arm_std_f32.q.0012.smt2	stp	d5299f6b985c64be89900feab7cc7f2b4741a169
abstractable.stp.cmsisdsp-f32.arm_std_f32.q.0010.smt2	stp	a60850133d7e000cc35575191933c6c4afe5bbe0
abstractable.stp.cmsisdsp-f32.arm_minkowski_distance_f32.q.0008.smt2	stp	ba80c1de26cccf7f990b823b73803fba836b4de5
abstractable.stp.cmsisdsp-f32.arm_logsumexp_f32.q.0032.smt2	stp	0bfd39da673e09a346d46cf11c08c131e7411699
abstractable.stp.cmsisdsp-f32.arm_logsumexp_f32.q.0031.smt2	stp	4c18c833eb0277bfe7b3eec3791afad40a7ad5c8
abstractable.stp.cmsisdsp-f32.arm_logsumexp_f32.q.0027.smt2	stp	3b88c206bd8aa7233897d07fd2a18d37264e6c44
abstractable.stp.cmsisdsp-f32.arm_logsumexp_f32.q.0025.smt2	stp	669e4b9e8e68f196afaae5d13c57da1b94d36aa8
abstractable.stp.cmsisdsp-f32.arm_logsumexp_f32.q.0021.smt2	stp	030e8938c9aa43d0eb61c176ea2454231536d6d6
abstractable.stp.cmsisdsp-f32.arm_logsumexp_f32.q.0019.smt2	stp	8da43e26815faa1cbee6027669326113f50c20fb
abstractable.stp.cmsisdsp-f32.arm_logsumexp_f32.q.0014.smt2	stp	b36ff5f031bf3a3bc0b1d9b3c9ccdb8fc252e1fc
abstractable.stp.cmsisdsp-f32.arm_logsumexp_f32.q.0012.smt2	stp	99a68157f1bae636f9b94499dfbfc512e85c8c66
abstractable.stp.cmsisdsp-f32.arm_mat_inverse_f32.q.0008.smt2	stp	d4d699c86407d5327c83ad4ac7e4587e47b22ea4
abstractable.stp.cmsisdsp-f32.arm_mat_inverse_f32.q.0018.smt2	stp	c489e205073e840f62ad930c547a2522f17b84ed
abstractable.stp.cmsisdsp-f32.arm_mat_inverse_f32.q.0009.smt2	stp	4c458158832b8059331a5ea138b8a56429157720
abstractable.stp.cmsisdsp-f32.arm_mat_inverse_f32.q.0013.smt2	stp	7a0c70c13491ef05a4066ea2e5fe3087ec072cfd
abstractable.stp.cmsisdsp-f32.arm_mat_inverse_f32.q.0016.smt2	stp	e212cd3515af9313df1fbfae67c667981774a7fd
abstractable.stp.cmsisdsp-f32.arm_mat_inverse_f32.q.0015.smt2	stp	197af3874a2d0201e226a8cfd500cf76c2a70dcc
abstractable.stp.cmsisdsp-f32.arm_mat_inverse_f32.q.0014.smt2	stp	931c8cc26370d3242b460e4a583bfa7898b7cdaf
abstractable.stp.cmsisdsp-f32.arm_mat_inverse_f32.q.0012.smt2	stp	1c88646c248ea8f859486efa499d1869a2076af8
abstractable.stp.cmsisdsp-f32.arm_mat_inverse_f32.q.0019.smt2	stp	a4537455ea71922c2df6f1d63bc91fd11240707b
abstractable.stp.cmsisdsp-f32.arm_mat_inverse_f32.q.0020.smt2	stp	a4537455ea71922c2df6f1d63bc91fd11240707b
abstractable.stp.cmsisdsp-f32.arm_mat_inverse_f32.q.0021.smt2	stp	a4537455ea71922c2df6f1d63bc91fd11240707b
abstractable.stp.cmsisdsp-f32.arm_mat_inverse_f32.q.0021.smt2	stp	a4537455ea71922c2df6f1d63bc91fd11240707b
abstractable.stp.cmsisdsp-f32.arm_mat_inverse_f32.q.0019.smt2	stp	a4537455ea71922c2df6f1d63bc91fd11240707b
abstractable.stp.cmsisdsp-f32.arm_mat_inverse_f32.q.0024.smt2	stp	a4537455ea71922c2df6f1d63bc91fd11240707b
abstractable.stp.cmsisdsp-f32.arm_mat_inverse_f32.q.0023.smt2	stp	a4537455ea71922c2df6f1d63bc91fd11240707b
abstractable.stp.cmsisdsp-f32.arm_mat_inverse_f32.q.0020.smt2	stp	a4537455ea71922c2df6f1d63bc91fd11240707b
abstractable.stp.cmsisdsp-f32.arm_mat_inverse_f32.q.0017.smt2	stp	abcb3971958b2a3a39691cb5696b50b895c9469b
abstractable.stp.cmsisdsp-f32.arm_jensenshannon_distance_f32.q.0005.smt2	stp	f30971f241b9e802173b18470e9227112ec5d555
abstractable.stp.cmsisdsp-f32.arm_cmplx_mag_f32.q.0008.smt2	stp	35a2841678cf6b7290f0e82b15c09e91b0da55e3
abstractable.stp.cmsisdsp-f32.arm_cmplx_mag_f32.q.0007.smt2	stp	bdd85c05008b06229aa5fcb1e993147d4f5acb64
abstractable.stp.cmsisdsp-f32.arm_cmplx_mag_f32.q.0006.smt2	stp	696dc5063cab2f6bc675b568fc164cc30426515a
abstractable.stp.cmsisdsp-f32.arm_cmplx_mag_f32.q.0005.smt2	stp	71601ac4a2da50afce3877b4613e812661d46472
abstractable.stp.cmsisdsp.arm_vlog_f16.q.0005.smt2	stp	774b630fe482cbfbcc81e4cc08984b1a7f007d6f
abstractable.stp.cmsisdsp.arm_svm_sigmoid_predict_f16.q.0026.smt2	stp	a819f936dc62ded9422ffad73f669e4bccc63641
abstractable.stp.cmsisdsp.arm_svm_sigmoid_predict_f16.q.0025.smt2	stp	84225116eede2702c3fca49d34ca3b9e257dd71a
abstractable.stp.cmsisdsp.arm_svm_sigmoid_predict_f16.q.0024.smt2	stp	38ed83c9272b6bef7d02a0f6eca96d5208f30390
abstractable.stp.cmsisdsp.arm_svm_sigmoid_predict_f16.q.0023.smt2	stp	6fa50532353ef053eed34f19e2fe75e151fee53b
abstractable.stp.cmsisdsp.arm_svm_sigmoid_predict_f16.q.0018.smt2	stp	6ae4071b08cb6cf83835241484fa74856a95be88
abstractable.stp.cmsisdsp.arm_svm_sigmoid_predict_f16.q.0017.smt2	stp	16da2a96c508c5656b298a56376e4c3096348fb5
abstractable.stp.cmsisdsp.arm_svm_sigmoid_predict_f16.q.0016.smt2	stp	67d94766c34233824c827c00854f74694c65b558
abstractable.stp.cmsisdsp.arm_svm_sigmoid_predict_f16.q.0015.smt2	stp	8ec6d26c0638392594fcab11c9020f468b11b195
abstractable.stp.cmsisdsp.arm_svm_sigmoid_predict_f16.q.0010.smt2	stp	83c59bb11a20765058b2e782c29cab3123f83ca8
abstractable.stp.cmsisdsp.arm_svm_linear_predict_f16.q.0053.smt2	stp	de2d3a6696373837ef39bd36c5f280a774e0769e
abstractable.stp.cmsisdsp-f32.arm_mat_inverse_f32.q.0028.smt2	stp	3da6ce869b292c2fc6f41328d54290877228ed8e
abstractable.stp.cmsisdsp-f32.arm_mat_inverse_f32.q.0034.smt2	stp	89937f283bf9943e4e346542b89dfda0d610c24d
abstractable.stp.cmsisdsp-f32.arm_mat_inverse_f32.q.0033.smt2	stp	9279c8d5a5f82969f0ea676e1749cbe046f06976
abstractable.stp.cmsisdsp-f32.arm_mat_inverse_f32.q.0035.smt2	stp	e65453e9e7b8aededc38b999a0d5d3bc95f07953
abstractable.stp.cmsisdsp-f32.arm_mat_inverse_f32.q.0026.smt2	stp	75598a1172b978e81356551cfbbb25c285fab259
abstractable.stp.cmsisdsp-f32.arm_mat_inverse_f32.q.0025.smt2	stp	28096a9878bb3e028dbb78733d863593b72d03e3
abstractable.stp.cmsisdsp-f32.arm_mat_inverse_f32.q.0030.smt2	stp	a02bb8cfba62fbe0bac00b524a895e861fc265c8
abstractable.stp.cmsisdsp-f32.arm_mat_inverse_f32.q.0029.smt2	stp	cc1a682ae8f07bad09c9b75a8ca95338cdfa55f2
abstractable.stp.cmsisdsp-f32.arm_logsumexp_dot_prod_f32.q.0069.smt2	stp	c19d14826dcc12381c2fb165d0fea5b3f5ec6ce6
abstractable.stp.cmsisdsp-f32.arm_logsumexp_dot_prod_f32.q.0067.smt2	stp	a398918f7246b6a59fb76c7f830d3a9cf6ca3af3
abstractable.stp.cmsisdsp-f32.arm_logsumexp_dot_prod_f32.q.0060.smt2	stp	7ae2553378de8fa749bc137697c2b7f7ec401ee7
abstractable.stp.cmsisdsp-f32.arm_logsumexp_dot_prod_f32.q.0050.smt2	stp	9fa9238736645d7a55e6d019236b3adc9b713773
abstractable.stp.cmsisdsp-f32.arm_logsumexp_dot_prod_f32.q.0042.smt2	stp	49ba34766303fec816f2dba97d94a1a72f0d2412
abstractable.stp.cmsisdsp-f32.arm_logsumexp_dot_prod_f32.q.0035.smt2	stp	ab513ebbc8ce833567e6e83e17dabc4f9d9bec12
abstractable.stp.cmsisdsp-f32.arm_logsumexp_dot_prod_f32.q.0027.smt2	stp	1082f04cb81f076088a923ba6ca75e2103231e3c
abstractable.stp.cmsisdsp-f32.arm_logsumexp_dot_prod_f32.q.0016.smt2	stp	4cc88ef2227317587f3c442a7836ffbd60d5a102
abstractable.stp.cmsisdsp.arm_svm_linear_predict_f16.q.0052.smt2	stp	df79bbb6a429ba44111b3efca320263aa503dee7
abstractable.stp.cmsisdsp.arm_svm_linear_predict_f16.q.0051.smt2	stp	e97e41cd02dd0d6ccaeaafa1b3a7f24187b1b196
abstractable.stp.cmsisdsp.arm_svm_linear_predict_f16.q.0045.smt2	stp	00432dea8539f8c3f0ca4b7ca6baa69a296a8c7b
abstractable.stp.cmsisdsp.arm_svm_linear_predict_f16.q.0050.smt2	stp	b1dcbcf0bb5b0ec76d0fdb079348dadf57888209
abstractable.stp.cmsisdsp.arm_svm_linear_predict_f16.q.0033.smt2	stp	8f4ce138e16efee1a45243143b2e6214952fa935
abstractable.stp.cmsisdsp.arm_svm_linear_predict_f16.q.0049.smt2	stp	91b680151ab6f3e8cb9d6e520322f7b38977630e
abstractable.stp.cmsisdsp.arm_svm_linear_predict_f16.q.0044.smt2	stp	4013e1e20faac4c9f1f0d48aa7640748c3b9d8a4
abstractable.stp.cmsisdsp.arm_svm_linear_predict_f16.q.0048.smt2	stp	25a04c178810ad7546486843abed420335732a06
abstractable.stp.cmsisdsp.arm_svm_linear_predict_f16.q.0047.smt2	stp	99af634c0bd81eff24062a3644cb3b9e8c4ac815
abstractable.stp.cmsisdsp.arm_svm_linear_predict_f16.q.0043.smt2	stp	40d85e805272a4fdbaa226d81201e81fa08e7ae0
abstractable.stp.cmsisdsp.arm_svm_linear_predict_f16.q.0021.smt2	stp	a822c85b4fbaf3412c0e84d9234f64d3dec064ce
abstractable.stp.cmsisdsp.arm_svm_linear_predict_f16.q.0032.smt2	stp	261916f6248476e40c5c4197795aca38f36f738e
abstractable.stp.cmsisdsp.arm_svm_linear_predict_f16.q.0046.smt2	stp	99a4d38203298e78c1b65e29ffd63eac27d39ef8
abstractable.stp.cmsisdsp.arm_svm_linear_predict_f16.q.0018.smt2	stp	521e0f9f1dd1b444c630de286cd74e9dc2ffbb6a
abstractable.stp.cmsisdsp.arm_svm_linear_predict_f16.q.0042.smt2	stp	96783743061c565bee7c51245c785d3c4a16f160
abstractable.stp.cmsisdsp.arm_svm_linear_predict_f16.q.0017.smt2	stp	5c1dfa1252a0871abddaea4fb93ca28e9a5a83c5
abstractable.stp.cmsisdsp.arm_svm_linear_predict_f16.q.0031.smt2	stp	99aba4bb684427353e3a3279b277170e9a72eabf
abstractable.stp.cmsisdsp.arm_svm_linear_predict_f16.q.0041.smt2	stp	fcf76f1fea653bd6a46c38f3130c0adcd5e8faa8
abstractable.stp.cmsisdsp.arm_svm_linear_predict_f16.q.0016.smt2	stp	63221eab5cfa1637c2a0f739db04fe211905656b
abstractable.stp.cmsisdsp.arm_svm_linear_predict_f16.q.0040.smt2	stp	a2deb72038eb9ca36f050c38261936094f2012aa
abstractable.stp.cmsisdsp.arm_svm_linear_predict_f16.q.0020.smt2	stp	3fc0afb0fd2cf218f94486eb2850334e9666c57b
abstractable.stp.cmsisdsp.arm_svm_linear_predict_f16.q.0011.smt2	stp	639791d5b22a941e82bb87b12e387a50883d159e
abstractable.stp.cmsisdsp.arm_svm_linear_predict_f16.q.0030.smt2	stp	2734bd620cf68e2a0750a97af9b8817f8702e8d2
abstractable.stp.cmsisdsp.arm_svm_linear_predict_f16.q.0039.smt2	stp	eacceff2be58167c2e7b9dff56c7f0e81aa87f8d
abstractable.stp.cmsisdsp.arm_rms_f16.q.0025.smt2	stp	de783deb8ab80db8c4f020535a31fe7fca92aa86
abstractable.stp.cmsisdsp.arm_rms_f16.q.0024.smt2	stp	5e7178913179920f61e2b77fc8b805e634bd2a5f
abstractable.stp.cmsisdsp.arm_rms_f16.q.0022.smt2	stp	174196e945df0ea51cb083ffdcf8bc4f9ddee414
abstractable.stp.cmsisdsp.arm_rms_f16.q.0018.smt2	stp	60fcbc7f90672821167f310f7fb7e8b2f40a2d82
abstractable.stp.cmsisdsp.arm_rms_f16.q.0014.smt2	stp	248f69abcd4bdc2f8e1e934e8e9a62c8c05a5f4d
abstractable.stp.cmsisdsp.arm_rms_f16.q.0013.smt2	stp	3e847a71d0e5d3249eddc77e74f1c15f8d4f2ca1
abstractable.stp.cmsisdsp.arm_rms_f16.q.0011.smt2	stp	97e45ad254ec61e26b48bfcb006f90816812821b
abstractable.stp.cmsisdsp.arm_rms_f16.q.0009.smt2	stp	3a4048960fd65f7942454155e97f1e0d2b4b7924
abstractable.stp.cmsisdsp.arm_householder_f16.q.0046.smt2	stp	031cae5a75b2233186c4286e5228c53f57dcdfe8
abstractable.stp.cmsisdsp.arm_householder_f16.q.0045.smt2	stp	acf3067a2833c61f72d25a1e4833ebc4cc17a668
abstractable.stp.cmsisdsp.arm_householder_f16.q.0027.smt2	stp	acf3067a2833c61f72d25a1e4833ebc4cc17a668
abstractable.stp.cmsisdsp.arm_householder_f16.q.0011.smt2	stp	6d896eef7c74643ae11d8a1500c5232b91fa0a7e
abstractable.stp.cmsisdsp.arm_householder_f16.q.0187.smt2	stp	c48d2bc1ca5990625a9900bb14f64e46e2b4dabf
abstractable.stp.cmsisdsp.arm_householder_f16.q.0186.smt2	stp	a11283c7ee126a84091da86436adba50f65d8f2e
abstractable.stp.cmsisdsp.arm_householder_f16.q.0180.smt2	stp	a11283c7ee126a84091da86436adba50f65d8f2e
abstractable.stp.cmsisdsp.arm_householder_f16.q.0172.smt2	stp	66ef89a53d5dcad7671b7944b77f04394f04b58e
abstractable.stp.cmsisdsp.arm_householder_f16.q.0171.smt2	stp	0af9e588422f66ef5ac29242dce385ae41593440
abstractable.stp.cmsisdsp.arm_householder_f16.q.0163.smt2	stp	0af9e588422f66ef5ac29242dce385ae41593440
abstractable.stp.cmsisdsp.arm_householder_f16.q.0153.smt2	stp	69d09fb4b00dda71033f6bd58e1053b815622c2b
abstractable.stp.cmsisdsp.arm_householder_f16.q.0152.smt2	stp	4241ecdb28121fe080c22b08d353ca281a6ad474
abstractable.stp.cmsisdsp.arm_householder_f16.q.0142.smt2	stp	4241ecdb28121fe080c22b08d353ca281a6ad474
abstractable.stp.cmsisdsp.arm_householder_f16.q.0128.smt2	stp	2291680afa4a63f5a24142cdc57b91033b051b51
abstractable.stp.cmsisdsp.arm_householder_f16.q.0127.smt2	stp	d6a55d58e9c5feff29fb0bc88787a0ce7fcd4df6
abstractable.stp.cmsisdsp.arm_householder_f16.q.0115.smt2	stp	d6a55d58e9c5feff29fb0bc88787a0ce7fcd4df6
abstractable.stp.openlibm.cosf.q.0030.smt2	stp	f215504cf86fa563e71d565f4159b45064fbad2e
abstractable.stp.openlibm.cosf.q.0031.smt2	stp	6bb2b774f139c0c4d2d3ece3f3396fd3224496ab
abstractable.stp.openlibm.cosf.q.0031.smt2	stp	6bb2b774f139c0c4d2d3ece3f3396fd3224496ab
abstractable.stp.openlibm.cosf.q.0057.smt2	stp	d7da27ae680f860fdce2fbf730cf1fd4a445a62b
abstractable.stp.openlibm.cosf.q.0034.smt2	stp	2241d2752d983229861b8e838b1ead336077f818
abstractable.stp.openlibm.cosf.q.0036.smt2	stp	6d5bcd99217b4e3634cbed271006065e8d4b98e8
abstractable.stp.cxsparse.cs_di_lu.q.0007.smt2	stp	cbf22512641c748064ae7df92e45912f443a602d
abstractable.stp.cxsparse.cs_di_lu.q.0013.smt2	stp	56175f08f92ae4fef288eda607044ca3260b617e
abstractable.stp.cxsparse.cs_di_lu.q.0019.smt2	stp	e2187787d142e0d5ce9ada708537b501b909e924
abstractable.stp.cxsparse.cs_di_lu.q.0033.smt2	stp	60d8e3e5d378e6dbbed8644a9cb899348538a12d
abstractable.stp.cxsparse.cs_di_lu.q.0044.smt2	stp	c6794038d240f30890e3b74f3b192e1b1dbdf1d5
abstractable.stp.cxsparse.cs_di_lu.q.0010.smt2	stp	0543e26d75487cafc57302e4f3f63941532fb054
abstractable.stp.cxsparse.cs_di_lu.q.0038.smt2	stp	690d1a4ac5877069e47d602c654ff380f502cea5
abstractable.stp.cxsparse.cs_di_lu.q.0034.smt2	stp	99a2e372b3dd4ac5088a433033fec41f702db75c
abstractable.stp.cxsparse.cs_di_lu.q.0060.smt2	stp	4fc296e4c2875de0016c377050389e0bcda39a53
abstractable.stp.cxsparse.cs_di_lu.q.0045.smt2	stp	b4ad28b3a29cc0071525ba8945437b1c58f5624c
abstractable.stp.cmsisdsp.arm_householder_f16.q.0104.smt2	stp	8b8ad587e01b3349043ecbb87205114dcde46df8
abstractable.stp.cmsisdsp.arm_householder_f16.q.0103.smt2	stp	2d97de48966d3b5781a05a0fbbecdc806ff60f52
abstractable.stp.cmsisdsp.arm_householder_f16.q.0089.smt2	stp	2d97de48966d3b5781a05a0fbbecdc806ff60f52
abstractable.stp.cmsisdsp.arm_householder_f16.q.0076.smt2	stp	13d1d4f382b51101f17507c00c5771a0eda63688
abstractable.stp.cmsisdsp.arm_householder_f16.q.0075.smt2	stp	a7dcb0caa4c818c0cdacdc2243db296d2e37b603
abstractable.stp.cmsisdsp.arm_householder_f16.q.0059.smt2	stp	a7dcb0caa4c818c0cdacdc2243db296d2e37b603
abstractable.stp.cmsisdsp.arm_correlation_distance_f16.q.0025.smt2	stp	094dbda4c00877aa32c74b1ff724775adf67614d
abstractable.stp.cmsisdsp.arm_correlation_distance_f16.q.0024.smt2	stp	00ce72e29f67c29d025d555812f3301bfd26cd24
abstractable.stp.cmsisdsp.arm_correlation_distance_f16.q.0022.smt2	stp	3de1336e60a371f2e3fce507172af7ea6d45527c
abstractable.stp.cmsisdsp.arm_correlation_distance_f16.q.0018.smt2	stp	de6020a5f58b77e13ce92a6d99ef1a8a59bc98a5
abstractable.stp.cmsisdsp.arm_correlation_distance_f16.q.0014.smt2	stp	9e7789cb15df4056ee09e9468f28e022c077185b
abstractable.stp.cmsisdsp.arm_correlation_distance_f16.q.0013.smt2	stp	e8868c1a02329c90b55782f17c7bd2e7b69b228b
abstractable.stp.cmsisdsp.arm_correlation_distance_f16.q.0011.smt2	stp	566415214be56258a28edf0211e8754e6556e33a
abstractable.stp.cmsisdsp.arm_correlation_distance_f16.q.0009.smt2	stp	6602057bad26fed10ac7970ca2b873758d988356
abstractable.stp.cmsisdsp.arm_cosine_distance_f16.q.0025.smt2	stp	8adf46750868ee76c7b30327caed4655b212f3e3
abstractable.stp.cmsisdsp.arm_cosine_distance_f16.q.0024.smt2	stp	d85faffe4ebe3bc2663c490d365ad8e543cadea8
abstractable.stp.cmsisdsp.arm_cosine_distance_f16.q.0023.smt2	stp	83e298264e8ae9391528271a65638648dd529fa3
abstractable.stp.cmsisdsp.arm_cosine_distance_f16.q.0019.smt2	stp	9c9a58986c38d3cb0c33c78fc2c45daa474690e9
abstractable.stp.cmsisdsp.arm_cosine_distance_f16.q.0015.smt2	stp	5554ea6a968aa8de2f42facb51daf3210a74904d
abstractable.stp.cmsisdsp.arm_cosine_distance_f16.q.0014.smt2	stp	3475b52529ad5940911695b60460d896338538ba
abstractable.stp.cmsisdsp.arm_cosine_distance_f16.q.0012.smt2	stp	e7e50728198e4dd6ec92f07ac9beb1c56ad2c9eb
abstractable.stp.cmsisdsp.arm_cosine_distance_f16.q.0010.smt2	stp	1780967e0ed4b029588362f91d9384b763392e67
abstractable.stp.cmsisdsp.arm_cmplx_mag_f16.q.0008.smt2	stp	202a0267e70b97eec5591c72552ee9b08037dd3b
abstractable.stp.cmsisdsp.arm_cmplx_mag_f16.q.0007.smt2	stp	cfefa7c591c610669b403068d5be02ea050134ab
abstractable.stp.cmsisdsp.arm_cmplx_mag_f16.q.0006.smt2	stp	91922c1bc041e55e07e304c3fec1df7fc8662b43
abstractable.stp.cmsisdsp.arm_cmplx_mag_f16.q.0005.smt2	stp	790075bb89dd84a1041acdd0b60a4d81360275cf
abstractable.stp.cmsisdsp.arm_mat_inverse_f16.q.0008.smt2	stp	b65583a35f72e5a670b5d73c6fc0f94f95a68d9e
abstractable.stp.cmsisdsp.arm_mat_inverse_f16.q.0016.smt2	stp	cfff5d11442cc2eec4ebce8ec76da2e306f83f79
abstractable.stp.cmsisdsp.arm_mat_inverse_f16.q.0066.smt2	stp	924ecf7795196e38a86f7cfa0047561ff8b01b2c
abstractable.stp.cmsisdsp.arm_mat_inverse_f16.q.0073.smt2	stp	8fa1216a9cb85bfc2868d41f3a815a4057e55706
abstractable.stp.cmsisdsp.arm_mat_inverse_f16.q.0019.smt2	stp	9fa3b2f289c2658d1eb84b512154c67cb92324ba
abstractable.stp.cmsisdsp.arm_mat_inverse_f16.q.0049.smt2	stp	4c52b688f51ecf4dc51741207b16ba00ec5e0c05
abstractable.stp.sundials-f16.N_VConstrMask.q.0062.smt2	stp	c312f7fdb29bc5d5df0ec74b06681ecdf367629e
abstractable.stp.sundials-f16.N_VConstrMask.q.0057.smt2	stp	cb663ca374661d38143d0cde0fa94cfe9502c2a1
abstractable.stp.sundials-f16.N_VConstrMask.q.0052.smt2	stp	e3a187772e7fd6522f824d9416831254c28d9a10
abstractable.stp.sundials-f16.N_VConstrMask.q.0042.smt2	stp	d8e64a96bf0433854d423c2e841524d7a3c25bf3
abstractable.stp.sundials-f16.N_VConstrMask.q.0037.smt2	stp	e822ddc7a05459236c6be36303e7aabd1d19eaaf
abstractable.stp.sundials-f16.N_VConstrMask.q.0027.smt2	stp	5815fbe28cc979002fc230f7f738077a1486205c
abstractable.stp.sundials-f16.N_VConstrMask.q.0058.smt2	stp	e3ccecaeeabc9a47dea4850dff9809886494e5bd
abstractable.stp.sundials-f16.N_VConstrMask.q.0048.smt2	stp	e10bd046f691e9bb06e72d9b6574e8b6f7a1b71e
abstractable.stp.sundials-f16.N_VConstrMask.q.0043.smt2	stp	72bf05f6506d6fb6bb3caad660dbfab90c023de8
abstractable.stp.sundials-f16.N_VConstrMask.q.0033.smt2	stp	9fae0dea73a30507694fae1b9ca777bed65af5ea
abstractable.stp.sundials-f16.N_VConstrMask.q.0028.smt2	stp	22f0f1e1dba2c8f37b4994280cbd45c742a105c9
abstractable.stp.sundials-f16.N_VConstrMask.q.0056.smt2	stp	2a7fc24eb8075ba9ed7c364405c128921f163f05
abstractable.stp.sundials-f16.N_VConstrMask.q.0051.smt2	stp	e3ac38b3efb17edeca802ee5baf41e0ade2e4f3f
abstractable.stp.sundials-f16.N_VConstrMask.q.0041.smt2	stp	bd66e6eebc0f4262bb6b8a78750ee369ad6c220e
abstractable.stp.sundials-f16.N_VConstrMask.q.0036.smt2	stp	194c72324833b4b6ae360f42f85cab563d1b5239
abstractable.stp.sundials-f16.N_VConstrMask.q.0026.smt2	stp	f3a2340e5536f238db2b0c2311afc9c00a5124e6
abstractable.stp.cmsisdsp.arm_mat_inverse_f16.q.0044.smt2	stp	1009707efa37ae08edced37ee5fe280a651c3a1b
abstractable.stp.cmsisdsp.arm_mat_inverse_f16.q.0045.smt2	stp	ca40435a7050b314629c338dccddc058398f613f
abstractable.stp.cmsisdsp.arm_mat_inverse_f16.q.0048.smt2	stp	876f9bbccaa56136a8968054e052041db9bcdf2e
abstractable.stp.cmsisdsp.arm_mat_cholesky_f16.q.0006.smt2	stp	a670be23c82ae6e9b1fcefe9c5b42061fe0bded0
abstractable.stp.cmsisdsp.arm_mat_cholesky_f16.q.0005.smt2	stp	2fd51ad1319bc3565d883b1e9593338aeef17a42
abstractable.stp.cmsisdsp.arm_mat_cholesky_f16.q.0004.smt2	stp	898d1d9a65abe781ff3956321c75770738336044
abstractable.stp.cmsisdsp.arm_mat_cholesky_f16.q.0006.smt2	stp	a670be23c82ae6e9b1fcefe9c5b42061fe0bded0
abstractable.stp.cmsisdsp.arm_logsumexp_f16.q.0032.smt2	stp	e19a36eb595e49e7bbaed02dfa8ec1dfbd457635
abstractable.stp.cmsisdsp.arm_logsumexp_f16.q.0031.smt2	stp	ed55cf0a1aabc866a5ed5d06de08e5fefe47890b
abstractable.stp.cmsisdsp.arm_logsumexp_f16.q.0027.smt2	stp	23e7e531892d79cbdd75b1cada796686a3143db6
abstractable.stp.cmsisdsp.arm_logsumexp_f16.q.0025.smt2	stp	2a0e5aa2e1d07d5eace97edcba3ebaabfd538893
abstractable.stp.cmsisdsp.arm_logsumexp_f16.q.0021.smt2	stp	adfda109905d1dc777af8b1ed4cf1e0bfe96e05a
abstractable.stp.cmsisdsp.arm_logsumexp_f16.q.0019.smt2	stp	a4ffce6095be88d3f990511e9fb96b0cd5082066
abstractable.stp.cmsisdsp.arm_logsumexp_f16.q.0014.smt2	stp	c2613c5fea528ef1f1bf291e84ae712758419c01
abstractable.stp.cmsisdsp.arm_logsumexp_f16.q.0012.smt2	stp	38f1b0ecadfca724c01525353583ae1d3dc0a85d
abstractable.stp.sundials-f16.N_VWrmsNorm.q.0002.smt2	stp	3de12ca274571effa58ea0b4d6922c633af53626
abstractable.stp.cmsisdsp.arm_mat_inverse_f16.q.0054.smt2	stp	99b20b1b6a127eb7b08801055969efa560db7931
abstractable.stp.cmsisdsp.arm_mat_inverse_f16.q.0052.smt2	stp	2719234c4b6f37afb4cef307753437a22b5c22e1
abstractable.stp.cmsisdsp.arm_mat_inverse_f16.q.0053.smt2	stp	05bf55ca27284c4ec5d4de3d16dae2f5901d5ae2
abstractable.stp.cmsisdsp.arm_mat_inverse_f16.q.0055.smt2	stp	8131b638294b84d4a073e760f9896abdc7e56469
abstractable.stp.cmsisdsp.arm_mat_inverse_f16.q.0058.smt2	stp	e754e9929ca16fc246e3d81ccb9320f14fffe01d
abstractable.stp.cmsisdsp.arm_mat_inverse_f16.q.0028.smt2	stp	4fc72645b69094b200f1969110bdc8b90c78b33f
abstractable.stp.cmsisdsp.arm_mat_inverse_f16.q.0078.smt2	stp	411bb9cff6ec52e57905bfc4b2022f2fb6cf19c9
abstractable.stp.cmsisdsp.arm_mat_inverse_f16.q.0074.smt2	stp	8689d0d1c6aebee07db297d6191f70a845691860
abstractable.stp.cmsisdsp.arm_mat_inverse_f16.q.0034.smt2	stp	f24eb50bca717550abfcad055ea934a21b716d19
abstractable.stp.cmsisdsp.arm_mat_inverse_f16.q.0035.smt2	stp	692ec2a84dc349269e48cd5c43f89c3768a162c7
abstractable.stp.cmsisdsp.arm_mat_inverse_f16.q.0079.smt2	stp	c41af2a3f42abc60b15e247c11d937b0ac8f5151
abstractable.stp.cmsisdsp.arm_mat_inverse_f16.q.0036.smt2	stp	801f16b4e75fa492e422226bc49c5d19458072d6
abstractable.stp.cmsisdsp.arm_mat_inverse_f16.q.0031.smt2	stp	bd2fd78243a3cc997ecc4d837ae83a291287fda1
abstractable.stp.cmsisdsp.arm_mat_inverse_f16.q.0039.smt2	stp	debcda945ff81632adbcae0d375a226f2a44b5f9
abstractable.stp.cmsisdsp.arm_mat_inverse_f16.q.0038.smt2	stp	d97f190e2da2a397fd561d8bbf50133eb899ae97
abstractable.stp.cmsisdsp.arm_mat_inverse_f16.q.0040.smt2	stp	9e105ba085470b0208650c12f47ac4e2bf34009c
abstractable.stp.openlibm.cosf.q.0027.smt2	stp	6cc513b5e6ae5dec504ab356bf068a0534b99bae
abstractable.stp.openlibm.cosf.q.0046.smt2	stp	464210ee088ed3afd1cd33d60e638a247129291b
abstractable.stp.openlibm.cosf.q.0026.smt2	stp	fb728c047a9fdec340459770066cd5d5d4081ad1
abstractable.stp.openlibm.cosf.q.0025.smt2	stp	b359be0e9216bb3e2c50066d29510c5e7ecc144e
abstractable.stp.openlibm.cosf.q.0048.smt2	stp	aba6a4d76c054bf263ca479a8adc911c5a1b51b8
abstractable.stp.openlibm.cosf.q.0028.smt2	stp	c63390d64a5b62debcce1a77405bd13b6dd60100
abstractable.stp.openlibm.cosf.q.0031.smt2	stp	6bb2b774f139c0c4d2d3ece3f3396fd3224496ab
abstractable.stp.openlibm.cosf.q.0038.smt2	stp	ef3387c6e5c690062fd257b1edbdcbdbf304640d
abstractable.stp.openlibm.cosf.q.0039.smt2	stp	a3384c54457cd50fc168ade6c8af28079921d193
abstractable.stp.openlibm.cosf.q.0034.smt2	stp	2241d2752d983229861b8e838b1ead336077f818
abstractable.stp.openlibm.cosf.q.0029.smt2	stp	f43c667af8b021f4bfcb73027d65ab8adcac909a
abstractable.stp.openlibm.cosf.q.0037.smt2	stp	6c47c96febb2fc0bfe407321ebbdd6fc4fa42f88
abstractable.stp.openlibm.cosf.q.0041.smt2	stp	dcdb2a2c6a63b55a58c8944f7bee61b5ee19d0a4
abstractable.stp.openlibm.cosf.q.0043.smt2	stp	1e2ff5ce08b436c61be2db752455658e512fe2aa
abstractable.stp.openlibm.cosf.q.0029.smt2	stp	f43c667af8b021f4bfcb73027d65ab8adcac909a
abstractable.stp.openlibm.cosf.q.0045.smt2	stp	3fc3c4013bebe8be3d5fa7fd32f542f36947a142
abstractable.stp.f2clapack-f16.htrsm_.q.0103.smt2	stp	dbd25ddeeb19dae553e75779e82a17ff2c86f267
abstractable.stp.f2clapack-f16.htrsm_.q.0029.smt2	stp	ffcabe1dce999e0f79cb63159f05ae0f9faebb97
abstractable.stp.f2clapack-f16.htrsm_.q.0113.smt2	stp	4cafe8e84291e70e722720ce50dd24dcb9bf5b9c
abstractable.stp.f2clapack-f16.htrsm_.q.0055.smt2	stp	3e2f3ec538acee260bc38a567cae96e9ca0d436d
abstractable.stp.f2clapack-f16.htrsm_.q.0066.smt2	stp	c8f05a6e7c5cdb6852bddf7225056b61ffbfac79
abstractable.stp.f2clapack-f16.htrsm_.q.0078.smt2	stp	b8ea55b2922f3aa8a6a64563d1469673fc5b7640
abstractable.stp.f2clapack-f16.htrsm_.q.0082.smt2	stp	180c7f75844447fe895fba36760cbac646d83202
abstractable.stp.f2clapack-f16.htrsm_.q.0130.smt2	stp	08d08b7ac0cbc8dcd87ee45c3c84a3131402f994
abstractable.stp.f2clapack-f16.htrsm_.q.0070.smt2	stp	ffcabd6ab6b8add9cb43d2b870e123d683b1ccd0
abstractable.stp.f2clapack-f16.htrsm_.q.0045.smt2	stp	7c86973f0e0e9d65f53257c25a99d3a200f99e75
abstractable.stp.f2clapack-f16.htrsm_.q.0117.smt2	stp	938470e8db968704d3f79040648b5daa700f2fda
abstractable.stp.f2clapack-f16.htrsm_.q.0214.smt2	stp	1eeac76ae7c5035ab743f362bfa92f639b2d00b9
abstractable.stp.f2clapack-f16.htrsm_.q.0193.smt2	stp	1e828c307de0e2081005b16cccf58a00df78feef
abstractable.stp.f2clapack-f16.htrsm_.q.0185.smt2	stp	5eb2a7c216e90b20b051c3971c267f1b5a3c8b19
abstractable.stp.f2clapack-f16.htrsm_.q.0093.smt2	stp	bf688452371329a050bdc4a5bcc6660acb8bd53f
abstractable.stp.f2clapack-f16.htrsm_.q.0118.smt2	stp	3d3f325cf72864689667fbaba92fff4a39d10535
abstractable.stp.f2clapack-f16.htrsm_.q.0109.smt2	stp	c7a7efc3b5e71cb5aa7cc4c39cf5df7a818aa1f0
abstractable.stp.f2clapack-f16.htrsm_.q.0133.smt2	stp	ee5c0c24a008b9f69ca95ff844250c4a13614be3
abstractable.stp.f2clapack-f16.htrsm_.q.0165.smt2	stp	b1bc3e63c64c4bb6d07b2c2751b0a6b4273f1203
abstractable.stp.f2clapack-f16.htrsm_.q.0230.smt2	stp	a25315fd1f9ef01996b858d8ae0573c3602413e6
abstractable.stp.f2clapack-f16.htrsm_.q.0178.smt2	stp	fbc05d10e87c69039903a0b1f3e2943e2bcae22f
abstractable.stp.f2clapack-f16.htrtrs_.q.0029.smt2	stp	b2d8beecb93417ad38927747db94fc4da5366875
abstractable.stp.f2clapack-f16.htrtrs_.q.0070.smt2	stp	414254972364847e391ff82a2861acea3fb42775
abstractable.stp.f2clapack-f16.htrtrs_.q.0040.smt2	stp	9d243977d6859faca852a3aee732843ed9334955
abstractable.stp.f2clapack-f16.htrtrs_.q.0072.smt2	stp	ee0f38e692be84d664972b229af31abbfbdc8609
abstractable.stp.f2clapack-f16.htrtrs_.q.0150.smt2	stp	9edb353e6820dd1df1e76653eff3e67256a72781
abstractable.stp.f2clapack-f16.htrtrs_.q.0034.smt2	stp	2c8bdf5694ed494a1d2260085e0386236fdc1724
abstractable.stp.f2clapack-f16.htrtrs_.q.0090.smt2	stp	1c0155dc6c960425e12024f7c937d23e01f7fb63
abstractable.stp.f2clapack-f16.htrtrs_.q.0172.smt2	stp	bfc4743d7792b20c685c1783b96e16b036ebff02
abstractable.stp.f2clapack-f16.htrtrs_.q.0091.smt2	stp	77ccf16f7bbcf81bf4bd07b0770327a13f93fad1
abstractable.stp.f2clapack-f16.htrtrs_.q.0124.smt2	stp	d494fc83cea73a7d7510d184bce36294b1cb7f4b
abstractable.stp.f2clapack-f16.htrtrs_.q.0083.smt2	stp	df3947548bd47e4e9b07046114b28115f7719fef
abstractable.stp.f2clapack-f16.htrtrs_.q.0065.smt2	stp	1edd9faffd9681dc3e380e28a36284f76666a14a
abstractable.stp.f2clapack-f16.htrtrs_.q.0174.smt2	stp	e6dc7942ff445376a4e70443993ed61676f2e1a2
abstractable.stp.f2clapack-f16.htrtrs_.q.0101.smt2	stp	dc5364b7754daa0448dabc2d72c1c3f82dbfe0b4
abstractable.stp.f2clapack-f16.htrtrs_.q.0133.smt2	stp	e491e4b1eabd43c8fa24a9b32598b6b8f00e9a01
abstractable.stp.f2clapack-f16.htrtrs_.q.0130.smt2	stp	f9aacb87b8ab756e94e8daf69b69a16f90d124c4
abstractable.stp.f2clapack-f16.htrtrs_.q.0220.smt2	stp	6d704dfaf58d3af45f364a0ee9089fc18d361efa
abstractable.stp.f2clapack-f16.htrtrs_.q.0088.smt2	stp	171ba8640bd6dac0cf3bebb2b432f51f10fe1785
abstractable.stp.f2clapack-f16.htrtrs_.q.0134.smt2	stp	d025cde80f1aace4a5b2f5a2d98bebb85101a027
abstractable.stp.f2clapack-f16.htrtrs_.q.0051.smt2	stp	b1f02a21197e1a92686cb39382c40174fc8f9e9f
abstractable.stp.f2clapack-f16.htrtrs_.q.0202.smt2	stp	8b4f196058e18595a914f3f1e6eff4924a89ffe9
abstractable.stp.f2clapack-f16.htrtrs_.q.0201.smt2	stp	5e97b6287fd7efe927316085f6f16d3078c47959
abstractable.stp.f2clapack-f16.htrtrs_.q.0134.smt2	stp	d025cde80f1aace4a5b2f5a2d98bebb85101a027
abstractable.stp.f2clapack-f16.htrtrs_.q.0203.smt2	stp	3320a69ec43675e34a7cd18427a8d6259711ce5f
abstractable.stp.f2clapack-f16.htrtrs_.q.0127.smt2	stp	4a641a8cf309459ddfac26fe060e8ceb7fb64df3
abstractable.stp.sundials.N_VConstrMask_Serial.q.0057.smt2	stp	ec58ee525e452f313e1870401d649ccd3a0ba267
abstractable.stp.sundials.N_VConstrMask_Serial.q.0052.smt2	stp	2c307ab0c852aba40d72591b045a2373e5ea3c65
abstractable.stp.sundials.N_VConstrMask_Serial.q.0047.smt2	stp	ce850a8ee9da836fbf04b7cff0bab58d1d87ad9a
abstractable.stp.sundials.N_VConstrMask_Serial.q.0037.smt2	stp	d055520caded64bc425c58e72d214af3745c22ed
abstractable.stp.sundials.N_VConstrMask_Serial.q.0032.smt2	stp	2c3cf9de3252a7f7fe314e6a710f403d8f6a9ec9
abstractable.stp.sundials.N_VConstrMask_Serial.q.0058.smt2	stp	9d5c97fdc12e6354c4c6f40d321fe1f220287b22
abstractable.stp.sundials.N_VConstrMask_Serial.q.0053.smt2	stp	963b504829d294bd234e4f31f87f6a704e648efd
abstractable.stp.sundials.N_VConstrMask_Serial.q.0043.smt2	stp	6f87cd62aa119f47ac56a4df996e1b9743ede151
abstractable.stp.sundials.N_VConstrMask_Serial.q.0038.smt2	stp	2e6d6d124db560599e1516e9dfef1b641feb3fc7
abstractable.stp.sundials.N_VConstrMask_Serial.q.0033.smt2	stp	76cef6a427c1908984f9ab9adda0280886dd249e
abstractable.stp.sundials.N_VConstrMask_Serial.q.0061.smt2	stp	ee4fbdfd97ef1458a8612c1bc4beec481e52881c
abstractable.stp.sundials.N_VConstrMask_Serial.q.0056.smt2	stp	a8d8f2c50bd9c3a55f58cddb7523a482a2ccb6b0
abstractable.stp.sundials.N_VConstrMask_Serial.q.0046.smt2	stp	468447e2c6d612b5527b65bff5eada6c65940dfb
abstractable.stp.sundials.N_VConstrMask_Serial.q.0041.smt2	stp	e1b8064233c7c9bf78a75fdd5015918763ac5c27
abstractable.stp.sundials.N_VConstrMask_Serial.q.0031.smt2	stp	f3a867a5f39193e49487edfdfcb6d6e2da47f773
abstractable.stp.sundials.N_VConstrMask_Serial.q.0026.smt2	stp	050e4770698243fcb17de3627c13f45c3f5ebd5d
abstractable.stp.sundials.N_VConstrMask_Serial.q.0055.smt2	stp	6f2fb7a9f581ebfe22799c36f719704ca0857ffb
abstractable.stp.sundials.N_VConstrMask_Serial.q.0050.smt2	stp	a693f0106e99432b66b0579a711fe18fd43e1004
abstractable.stp.sundials.N_VConstrMask_Serial.q.0045.smt2	stp	100d79e29e6a31127c1af93ee7eab95aaad65b7b
abstractable.stp.sundials.N_VConstrMask_Serial.q.0035.smt2	stp	8edc77927fe674a9b8e50f9ba33e2d2915985ca9
abstractable.stp.sundials.N_VConstrMask_Serial.q.0030.smt2	stp	7ff3ec51b7444d651f872019544013f9d07ab90f
abstractable.stp.sundials.N_VConstrMask_Serial.q.0054.smt2	stp	694da8ba8b15c58b022072845b0dee6dffee7921
abstractable.stp.sundials.N_VConstrMask_Serial.q.0049.smt2	stp	9387f707df8ed4989a623b29763e19c8a35ab802
abstractable.stp.sundials.N_VConstrMask_Serial.q.0039.smt2	stp	3858ff3553559e45e726377d871cc371610cada2
abstractable.stp.sundials.N_VConstrMask_Serial.q.0034.smt2	stp	18116c82a8f952dc3e3b3adb66fc47c1978afba7
abstractable.stp.f2clapack-f16.htrsv_.q.0016.smt2	stp	8f64bb97f0a542ce66d772558d5dc1fba824ba68
abstractable.stp.f2clapack-f16.htrsv_.q.0015.smt2	stp	451515dd14fa02d1da26f006837e21b3147b9c43
abstractable.stp.f2clapack-f16.htrsv_.q.0014.smt2	stp	339643fc2064dda05869bd83499ed7177c962407
abstractable.stp.f2clapack-f16.htrsv_.q.0013.smt2	stp	bc45606b6f81816def5fff2ff5a5c437c04a3115
abstractable.stp.f2clapack-f16.htrsv_.q.0012.smt2	stp	f314138a77dfc0dc407e48522c7b4d81667d4126
abstractable.stp.f2clapack-f16.htrsv_.q.0011.smt2	stp	9d1b7ff3016afa27c4f7e3c814cc98fb86be0f8b
abstractable.stp.f2clapack-f16.htrsv_.q.0010.smt2	stp	c1e3270170e200e3e8315f15d597f6dc6b171bf6
abstractable.stp.f2clapack-f16.htrsv_.q.0009.smt2	stp	5308a0974ed47c95e22c01f9031912be228116d0
abstractable.stp.f2clapack-f16.htrsv_.q.0008.smt2	stp	354e5fd123c68b159d2772fda2c09ca7494fc6e0
abstractable.stp.f2clapack-f16.htrsv_.q.0007.smt2	stp	1935f84a4cc4092ca2b4579dd15b237b16cb4a3e
abstractable.stp.f2clapack-f16.htrsv_.q.0006.smt2	stp	7da23e03431683f632dbce0837154a5a6ddc6109
abstractable.stp.f2clapack-f16.htrsv_.q.0016.smt2	stp	8f64bb97f0a542ce66d772558d5dc1fba824ba68
abstractable.stp.f2clapack-f16.htrsv_.q.0015.smt2	stp	451515dd14fa02d1da26f006837e21b3147b9c43
abstractable.stp.f2clapack-f16.htrsv_.q.0013.smt2	stp	bc45606b6f81816def5fff2ff5a5c437c04a3115
abstractable.stp.f2clapack-f16.htrsv_.q.0012.smt2	stp	f314138a77dfc0dc407e48522c7b4d81667d4126
abstractable.stp.f2clapack-f16.htrsv_.q.0008.smt2	stp	354e5fd123c68b159d2772fda2c09ca7494fc6e0
abstractable.stp.f2clapack-f16.htrsv_.q.0016.smt2	stp	8f64bb97f0a542ce66d772558d5dc1fba824ba68
abstractable.stp.f2clapack-f16.htrsv_.q.0013.smt2	stp	bc45606b6f81816def5fff2ff5a5c437c04a3115
abstractable.stp.f2clapack-f16.hpotrs_.q.0002.smt2	stp	97640f194bceb76dc8fc6481c00ddd7abe924eeb
abstractable.stp.f2clapack-f16.hpotrs_.q.0005.smt2	stp	2de8ede3231d4819ba7385104772bd257c50212e
abstractable.stp.f2clapack-f16.hpotrs_.q.0006.smt2	stp	9b6687bbfd4f5dbd02cb0bde389c61bf40ac2ba9
abstractable.stp.f2clapack-f16.hpotrs_.q.0008.smt2	stp	08dc1e473746454c7011320e690239264ee64d2c
abstractable.stp.f2clapack-f16.hpotrs_.q.0013.smt2	stp	34ee93e0e6f6799ed60b9c74905dad5cca626cab
abstractable.stp.f2clapack-f16.hpotrs_.q.0030.smt2	stp	2e352cefbade4924d36617d08047d956767bff30
abstractable.stp.f2clapack-f16.hpotrs_.q.0046.smt2	stp	41c3555fd6e546a06eab474e7626e5b594de5c94
abstractable.stp.f2clapack-f16.hpotrs_.q.0028.smt2	stp	16d6d6772444f866cb8d5950d32c78172eccf68e
abstractable.stp.f2clapack-f16.hpotrs_.q.0043.smt2	stp	4750b224709169fad6b07a65fb651fcb9cf4d014
abstractable.stp.f2clapack-f16.hpotrf_.q.0010.smt2	stp	9a4529e2c2f96b8b4dfbc4ff0585cbf3ddd42ce0
abstractable.stp.f2clapack-f16.hpotrf_.q.0009.smt2	stp	87f7948e6e81149211ec4ed4870cb998b1697ffc
abstractable.stp.f2clapack-f16.hpotrf_.q.0008.smt2	stp	171ae24ba02f759782962a6c8959f142c3348749
abstractable.stp.f2clapack-f16.hpotrf_.q.0007.smt2	stp	235e312ce5b8658a930ebb66680b83e39fa7d8ba
abstractable.stp.f2clapack-f16.hpotrf_.q.0006.smt2	stp	dc537a13675aa198050cd33faab39bda503c0943
abstractable.stp.f2clapack-f16.hpotrf_.q.0005.smt2	stp	ddc8662b3eb4e07f506a0d118a09a996e1326b62
abstractable.stp.f2clapack-f16.hlascl_.q.0006.smt2	stp	fdfacef6c144b9448f669b53d3a4e24f23ade991
abstractable.stp.f2clapack-f16.hlascl_.q.0005.smt2	stp	245533b731b2c0e1d02087887fcbd4af380188ee
abstractable.stp.f2clapack-f16.hlascl_.q.0007.smt2	stp	27ca3eb1eee2a2e89d540ea43d32b95ddd7d0482
abstractable.stp.f2clapack-f16.hlascl_.q.0008.smt2	stp	549ba3db7d18cf58e3c476dc78bebf0efd4d861f
abstractable.stp.f2clapack-f16.hlascl_.q.0017.smt2	stp	82a57cb22ea25817c59054710d162508db31d73b
abstractable.stp.f2clapack-f16.hlascl_.q.0018.smt2	stp	58c00255c6e24550d8a38fb048d459c99d8edec2
abstractable.stp.f2clapack-f16.hlascl_.q.0021.smt2	stp	75ec55ef216ac263fdd5e3276a26c3f20a7ed410
abstractable.stp.f2clapack-f16.hlascl_.q.0009.smt2	stp	83b0e632ef67074f3f0e5c38bc99dbc40484032a
abstractable.stp.f2clapack-f16.hpotrs_.q.0045.smt2	stp	bb81d7d69f56978d7e5077dddf0ed1ffb04e664a
abstractable.stp.f2clapack-f16.hpotrs_.q.0048.smt2	stp	cccfe6f38cf15e56fb2add1dcba5e04cafee5fbf
abstractable.stp.f2clapack-f16.hpotrs_.q.0016.smt2	stp	093a63cb70e5ba2fa4e50b83ad7fd75866e65a38
abstractable.stp.f2clapack-f16.hpotrs_.q.0018.smt2	stp	01465bcae212e61ad9a40eabbc2099a266fa7d6e
abstractable.stp.f2clapack-f16.hpotrs_.q.0019.smt2	stp	8af5e0b3d92bd5f80a66611160ca9fdb86a7ad4f
abstractable.stp.f2clapack-f16.hpotrs_.q.0034.smt2	stp	a0c6821b45377137a2bc65ead8e3216f8882bc94
abstractable.stp.f2clapack-f16.hpotrs_.q.0037.smt2	stp	862583303e9c309463a5b5863cdc9e422a110f31
abstractable.stp.f2clapack-f16.hpotrs_.q.0020.smt2	stp	52b50ca432749df23fb2d3458c5aa2cd8e2af1c8
abstractable.stp.f2clapack-f16.hpotrs_.q.0021.smt2	stp	9e5ebed6f53190efa8ebe84dc610f7124d926805
abstractable.stp.f2clapack-f16.hpotrs_.q.0023.smt2	stp	1a0af396d885e47a0fecbac902c8d23403cd358f
abstractable.stp.f2clapack-f16.hpotrs_.q.0057.smt2	stp	17a8fdf53697d360bc33342d7457301c65dff182
abstractable.stp.f2clapack-f16.hpotrs_.q.0026.smt2	stp	7403815f57bd3321a9b9d2dd01821c5747cd199d
abstractable.stp.f2clapack-f16.hpotrs_.q.0024.smt2	stp	1d59b8c8db803a9f73d27dd4649e2792703c9231
abstractable.stp.f2clapack-f16.hpotrs_.q.0041.smt2	stp	e72734eae40e48bf53ce6ceb9b9c034c66c12033
abstractable.stp.f2clapack-f16.hpotrs_.q.0040.smt2	stp	ea2400c87c1dda1f3b78e630c4409789b4ef8308
abstractable.stp.f2clapack-f16.hpotrs_.q.0027.smt2	stp	b3d31065aca3429a8495dd459c3cdc66d46f8d56
abstractable.stp.openlibm.remquof.q.1670.smt2	stp	07e2f89950233e45a05d423f323179236ffc7e24
abstractable.stp.openlibm.remquof.q.1682.smt2	stp	9c7244d74bc88ae7f9c2062c751f90fd0f38e314
abstractable.stp.openlibm.remquof.q.0176.smt2	stp	f317096651562334ba0a41a0419f8cfbcd03b45b
abstractable.stp.openlibm.remquof.q.1862.smt2	stp	95a8c1011da34e1967ee48cfc95e6f9b8bfad2b6
abstractable.stp.openlibm.remquof.q.0381.smt2	stp	9ef3b035739f233505540202cccc7eb3344974f5
abstractable.stp.openlibm.remquof.q.0538.smt2	stp	c291a699598be4c6b7c0ea91be084fef73156eaf
abstractable.stp.openlibm.remquof.q.0481.smt2	stp	2a1c2aab7c8e48e6b3c605a6f0b45a246f3564ae
abstractable.stp.openlibm.remquof.q.0797.smt2	stp	04af2409c04d86d2e35ffa706be28176a631e30c
abstractable.stp.openlibm.remquof.q.0805.smt2	stp	f1d38042e3f15bf84e1600f62ad0ac01ed73e21a
abstractable.stp.openlibm.remquof.q.0574.smt2	stp	cb4f1923ebb38b8da333d437bea41ef7060b660e
abstractable.stp.openlibm.remquof.q.0585.smt2	stp	d236d3f5585fa2a705e8899e3bc3084377bd4a1e
abstractable.stp.openlibm.remquof.q.0224.smt2	stp	be8f7bff3bb8b3480a9ee11958da31ee3b179c78
abstractable.stp.openlibm.remquof.q.0674.smt2	stp	99e62afc975ebbc5307fff7c96d7397ebec7f932
abstractable.stp.openlibm.remquof.q.0054.smt2	stp	25ca1d900bcf4a2955aa5d42d22503f52ade5367
abstractable.stp.openlibm.remquof.q.0833.smt2	stp	cd178bb6911547c683a0d2c0f10a003120082553
abstractable.stp.openlibm.remquof.q.1145.smt2	stp	
abstractable.stp.f2clapack-f16.hlascl_.q.0010.smt2	stp	2f7baa8c9d3e5e4aa7f3fea933f21c0bd8101126
abstractable.stp.f2clapack-f16.hlascl_.q.0022.smt2	stp	37d20e0f8b87ad61af39c5474bad4886799628c0
abstractable.stp.f2clapack-f16.hlascl_.q.0012.smt2	stp	d0b85034ab6b7986cfbeb36cce44b3935fbc50ac
abstractable.stp.f2clapack-f16.hlascl_.q.0012.smt2	stp	d0b85034ab6b7986cfbeb36cce44b3935fbc50ac
abstractable.stp.f2clapack-f16.hlascl_.q.0011.smt2	stp	5f108e5a74368fbe43256ccfc56e177159cca977
abstractable.stp.f2clapack-f16.hlascl_.q.0013.smt2	stp	579d3236a1620f18619c86b573bc382f91ed22c1
abstractable.stp.f2clapack-f16.hlascl_.q.0011.smt2	stp	5f108e5a74368fbe43256ccfc56e177159cca977
abstractable.stp.f2clapack-f16.hlascl_.q.0020.smt2	stp	4c8ae78d0dd3f7fac1c2cae6052df312fbb18fc6
abstractable.stp.f2clapack-f16.hlascl_.q.0023.smt2	stp	9c49eaba2fcd9d382359b8a9e91329c7bb5a62b0
abstractable.stp.f2clapack-f16.hlascl_.q.0015.smt2	stp	1aa5bb7398a92fd8896d3360ac3228af1788ac6d
abstractable.stp.f2clapack-f16.hlascl_.q.0014.smt2	stp	9dad07c701471ee5af57424922cf66884bcf5506
abstractable.stp.f2clapack-f16.hlascl_.q.0012.smt2	stp	d0b85034ab6b7986cfbeb36cce44b3935fbc50ac
abstractable.stp.f2clapack-f16.hlascl_.q.0014.smt2	stp	9dad07c701471ee5af57424922cf66884bcf5506
abstractable.stp.f2clapack-f16.hlascl_.q.0015.smt2	stp	1aa5bb7398a92fd8896d3360ac3228af1788ac6d
abstractable.stp.f2clapack-f16.hlascl_.q.0015.smt2	stp	1aa5bb7398a92fd8896d3360ac3228af1788ac6d
abstractable.stp.f2clapack-f16.hlascl_.q.0014.smt2	stp	9dad07c701471ee5af57424922cf66884bcf5506
abstractable.stp.f2clapack-f16.hlascl_.q.0016.smt2	stp	
abstractable.stp.f2clapack-f16.hlange_.q.0016.smt2	stp	8fbcd5d0162798a013e793f5acbd5abdbfe462df
abstractable.stp.f2clapack-f16.hlange_.q.0015.smt2	stp	5447e11f419139701f0693c3253198315cfe2120
abstractable.stp.f2clapack-f16.hlange_.q.0014.smt2	stp	e7e30808415528fc7f5af44067bc8cb746ed8a98
abstractable.stp.f2clapack-f16.hlange_.q.0013.smt2	stp	9a5067cddefbf352c179d439c1107306942d5298
abstractable.stp.f2clapack-f16.hlange_.q.0012.smt2	stp	a46c6940e66722f7c20b940402b1e870b6636f59
abstractable.stp.f2clapack-f16.hlange_.q.0011.smt2	stp	2cdca674bd4367d94056e54ef213fb386097029a
abstractable.stp.f2clapack-f16.hlange_.q.0010.smt2	stp	46d6a6af0b1fd25f0133b9b68f86f39956543e9b
abstractable.stp.f2clapack-f16.hlange_.q.0009.smt2	stp	0e7c9d8df186fcbbd26a262da3ac3c61e1c75eae
abstractable.stp.f2clapack-f16.hlange_.q.0008.smt2	stp	4aa011ca261a81cfd502795eec07ba42341bec08
abstractable.stp.f2clapack-f16.hlange_.q.0007.smt2	stp	f5b161fe78d03a715ad1481e6580da6b040cfb1d
abstractable.stp.f2clapack-f16.hlange_.q.0006.smt2	stp	58533a51ee498bbbff5df7128777c49af56b51cd
abstractable.stp.f2clapack-f16.hlange_.q.0005.smt2	stp	df160d9438bd8a8e02e0af974eedd4e419c743fa
abstractable.stp.f2clapack-f16.hlange_.q.0004.smt2	stp	fbfeac703a8c3b8ff32a24628722d2fc467baa55
abstractable.stp.f2clapack-f16.hlange_.q.0003.smt2	stp	c8b86fab9400deb634e4657347d79b1108c367bb
abstractable.stp.f2clapack-f16.hlange_.q.0002.smt2	stp	2dec03db5d3efab48246c342b9a864f2eacdba6c
abstractable.stp.f2clapack-f16.hgeqr2_.q.0045.smt2	stp	139429d42e81b7f592d6645e78dc538cb51b36e5
abstractable.stp.f2clapack-f16.hgeqr2_.q.0021.smt2	stp	a44f72512e9059be385266c9f3dd139c1a047a1b
abstractable.stp.f2clapack-f16.hgeqr2_.q.0015.smt2	stp	487b7bb526e0cee0f6f4eb0d06ee559912e2ac80
abstractable.stp.f2clapack-f16.hgeqr2_.q.0025.smt2	stp	41ea8d1a3014b017d7928be1dc8e3cd439eb17ab
abstractable.stp.f2clapack-f16.hgeqr2_.q.0024.smt2	stp	64eb1c4422437ea48eb1be7ceba7c8f95e1d7a31
abstractable.stp.f2clapack-f16.hgeqr2_.q.0037.smt2	stp	7a727b3a039a68ab614cabb85696998e381029b6
abstractable.stp.f2clapack-f16.hgeqr2_.q.0054.smt2	stp	6de1f2c4ed4b634afdb0559bc0fc2fcd80ee0503
abstractable.stp.f2clapack-f16.hgeqr2_.q.0048.smt2	stp	6657ae33cd5b96f9fa65870a3d58e4ff08197c20
abstractable.stp.f2clapack-f16.hgeqr2_.q.0042.smt2	stp	b61e38f8f05969912223fdce9f0ca0078c2b86ee
abstractable.stp.f2clapack-f16.hgeqr2_.q.0053.smt2	stp	2b9cf03c49cd2e4cb3d81ae6412e19d5dd183a5d
abstractable.stp.f2clapack-f16.hgeqr2_.q.0058.smt2	stp	703859e3ce825399d6b49bfe240863d3435a75eb
abstractable.stp.f2clapack-f16.hgeqr2_.q.0059.smt2	stp	d932e58b1d73f627ce5dc6d3c1864c40215b0b05
abstractable.stp.f2clapack-f16.hgeqr2_.q.0050.smt2	stp	27b7934b5922cff7444e819edd78800329eb4858
abstractable.stp.f2clapack-f16.hgeqr2_.q.0068.smt2	stp	eb68a671df840e43be6d2b2ab432092667852ed7
abstractable.stp.f2clapack-f16.hgeqr2_.q.0061.smt2	stp	0207c316aebb80dfd7ea742b7b632675b3d12332
abstractable.stp.f2clapack-f16.hgeqr2_.q.0065.smt2	stp	100d7e7afa4d08606dee2ce72cafaa6503c34c6b
abstractable.stp.f2clapack-f32.strsm_.q.0052.smt2	stp	910643730c1dd460ac27a92e8d80748fb83cb1f6
abstractable.stp.f2clapack-f32.strsm_.q.0144.smt2	stp	a84ffa6b773a3e4a48ddc161e5e601d17405588c
abstractable.stp.f2clapack-f32.strsm_.q.0035.smt2	stp	84076737ca2065b0da6b7b154e178941cc928669
abstractable.stp.f2clapack-f32.strsm_.q.0065.smt2	stp	b2638b8d5a4587212ed8395bda245c40950a7516
abstractable.stp.f2clapack-f32.strsm_.q.0047.smt2	stp	831182eaea9c6143887906dfe020342392138696
abstractable.stp.f2clapack-f32.strsm_.q.0082.smt2	stp	7560191ba04922ae96cff63dd6e921d6f87a5070
abstractable.stp.f2clapack-f32.strsm_.q.0066.smt2	stp	ad3bb9172ce89aff944303ba9d35fc592957d849
abstractable.stp.f2clapack-f32.strsm_.q.0142.smt2	stp	1d3d52dc2edac4190391099eebdda92eaf8a80e5
abstractable.stp.f2clapack-f32.strsm_.q.0058.smt2	stp	01ed6a37f30a21551d77fb6679485954b4c1ac8e
abstractable.stp.f2clapack-f32.strsm_.q.0049.smt2	stp	da3dcebd1150ae962c763b1626aaa0b2a6192ea8
abstractable.stp.f2clapack-f32.strsm_.q.0113.smt2	stp	3a987e87c1a5e5fc38bd35b7d67ce4db7b221ee8
abstractable.stp.f2clapack-f32.strsm_.q.0036.smt2	stp	23666fee889eb3e83394af338e79ed9bfcf16635
abstractable.stp.f2clapack-f32.strsm_.q.0057.smt2	stp	60d5931dc712c7cf0d6ba6cf52e61491793f5fa6
abstractable.stp.f2clapack-f32.strsm_.q.0093.smt2	stp	b87b744b36bc86d8f779ab20995a421a23cae8df
abstractable.stp.f2clapack-f32.strsm_.q.0044.smt2	stp	e5da6b80dc359f59343d61a3b45f5c9d3be0511a
abstractable.stp.f2clapack-f32.strsm_.q.0123.smt2	stp	e2648de9a2dc90efbc09c11d409102562de71c1c
abstractable.stp.f2clapack-f16.hgeqr2_.q.0076.smt2	stp	2a075710d5408fcf731fc8dd63b282bb69377048
abstractable.stp.f2clapack-f16.hgeqr2_.q.0056.smt2	stp	ec544c9167bcc3fcdbb787102cbffd504a0e7ec1
abstractable.stp.f2clapack-f16.hgeqr2_.q.0062.smt2	stp	3e2c9bf1d8edbec998eb40ce8e6012842f5afb3d
abstractable.stp.f2clapack-f16.hgeqr2_.q.0068.smt2	stp	eb68a671df840e43be6d2b2ab432092667852ed7
abstractable.stp.f2clapack-f16.hgeqr2_.q.0066.smt2	stp	6f9af973e1eed13030361398954e5396c395dc1b
abstractable.stp.f2clapack-f16.hgeqr2_.q.0062.smt2	stp	3e2c9bf1d8edbec998eb40ce8e6012842f5afb3d
abstractable.stp.f2clapack-f16.hgeqr2_.q.0079.smt2	stp	ad6c9fed316013a44fe535e158fb8cd613c91b4a
abstractable.stp.f2clapack-f16.hgeqr2_.q.0073.smt2	stp	6531594c8ae9eac21f84f594f0cda64eff71161e
abstractable.stp.f2clapack-f16.hgeqr2_.q.0075.smt2	stp	ea9692dd9836568ebf8ab4c1ac878eea2e6452a6
abstractable.stp.f2clapack-f32.strsm_.q.0024.smt2	stp	12bf42bc4d59c93d01f8f9db1da0a96bdc8d8474
abstractable.stp.f2clapack-f32.strsm_.q.0061.smt2	stp	c5ff4ad13f7fb8a4cb273dacd73ec8e84aa1fe04
abstractable.stp.f2clapack-f32.strsm_.q.0022.smt2	stp	46580032420edeab2f9920ce08e46d125a3b31a8
abstractable.stp.f2clapack-f32.strsm_.q.0063.smt2	stp	6f217ebc14f869db43b32e00d3c83c7e92680c31
abstractable.stp.f2clapack-f32.strsm_.q.0039.smt2	stp	09343cc6ee2475ce4d1056b4f78b5477fcb94444
abstractable.stp.f2clapack-f32.strsm_.q.0135.smt2	stp	5c6613c9bec32f4f89d9d1dc92b1a5417734ca23
abstractable.stp.f2clapack-f32.strsm_.q.0033.smt2	stp	e9df3c3667d0161c73e8787c9766f321d930d06b
abstractable.stp.f2clapack-f16.hposv_.q.0010.smt2	stp	9a4529e2c2f96b8b4dfbc4ff0585cbf3ddd42ce0
abstractable.stp.f2clapack-f16.hposv_.q.0011.smt2	stp	51929d1886882f6fe35e5e8ee5d405b5d5de33aa
abstractable.stp.f2clapack-f16.hposv_.q.0011.smt2	stp	51929d1886882f6fe35e5e8ee5d405b5d5de33aa
abstractable.stp.f2clapack-f16.hposv_.q.0013.smt2	stp	41d32166cde0508e5e207292d53627f87d0bb113
abstractable.stp.f2clapack-f16.hposv_.q.0013.smt2	stp	41d32166cde0508e5e207292d53627f87d0bb113
abstractable.stp.f2clapack-f16.hposv_.q.0013.smt2	stp	41d32166cde0508e5e207292d53627f87d0bb113
abstractable.stp.f2clapack-f16.hposv_.q.0014.smt2	stp	4e6f33084373d654e9ad9cde4ab8b2654009196e
abstractable.stp.f2clapack-f16.hposv_.q.0014.smt2	stp	4e6f33084373d654e9ad9cde4ab8b2654009196e
abstractable.stp.f2clapack-f16.hposv_.q.0012.smt2	stp	eeb16076690a456327d1714d611f6a8637ab1148
abstractable.stp.f2clapack-f16.hposv_.q.0015.smt2	stp	deb672bd2f459ef925a5e79f93d9a977c1ca96d0
abstractable.stp.f2clapack-f16.hposv_.q.0015.smt2	stp	deb672bd2f459ef925a5e79f93d9a977c1ca96d0
abstractable.stp.f2clapack-f16.hposv_.q.0015.smt2	stp	deb672bd2f459ef925a5e79f93d9a977c1ca96d0
abstractable.stp.f2clapack-f16.hposv_.q.0016.smt2	stp	0d111284dba2f9d1eff3bacf6115ea26239cf10f
abstractable.stp.f2clapack-f16.hposv_.q.0017.smt2	stp	1f548d9d662a7f71d1b283d3dd66f1a8319ca485
abstractable.stp.f2clapack-f16.hposv_.q.0016.smt2	stp	0d111284dba2f9d1eff3bacf6115ea26239cf10f
abstractable.stp.f2clapack-f16.hposv_.q.0016.smt2	stp	0d111284dba2f9d1eff3bacf6115ea26239cf10f
abstractable.stp.f2clapack-f16.hgeqrf_.q.0058.smt2	stp	712914072d9ebd894833ebf35273fabb947d274e
abstractable.stp.f2clapack-f16.hgeqrf_.q.0058.smt2	stp	712914072d9ebd894833ebf35273fabb947d274e
abstractable.stp.f2clapack-f16.hgeqrf_.q.0060.smt2	stp	6e925c0dadc5f048ed1ff673c11a76aba7599396
abstractable.stp.f2clapack-f16.hgeqrf_.q.0060.smt2	stp	6e925c0dadc5f048ed1ff673c11a76aba7599396
abstractable.stp.f2clapack-f16.hgeqrf_.q.0062.smt2	stp	b305b0037edce60c6d6fa757075a1d688b8db56c
abstractable.stp.f2clapack-f16.hgeqrf_.q.0061.smt2	stp	5d1fd520bccebd659f8bb5915dbd37e0a84eb3f2
abstractable.stp.f2clapack-f16.hgeqrf_.q.0061.smt2	stp	5d1fd520bccebd659f8bb5915dbd37e0a84eb3f2
abstractable.stp.f2clapack-f16.hgeqrf_.q.0080.smt2	stp	5b092552d1dadb6f38fc45f66ab73f80babff928
abstractable.stp.f2clapack-f16.hgeqrf_.q.0081.smt2	stp	4e6fc669f3fcbfce62df26c41936b64bddd68a2a
abstractable.stp.f2clapack-f16.hgeqrf_.q.0083.smt2	stp	674ab1de1a806ef5175ddea9fb9e8f34c31067e4
abstractable.stp.f2clapack-f16.hgeqrf_.q.0055.smt2	stp	a008567a11877709cd31ccb4eca478aa914841fa
abstractable.stp.f2clapack-f16.hgeqrf_.q.0055.smt2	stp	a008567a11877709cd31ccb4eca478aa914841fa
abstractable.stp.f2clapack-f16.hgeqrf_.q.0062.smt2	stp	b305b0037edce60c6d6fa757075a1d688b8db56c
abstractable.stp.f2clapack-f16.hgeqrf_.q.0063.smt2	stp	980d5e688281a3eaa0bbb31c64e9b9629ef26532
abstractable.stp.f2clapack-f16.hgeqrf_.q.0067.smt2	stp	7e6295975aaf9f573ee9c6ec21d4bc2906db27a9
abstractable.stp.f2clapack-f16.hgeqrf_.q.0066.smt2	stp	3ae049866b2d077bfe556aedbec5340c7f357ad7
abstractable.stp.f2clapack-f16.hposv_.q.0020.smt2	stp	1cf01be1a38da17e20539df6f66a0c7980c55ee0
abstractable.stp.f2clapack-f16.hposv_.q.0022.smt2	stp	be6e14161dd4505f60198b9b42e73f6cd0e2c320
abstractable.stp.f2clapack-f16.hposv_.q.0021.smt2	stp	d825939e657751cc8c30779f16b9e6c2bbaf98dc
abstractable.stp.f2clapack-f16.hposv_.q.0023.smt2	stp	0a70f6220b4f310185ebe7d664469e79bbd580b2
abstractable.stp.f2clapack-f16.hgecon_.q.0024.smt2	stp	9468d7222f71ab1b8de5e3a2c7e7fde8300f8354
abstractable.stp.f2clapack-f16.hgecon_.q.0007.smt2	stp	25882c3b51f364da3b15bf130d77d905ea6ce998
abstractable.stp.f2clapack-f16.hgecon_.q.0012.smt2	stp	f73688ba0dadba4218cab2f621dbd3495039d9c1
abstractable.stp.f2clapack-f16.hgecon_.q.0010.smt2	stp	982222a4c744b6de4e9262ec2f32a16c2b768aeb
abstractable.stp.f2clapack-f16.hgecon_.q.0014.smt2	stp	feaa9f5a53c5f44984e5680d5f8fb35e56cf6621
abstractable.stp.f2clapack-f16.hgecon_.q.0018.smt2	stp	68e6147e53a8d5f4f4553e52ea04c6485a7dae51
abstractable.stp.f2clapack-f16.hgecon_.q.0017.smt2	stp	e0cb24aba9f7589707aeb0c2296263056261a2d6
abstractable.stp.f2clapack-f16.hgecon_.q.0018.smt2	stp	68e6147e53a8d5f4f4553e52ea04c6485a7dae51
abstractable.stp.f2clapack-f16.hgecon_.q.0021.smt2	stp	2663567f4a1cceb2694b8cf35479eb60fe809eda
abstractable.stp.f2clapack-f16.hgecon_.q.0025.smt2	stp	6b9f9b29284d20074d84a59f74ae1fb7fd8b85fe
abstractable.stp.f2clapack-f16.hgecon_.q.0026.smt2	stp	f66c8ceec02f62c4bdc949d09b49a79e19ba1ea5
abstractable.stp.f2clapack-f16.hgecon_.q.0030.smt2	stp	113ad1465483d7464c1d48473f4df60fcc46b30e
abstractable.stp.f2clapack-f32.strsv_.q.0006.smt2	stp	24b033db447051bd6e1da60f27d5e17704144ed1
abstractable.stp.f2clapack-f32.strsv_.q.0014.smt2	stp	40c9df1bfdc2f167cb014caffd4585b3de369557
abstractable.stp.f2clapack-f32.strsv_.q.0013.smt2	stp	a6616d6ecaf2040602704936727da693ca4b2fb8
abstractable.stp.f2clapack-f32.strsv_.q.0016.smt2	stp	1797c71d0a7de5c402414c2f29e712f8c8357bec
abstractable.stp.f2clapack-f32.strsv_.q.0014.smt2	stp	40c9df1bfdc2f167cb014caffd4585b3de369557
abstractable.stp.f2clapack-f32.strtrs_.q.0029.smt2	stp	2075fd1fb4d1b9795baa1062bb4149e8ad2f5024
abstractable.stp.f2clapack-f32.strtrs_.q.0069.smt2	stp	3da3eb530be9488c50f71b3d62776d56aefa040d
abstractable.stp.f2clapack-f32.strtrs_.q.0045.smt2	stp	22fd07e358002034e0acf4fbe5bd9698f5b5aa3a
abstractable.stp.f2clapack-f32.strtrs_.q.0046.smt2	stp	26cd760c7a3b2b3e7344c57659b4845cedd89fc2
abstractable.stp.f2clapack-f32.strtrs_.q.0033.smt2	stp	ea43d9fed517a84076d4806230ee6cd35f6b2ce5
abstractable.stp.f2clapack-f32.strtrs_.q.0040.smt2	stp	eec160b7efce4b833e2546ac43c9791cca71b1ed
abstractable.stp.f2clapack-f32.strtrs_.q.0047.smt2	stp	f511ad785bfcf7c0a8abcea912d725c5e09c3031
abstractable.stp.f2clapack-f32.strtrs_.q.0086.smt2	stp	5c6bce41fa9cdbc08cfb7a00f73553cff16ee982
abstractable.stp.f2clapack-f32.strtrs_.q.0054.smt2	stp	ab87d74c1449535af7732790b3cf60d83df6aab4
abstractable.stp.f2clapack-f32.strtrs_.q.0073.smt2	stp	864e87ffbdf315bbdece36ec26ac6ec087101239
abstractable.stp.f2clapack-f32.strtrs_.q.0048.smt2	stp	6b13fdfd2eed2bdadeb08d37a11a6977532a8fd2
abstractable.stp.f2clapack-f16.hgeqrf_.q.0073.smt2	stp	fb8316a1ce4d7e95076b90251c159a8a5c479db0
abstractable.stp.f2clapack-f16.hgeqrf_.q.0076.smt2	stp	087885816ded247a52c6f517c177a050c112fcbb
abstractable.stp.f2clapack-f16.hgeqrf_.q.0085.smt2	stp	36c3a1d795b8e6fc0e674592577bddf74e05e58d
abstractable.stp.f2clapack-f16.hgeqrf_.q.0087.smt2	stp	32cff279c3fbd78ecb5e652263fcb4e98aabc70d
abstractable.stp.f2clapack-f16.hgeqrf_.q.0079.smt2	stp	59179d43fbb401175f2b010eebeb87107df8c8fa
abstractable.stp.f2clapack-f16.hgeqrf_.q.0077.smt2	stp	7596c645d68845385eafbd96a1fb18054c9acac8
abstractable.stp.f2clapack-f32.strsv_.q.0016.smt2	stp	1797c71d0a7de5c402414c2f29e712f8c8357bec
abstractable.stp.f2clapack-f32.strsv_.q.0015.smt2	stp	191c10eef4cbad8474d5938f1c75eaf3dd93846f
abstractable.stp.f2clapack-f32.strsv_.q.0014.smt2	stp	40c9df1bfdc2f167cb014caffd4585b3de369557
abstractable.stp.f2clapack-f32.strsv_.q.0013.smt2	stp	a6616d6ecaf2040602704936727da693ca4b2fb8
abstractable.stp.f2clapack-f32.strsv_.q.0012.smt2	stp	e2394a063839824caa2fa8b3548371861ae0b568
abstractable.stp.f2clapack-f32.strsv_.q.0011.smt2	stp	536ebfe6007911f5fa59da649937674275c27cf2
abstractable.stp.f2clapack-f32.strsv_.q.0010.smt2	stp	53879462cdb34509774fab20f14c579fc8d95f50
abstractable.stp.f2clapack-f32.strsv_.q.0009.smt2	stp	a0f1cecb73cca23e70776a5481ff487a1e2debcd
abstractable.stp.f2clapack-f32.strsv_.q.0008.smt2	stp	23c9ecc46637218417869fff30f6f91c9673db3e
abstractable.stp.f2clapack-f32.strsv_.q.0007.smt2	stp	62a44f1f9945c8ee63e3e8477175e7771d1eabcd
abstractable.stp.f2clapack-f32.strtrs_.q.0049.smt2	stp	d98b5ceff4c0b7b56c39be951618122281c85ee0
abstractable.stp.f2clapack-f32.strtrs_.q.0120.smt2	stp	8c37b89a758fb7f8db581f6e24bdf1cf21e9c3c9
abstractable.stp.f2clapack-f32.strtrs_.q.0117.smt2	stp	df7ecd67f47f8d82cc107653aef8735ce4f81679
abstractable.stp.f2clapack-f32.strtrs_.q.0035.smt2	stp	5ba6d11a9f6abeeff2cea7f3390798f0eac8f91c
abstractable.stp.f2clapack-f32.strtrs_.q.0082.smt2	stp	cce2f7e45fdab235e15369ee77101486cb17dddb
abstractable.stp.f2clapack-f32.strtrs_.q.0050.smt2	stp	7c03e3df6544557104244dc2b2999ad7b65639ee
abstractable.stp.f2clapack-f32.strtrs_.q.0042.smt2	stp	6923192a655ed865af49b863507f8c487b9eb0b9
abstractable.stp.f2clapack-f32.strtrs_.q.0093.smt2	stp	3f43ca88204ebbf9db6f3063bd237b289653d56e
abstractable.stp.f2clapack-f32.strtrs_.q.0092.smt2	stp	65e172b855e0e7cbb570beb7c9b91bab51df2e2e
abstractable.stp.f2clapack-f32.strtrs_.q.0064.smt2	stp	1336744b08af98eef76bec1bc26cbde8504eda9b
abstractable.stp.f2clapack-f32.strtrs_.q.0133.smt2	stp	32cc8010110ce196ac5c993989d7c604d5c69bd1
abstractable.stp.f2clapack-f32.strtrs_.q.0094.smt2	stp	cf7a2d08df07dc9c52a02f2b361508bf107cb209
abstractable.stp.f2clapack-f32.strtrs_.q.0103.smt2	stp	f81bd15ab5cc13347faee6b0c7fa17fb0cfa65cc
abstractable.stp.f2clapack-f32.strtrs_.q.0135.smt2	stp	6c7850da7e954ca8d00b6552236f0b78924ed988
abstractable.stp.f2clapack-f16.hgels_.q.0049.smt2	stp	d15d301f41b67854e786b4ef20096b9aba13b0ea
abstractable.stp.f2clapack-f16.hgels_.q.0628.smt2	stp	00355653c99364e082cc62892046eebbb51ea430
abstractable.stp.f2clapack-f32.spotrs_.q.0002.smt2	stp	b2463e1cce6ccfd2ffd627fe9056d6606496efaa
abstractable.stp.f2clapack-f32.spotrs_.q.0003.smt2	stp	b73da9152de851cb8d79b2b8c8221a63fe3987b3
abstractable.stp.f2clapack-f32.spotrs_.q.0003.smt2	stp	b73da9152de851cb8d79b2b8c8221a63fe3987b3
abstractable.stp.f2clapack-f32.spotrs_.q.0005.smt2	stp	ae65a9d86063a4123f95785e7e3ab1a88a910e00
abstractable.stp.f2clapack-f32.spotrs_.q.0007.smt2	stp	1a9b7e9ec49276349d73682eb1d1a00ebe7ac79e
abstractable.stp.f2clapack-f32.spotrs_.q.0006.smt2	stp	db2d59d46e0e49897ab2e8768223a5a938715435
abstractable.stp.f2clapack-f32.spotrs_.q.0009.smt2	stp	2736b420b28d0143d97b61ec2fab62d6e7aa0d0f
abstractable.stp.f2clapack-f32.spotrs_.q.0011.smt2	stp	7f5119de02524aaeb0edf0c047896494b466168c
abstractable.stp.f2clapack-f32.spotrs_.q.0010.smt2	stp	39da34097bf80c50c9b59c5f82be876459f9b3ed
abstractable.stp.f2clapack-f32.spotrs_.q.0013.smt2	stp	ea179e167cd5a21e9550e64b9d05415b68b751cf
abstractable.stp.f2clapack-f32.spotrs_.q.0012.smt2	stp	882807530713a2d354cbc627919ab4ab3fb06dc7
abstractable.stp.f2clapack-f32.spotrs_.q.0015.smt2	stp	875a67740803cc0ac1947c016cb373bf04992204
abstractable.stp.f2clapack-f32.spotrs_.q.0015.smt2	stp	875a67740803cc0ac1947c016cb373bf04992204
abstractable.stp.f2clapack-f32.spotrs_.q.0014.smt2	stp	d83885b77b5f63111270942bef493cebcb6b2324
abstractable.stp.f2clapack-f32.spotrs_.q.0027.smt2	stp	a042eeb3c756c58b759b799e1d343b7c3622cd12
abstractable.stp.f2clapack-f32.spotrs_.q.0017.smt2	stp	236ff3fc72d75ee6866b28391dec23bd3bf4e22b
abstractable.stp.f2clapack-f32.spotrs_.q.0016.smt2	stp	3ce753c7563af94bb6ed338d482e3fa63674590a
abstractable.stp.f2clapack-f32.spotrs_.q.0018.smt2	stp	4b478df3c890c5e4d4907d76b5d9609628c40887
abstractable.stp.f2clapack-f32.spotrs_.q.0019.smt2	stp	4c332337249e08df88dc86a43d07e7d59108c345
abstractable.stp.f2clapack-f32.spotrs_.q.0022.smt2	stp	7d74c16b4ca3682fe19a6cbbc307078eecb0d3f9
abstractable.stp.f2clapack-f32.spotrs_.q.0020.smt2	stp	c24fbfe814acc1e3dd1b41bdbd21382f6f4bdc4e
abstractable.stp.f2clapack-f32.spotrs_.q.0020.smt2	stp	c24fbfe814acc1e3dd1b41bdbd21382f6f4bdc4e
abstractable.stp.f2clapack-f32.spotrs_.q.0023.smt2	stp	a047e301014179cf09faefe855eb028bfd87a4d7
abstractable.stp.f2clapack-f32.spotrs_.q.0026.smt2	stp	024eeaeb8fe54c22dc6d889e92c60190b20734a5
abstractable.stp.f2clapack-f32.spotrs_.q.0024.smt2	stp	dfa0f6c4f30d78b4ea2d21a9c7fad627a72679f2
abstractable.stp.f2clapack-f32.spotrf_.q.0010.smt2	stp	42696ceef6828f5c3797d56c886e6193294ea878
abstractable.stp.f2clapack-f32.spotrf_.q.0009.smt2	stp	92b16dd6a680e03e4a50fcc93135dff908ea2d5e
abstractable.stp.f2clapack-f32.spotrf_.q.0008.smt2	stp	8bb1d25eeac8324b99e903c4b89bd4268d18de7f
abstractable.stp.f2clapack-f32.spotrf_.q.0007.smt2	stp	c632f0539cd6187b3db231154305aad2568111c8
abstractable.stp.f2clapack-f32.spotrf_.q.0006.smt2	stp	0b426ddf924cf98b54178f073627c2e69366d86e
abstractable.stp.f2clapack-f32.spotrf_.q.0005.smt2	stp	a8a99099862a2ed412e01c917ba6796444005d5b
abstractable.stp.f2clapack-f32.spotrf_.q.0010.smt2	stp	42696ceef6828f5c3797d56c886e6193294ea878
abstractable.stp.f2clapack-f16.hgecon_.q.0038.smt2	stp	79511d4be89ab59906035b3ce0621880b199a015
abstractable.stp.f2clapack-f16.hgecon_.q.0032.smt2	stp	041867e5d0c3dacf2a7ebbf10caa401dc1b585cd
abstractable.stp.f2clapack-f16.hgecon_.q.0045.smt2	stp	2320e5b8f4a62ded5a252c36c009b122d8edf951
abstractable.stp.f2clapack-f16.hgecon_.q.0041.smt2	stp	d17ce7c39fdaf4b6933fede0de516cb6d102c229
abstractable.stp.f2clapack-f16.hgecon_.q.0034.smt2	stp	1962f5b555ec7923e12b841886b3f7ccdb33b74b
abstractable.stp.f2clapack-f16.hgecon_.q.0048.smt2	stp	3debbe7e7cda4e4eac3b70d9707dacf926872ce1
abstractable.stp.f2clapack-f16.hgecon_.q.0050.smt2	stp	ec43cfd84ae617ee93bdcfcc39bb2c20afb96f5c
abstractable.stp.f2clapack-f16.hgecon_.q.0056.smt2	stp	ad6f6c81260b96527de6d61655421f2fe339e56b
abstractable.stp.f2clapack-f16.hgecon_.q.0056.smt2	stp	ad6f6c81260b96527de6d61655421f2fe339e56b
abstractable.stp.f2clapack-f16.hgecon_.q.0050.smt2	stp	ec43cfd84ae617ee93bdcfcc39bb2c20afb96f5c
abstractable.stp.f2clapack-f16.hgecon_.q.0055.smt2	stp	2d8375f88efd72e1a6b2fe02c4b7d664d05d93ec
abstractable.stp.f2clapack-f16.hgecon_.q.0053.smt2	stp	cc973f2793eeff9406a729f2eaac19f5fb502a27
abstractable.stp.f2clapack-f16.hgecon_.q.0059.smt2	stp	4060078d2042117d1a5ac440ce13c925ca899085
abstractable.stp.f2clapack-f16.hgeqrf_.q.0038.smt2	stp	f7e05c7517befed0b8cf3e714b1f638a613263d0
abstractable.stp.f2clapack-f16.hgeqrf_.q.0047.smt2	stp	f7b05af70e5bbdcf9169b4f7b6716b2d2ca5903e
abstractable.stp.f2clapack-f16.hgeqrf_.q.0054.smt2	stp	6d80dda9f3d18e02b21e1973779dfded2a4f2f6d
abstractable.stp.f2clapack-f16.hgels_.q.0234.smt2	stp	1830c3f1b476a26a4c91b1ce6591808aee6da484
abstractable.stp.f2clapack-f16.hgels_.q.0131.smt2	stp	1a81adb09423ecc9d81acc9864a591f338aca8de
abstractable.stp.f2clapack-f16.hgels_.q.0862.smt2	stp	c58996575bb2c8c2f9596b163bd3877af252b59f
abstractable.stp.f2clapack-f16.hgels_.q.0190.smt2	stp	9a95f03ca88d33495681fb407b126f2d767ed5e9
abstractable.stp.f2clapack-f16.hgels_.q.0266.smt2	stp	47f9d26308f14cbc459fd095631987b40bc23117
abstractable.stp.f2clapack-f16.hgels_.q.0272.smt2	stp	865bd997418d1f03391fa9d16868d877113c2cda
abstractable.stp.f2clapack-f16.hgels_.q.0076.smt2	stp	1de352ab271880bf731a3605db39c26abbae4988
abstractable.stp.f2clapack-f16.hgetrf_.q.0006.smt2	stp	43df4d8356c0f18290a51089ac0d493a798b49a4
abstractable.stp.f2clapack-f16.hgetrf_.q.0432.smt2	stp	990b1baae46e0c5ca59fd3dfa095d673b4c867e3
abstractable.stp.f2clapack-f16.hgetrf_.q.0230.smt2	stp	0d06f75913087e1de6449064ec8dcb576da27f9d
abstractable.stp.f2clapack-f16.hgetrf_.q.0433.smt2	stp	3bd0bd355f8e5bfc0d8058748e1ace19fa287bba
abstractable.stp.f2clapack-f16.hgetrf_.q.0394.smt2	stp	f744bbe172a5955297fe4c8d4658d78a6781fa2c
abstractable.stp.f2clapack-f16.hgetrf_.q.0467.smt2	stp	11bc80731bc7a13cd81d997d36dd119dad30ce3b
abstractable.stp.f2clapack-f16.hgetrf_.q.0088.smt2	stp	edaa0be77e5f7249c41944ec03f70d48bef9ac9c
abstractable.stp.f2clapack-f16.hgetrf_.q.0089.smt2	stp	e6da163dc79bd1a7200e9bee5fb05c6b2b9b846e
abstractable.stp.f2clapack-f16.hgetrf_.q.0594.smt2	stp	0174359cf26960963f413b453a9a6310d363d407
abstractable.stp.f2clapack-f32.spotrf_.q.0010.smt2	stp	42696ceef6828f5c3797d56c886e6193294ea878
abstractable.stp.f2clapack-f32.spotf2_.q.0010.smt2	stp	7c8e2674e8a58b02cfd1c72bc512a790a3af3ce4
abstractable.stp.f2clapack-f32.spotf2_.q.0009.smt2	stp	cfe577862bc6e50579ee7c50e107b5ca849d0744
abstractable.stp.f2clapack-f32.spotf2_.q.0008.smt2	stp	c07775498a877555f64c2266077508a2359d7904
abstractable.stp.f2clapack-f32.spotf2_.q.0007.smt2	stp	7867af81d1a20c3eb8c9b1943102c789e67ad05d
abstractable.stp.f2clapack-f32.spotf2_.q.0006.smt2	stp	cd8f4d3cb2650a55f94eb411f94d0ea4663af2ec
abstractable.stp.f2clapack-f32.spotf2_.q.0005.smt2	stp	a071e3c2a633ec2858c098049bbe3dd8d479e3a2
abstractable.stp.f2clapack-f32.slascl_.q.0006.smt2	stp	67084703fc80de854db6f9c3d0e732050768d2c6
abstractable.stp.f2clapack-f32.slascl_.q.0005.smt2	stp	01b592abd13dbdfa2fbed6ddc0751ef3c127dbb7
abstractable.stp.f2clapack-f32.slascl_.q.0007.smt2	stp	c8d952f040bd5e42cebc617d58573c84b925f5bd
abstractable.stp.f2clapack-f32.slascl_.q.0008.smt2	stp	5e733bd1cc46e0a2ab6289e30cf1f09236a6178a
abstractable.stp.f2clapack-f32.slascl_.q.0008.smt2	stp	5e733bd1cc46e0a2ab6289e30cf1f09236a6178a
abstractable.stp.f2clapack-f32.slascl_.q.0016.smt2	stp	efdef9aaeeacd4110f5acd5fb98fbdf40c811d1f
abstractable.stp.f2clapack-f32.slascl_.q.0016.smt2	stp	efdef9aaeeacd4110f5acd5fb98fbdf40c811d1f
abstractable.stp.f2clapack-f32.slascl_.q.0017.smt2	stp	1cffeb4525e548fed3186e9f83869cc0c0db54fb
abstractable.stp.f2clapack-f32.slascl_.q.0010.smt2	stp	a284d4d44e6a86d525dfcc7b86a2fad024c635ae
abstractable.stp.f2clapack-f32.slascl_.q.0009.smt2	stp	1ec415f13a52348d0d02e863d1e0e8c5d3111a71
abstractable.stp.f2clapack-f32.slascl_.q.0010.smt2	stp	a284d4d44e6a86d525dfcc7b86a2fad024c635ae
abstractable.stp.f2clapack-f32.slascl_.q.0020.smt2	stp	2dbb680328a08964b69991fca000edd613aaa1d4
abstractable.stp.f2clapack-f32.slascl_.q.0021.smt2	stp	51aadc59d6f90f7258f391187b5ff080721bef2c
abstractable.stp.f2clapack-f32.slascl_.q.0018.smt2	stp	c1af3545c039298dc0a13abcc367bf6c265ea52d
abstractable.stp.f2clapack-f32.slascl_.q.0012.smt2	stp	bea82d3ef3b0377206c8195e7df2a24252d9fa33
abstractable.stp.f2clapack-f32.slascl_.q.0012.smt2	stp	bea82d3ef3b0377206c8195e7df2a24252d9fa33
abstractable.stp.f2clapack-f32.slascl_.q.0022.smt2	stp	11d5835fa9f3b8e65b2d4608f9d0517fe17b63da
abstractable.stp.f2clapack-f32.slascl_.q.0013.smt2	stp	2298dfa877c060b9585cd2883687556872bd795a
abstractable.stp.f2clapack-f32.slascl_.q.0021.smt2	stp	51aadc59d6f90f7258f391187b5ff080721bef2c
abstractable.stp.f2clapack-f32.slascl_.q.0011.smt2	stp	91b40afc25cf74b725108c62fc82ae77fbe5b674
abstractable.stp.f2clapack-f32.slascl_.q.0011.smt2	stp	91b40afc25cf74b725108c62fc82ae77fbe5b674
abstractable.stp.f2clapack-f32.slascl_.q.0015.smt2	stp	d9c9282544d0f4bfe452afe15e10f9ed7c8ab059
abstractable.stp.f2clapack-f32.slascl_.q.0015.smt2	stp	d9c9282544d0f4bfe452afe15e10f9ed7c8ab059
abstractable.stp.f2clapack-f32.slascl_.q.0015.smt2	stp	d9c9282544d0f4bfe452afe15e10f9ed7c8ab059
abstractable.stp.f2clapack-f32.slascl_.q.0014.smt2	stp	9f015d3aa5c4d6e29c328a2f4d6226e8c082a14f
abstractable.stp.f2clapack-f16.hgels_.q.0505.smt2	stp	7bbf41181e9169bd72c83922ae2d96468c4d21af
abstractable.stp.f2clapack-f16.hgels_.q.0313.smt2	stp	ed4143e4a01206954651e2cd8f0d0da6ce4ba182
abstractable.stp.f2clapack-f16.hgels_.q.0624.smt2	stp	d8ef216a6b8cc9e31922b5ec3dd59db77d606cfd
abstractable.stp.f2clapack-f16.hgels_.q.0224.smt2	stp	4aa4d77137b1436e7f618015a0ef85aff9b8a4d1
abstractable.stp.f2clapack-f16.hgels_.q.0745.smt2	stp	571e461b36a74b24b3e4b7cc5f6f7c83501d19f9
abstractable.stp.f2clapack-f16.hgels_.q.0903.smt2	stp	fca56c041bd5ca704dd4c957955530b52c6c851d
abstractable.stp.f2clapack-f16.hgels_.q.0416.smt2	stp	d655a7a388da1ade53817a4e3d48b2ce16e2826f
abstractable.stp.f2clapack-f16.hgels_.q.0279.smt2	stp	06758e0ed7796bbbfd0903ce8d370eb93ffb6b5e
abstractable.stp.f2clapack-f16.hgels_.q.0538.smt2	stp	4b173978a942530d1cc6607e676c09ae15ab8431
abstractable.stp.f2clapack-f16.hgels_.q.0267.smt2	stp	5ca044ab5b8c78df322c13740557530c69a05180
abstractable.stp.f2clapack-f16.hgels_.q.0435.smt2	stp	ec0dcb670ced5607aed7d5ef324ff0cc41101b18
abstractable.stp.f2clapack-f16.hgels_.q.0211.smt2	stp	7e3b048d9492d8df43f863fd906f63d10f8c65ae
abstractable.stp.f2clapack-f16.hgels_.q.0654.smt2	stp	416ebd1e7fbaca9bbe146923822cb5fa22fcd2cc
abstractable.stp.f2clapack-f16.hgels_.q.0940.smt2	stp	d20e9a5a5034fd208ef327521bb10897140016b4
abstractable.stp.f2clapack-f16.hgels_.q.0483.smt2	stp	3a1721f081b78ca0e3d6aee01555eacbb8d49c6f
abstractable.stp.f2clapack-f16.hgels_.q.0161.smt2	stp	f72357a107277c29b361b5b072ece2b2fcd9c88f
abstractable.stp.f2clapack-f32.sgeqr2_.q.0120.smt2	stp	e974e27ec76cc7705c6207ec03acad52664d1677
abstractable.stp.f2clapack-f32.sgeqr2_.q.0047.smt2	stp	9e31a9285154cda69221363dfc73fa9b74ead5db
abstractable.stp.f2clapack-f32.sgeqr2_.q.0054.smt2	stp	139d3eb7f9100957fe03635d7d146b60add8db78
abstractable.stp.f2clapack-f32.sgeqr2_.q.0128.smt2	stp	07e76fe07c4f0bf0e41d5145c685cf58a3d550c4
abstractable.stp.f2clapack-f32.sgeqr2_.q.0151.smt2	stp	96ae69a3438317960935c947a4ed208ab15faa55
abstractable.stp.f2clapack-f32.sgeqr2_.q.0070.smt2	stp	9ed85a6c516a5ac640b1535d9f1b473dbbcba631
abstractable.stp.f2clapack-f32.sgeqr2_.q.0174.smt2	stp	c77b4f66628f94c524123daa8e12b51fb32b75b0
abstractable.stp.f2clapack-f32.sgeqr2_.q.0155.smt2	stp	aa6464666720af497acd7c8844bf57d180e7d38f
abstractable.stp.f2clapack-f32.sgeqr2_.q.0094.smt2	stp	9c094af6493b89461c2656ad9e1ea1b319e9cc9f
abstractable.stp.f2clapack-f32.sgeqr2_.q.0124.smt2	stp	05d9a63c1298c337b020ec71440398060fcdaaa8
abstractable.stp.f2clapack-f32.sgeqr2_.q.0052.smt2	stp	e09f186ccdf76253d5e1b093c405a9b66b360737
abstractable.stp.f2clapack-f32.sgeqr2_.q.0176.smt2	stp	a056495f9145048e4b6ac52a419bb4c4142f6d13
abstractable.stp.f2clapack-f32.sgeqr2_.q.0051.smt2	stp	8cfc36b132f457fa0e140dd6c89a08b897535916
abstractable.stp.f2clapack-f32.sgeqr2_.q.0111.smt2	stp	d119f6c5efd3391a3c216d78f7367e992d16c8ce
abstractable.stp.f2clapack-f32.sgeqr2_.q.0055.smt2	stp	f058dd26285da047c0a11da6ac05acdcf4077231
abstractable.stp.f2clapack-f32.sgeqr2_.q.0180.smt2	stp	40f310fb56881abe0c844624aa1e7f739cbbb9bc
abstractable.stp.f2clapack-f64.dtrtrs_.q.0038.smt2	stp	f060e7b9539fd6cdc9344e6a9923582374df0336
abstractable.stp.f2clapack-f64.dtrtrs_.q.0026.smt2	stp	d9a0957c72661a8030c80c0284ff0dec0ce57a6a
abstractable.stp.f2clapack-f64.dtrtrs_.q.0045.smt2	stp	b5440af0f5400a4d38d13ce145903e07e0eb9e91
abstractable.stp.f2clapack-f64.dtrtrs_.q.0046.smt2	stp	8a78e44d568d3d57be7e2ba42d71b5fa77f8da51
abstractable.stp.f2clapack-f64.dtrtrs_.q.0031.smt2	stp	2fd699dbbdee74298fab952d1450b1b96b0787f5
abstractable.stp.f2clapack-f64.dtrtrs_.q.0027.smt2	stp	55e1b437b21ab49cec10fde204dd74117a2efce8
abstractable.stp.f2clapack-f64.dtrtrs_.q.0033.smt2	stp	00cda1e4c72261145c9936953def98ed4bb786e8
abstractable.stp.f2clapack-f64.dtrtrs_.q.0040.smt2	stp	c26b521885422bd2f81f58a62d8ff9cacfa85889
abstractable.stp.f2clapack-f64.dtrtrs_.q.0047.smt2	stp	807e35789a68b99c102686f9b7dd910e78d70661
abstractable.stp.f2clapack-f64.dtrtrs_.q.0032.smt2	stp	691f36f3b20cfa140329c5a69f55f049787c0cd6
abstractable.stp.f2clapack-f64.dtrtrs_.q.0039.smt2	stp	ef33024e16cd8211dec9fd7f90ac5a00f4fc3330
abstractable.stp.f2clapack-f64.dtrtrs_.q.0061.smt2	stp	2333c8ae91ed2c58b4bbd85fcd2dd2187a1c134f
abstractable.stp.f2clapack-f64.dtrtrs_.q.0034.smt2	stp	ca438285e52e0d353acc9981b00d3172d6192678
abstractable.stp.f2clapack-f64.dtrtrs_.q.0041.smt2	stp	cf40d6e63f51a9fe0db47092ac0e11dd7ba9e154
abstractable.stp.f2clapack-f64.dtrtrs_.q.0048.smt2	stp	15b630003ad526872f87e1a2f9efdb2b5b9faec9
abstractable.stp.f2clapack-f64.dtrtrs_.q.0049.smt2	stp	f5e84a8cefdd6ab2ce7bc6d98bd562c8f88d9397
abstractable.stp.f2clapack-f32.sgeqr2_.q.0184.smt2	stp	1c8fc05d9fc97e24bc4d96e53cfda03e24258505
abstractable.stp.f2clapack-f32.sgeqr2_.q.0187.smt2	stp	70db0139f75a71c4d597c26e7746b4a81e3fa578
abstractable.stp.f2clapack-f64.dtrsv_.q.0016.smt2	stp	bae33998782943da03ddadb2c706722042223f96
abstractable.stp.f2clapack-f64.dtrsv_.q.0015.smt2	stp	367faec7abf4a30585ba19b0dcbd44dee7a849f9
abstractable.stp.f2clapack-f64.dtrsv_.q.0014.smt2	stp	77eebe7cc144a1f11e78f873ee35ec443cd353b4
abstractable.stp.f2clapack-f64.dtrsv_.q.0013.smt2	stp	1610b2deed113e4cd5bcb35c297c8389169f6815
abstractable.stp.f2clapack-f64.dtrsv_.q.0012.smt2	stp	2b4147ef58e188b488ce5bcf388bf1d40719fd21
abstractable.stp.f2clapack-f64.dtrsv_.q.0011.smt2	stp	c9fe5841f28039f9a231066ac6c5698a370ffaf1
abstractable.stp.f2clapack-f64.dtrsv_.q.0010.smt2	stp	f2bc81f8f022086311f4adc5dfada3849d170be5
abstractable.stp.f2clapack-f64.dtrsv_.q.0009.smt2	stp	903765910959a227cd3f7decbfd41b15cf81d0de
abstractable.stp.f2clapack-f64.dtrsv_.q.0008.smt2	stp	7830c9bf3a2db71416e81da1de0979a909593dea
abstractable.stp.f2clapack-f64.dtrsv_.q.0007.smt2	stp	c25475e1d9e2f0de0d160d3e0412371ae1433950
abstractable.stp.f2clapack-f64.dtrsv_.q.0006.smt2	stp	1eceea4877e14296302c7cb2fa99b747847644c8
abstractable.stp.f2clapack-f64.dtrtrs_.q.0029.smt2	stp	38dab481e0012fd22311f2277380bae42b83fe70
abstractable.stp.f2clapack-f64.dtrtrs_.q.0025.smt2	stp	fc1656b73f8076b171282a820d5e719710258f89
abstractable.stp.f2clapack-f64.dtrtrs_.q.0044.smt2	stp	604bdbf5fc88eafda2b27023437c3d8cb796113d
abstractable.stp.f2clapack-f64.dtrtrs_.q.0062.smt2	stp	ebb2a94fb9e7ff8b1b01a4620c1eff3389e319dc
abstractable.stp.f2clapack-f64.dtrtrs_.q.0035.smt2	stp	2d0e86c7427003073aff612136ecc45d6613ca03
abstractable.stp.f2clapack-f64.dtrtrs_.q.0035.smt2	stp	2d0e86c7427003073aff612136ecc45d6613ca03
abstractable.stp.f2clapack-f64.dtrtrs_.q.0050.smt2	stp	164648023a0e79204a31ea7cbbf1639eee50d6ce
abstractable.stp.f2clapack-f64.dtrtrs_.q.0042.smt2	stp	1021b6b8dfb136e5c88180ce128c8a982ed2e202
abstractable.stp.f2clapack-f64.dtrtrs_.q.0064.smt2	stp	ab18f209f6aacb700b358c55a11c054a0b35a57f
abstractable.stp.f2clapack-f64.dtrsm_.q.0024.smt2	stp	a55befd4552f89c37a9a5566d2c0b64bd84a2c54
abstractable.stp.f2clapack-f64.dtrsm_.q.0021.smt2	stp	1c0197a7b4248777f043b9cb80cdc02c5bbf848e
abstractable.stp.f2clapack-f64.dtrsm_.q.0020.smt2	stp	92aa9eac5a6391bdbe05a274ed0984faa89ee93e
abstractable.stp.f2clapack-f64.dtrsm_.q.0037.smt2	stp	6028d188218245bb9bccc2aa16ccf19fe3ebcc30
abstractable.stp.f2clapack-f64.dtrsm_.q.0038.smt2	stp	e8c9ea7f1539bbd1048cd0bdb645188f4e70c3c7
abstractable.stp.f2clapack-f64.dtrsm_.q.0032.smt2	stp	8b501ab8b644a3d59ee7eafe6abb3cb73e13f95c
abstractable.stp.f2clapack-f64.dtrsm_.q.0025.smt2	stp	e3645ae3214053e6f55ba6556a571eb8d0426e93
abstractable.stp.f2clapack-f64.dtrsm_.q.0022.smt2	stp	76a1c8397bacd4a5abc1600174c5499f869ff8c1
abstractable.stp.f2clapack-f64.dtrsm_.q.0026.smt2	stp	8b9c4eab5a6fc812a040dfae348c9f549b8f6451
abstractable.stp.f2clapack-f64.dtrsm_.q.0023.smt2	stp	c1dddc970e59878f5e726f844106e8ca1ddcc6fa
abstractable.stp.f2clapack-f64.dtrsm_.q.0028.smt2	stp	7eaeab394d1f62f34029879829f36dd959373b11
abstractable.stp.f2clapack-f64.dtrsm_.q.0034.smt2	stp	ca6d8154e5907f48d36090d29535ce4be3c0e81d
abstractable.stp.f2clapack-f64.dtrsm_.q.0027.smt2	stp	5e0fb541e246f9219939cbcead643d99f8e6239e
abstractable.stp.f2clapack-f64.dtrsm_.q.0046.smt2	stp	74968b07c45446636f3f90c6442e00a6f04eeeee
abstractable.stp.f2clapack-f64.dtrsm_.q.0033.smt2	stp	9953803e1683385e367d3f6a741f0e34569040fc
abstractable.stp.f2clapack-f64.dtrsm_.q.0040.smt2	stp	dd498a4af8da3769efd075c14739c59997e9d3d9
abstractable.stp.f2clapack-f64.dtrsm_.q.0029.smt2	stp	44909c5e3541564c6d395dbe7f05b2bf8462e209
abstractable.stp.f2clapack-f64.dtrsm_.q.0029.smt2	stp	44909c5e3541564c6d395dbe7f05b2bf8462e209
abstractable.stp.f2clapack-f64.dtrsm_.q.0042.smt2	stp	0ab06e7b6f916c2308493d13483e5a295d118efc
abstractable.stp.f2clapack-f64.dtrsm_.q.0048.smt2	stp	57a079ba95c470ea123f586342e2039b19ab4615
abstractable.stp.f2clapack-f64.dtrsm_.q.0047.smt2	stp	b6a8afba4f76447bf6142930cd63453fdfb44765
abstractable.stp.f2clapack-f64.dtrsm_.q.0030.smt2	stp	841b7336f5392e6634be0d444c1bbac18ccccb26
abstractable.stp.f2clapack-f64.dtrsm_.q.0031.smt2	stp	230bf9518cd7ad00c80368dbebfd9b793c16e040
abstractable.stp.f2clapack-f64.dtrsm_.q.0043.smt2	stp	4aefd34980309914b9a33d442ec064b30966c958
abstractable.stp.f2clapack-f64.dtrsm_.q.0036.smt2	stp	3ed028301fa38201159a429516acf9aada63c14e
abstractable.stp.f2clapack-f32.sgetf2_.q.0061.smt2	stp	941f265abe71b4b590d7a2b529399f6d3cd3eb5c
abstractable.stp.f2clapack-f16.hgesv_.q.0008.smt2	stp	89b73e2e9fd54f0193e910ab04a761805876d2b0
abstractable.stp.f2clapack-f16.hgesv_.q.0105.smt2	stp	8d911052e721ef9c00a11dfd19ea16a5d86767ab
abstractable.stp.f2clapack-f16.hgesv_.q.0160.smt2	stp	29864adf9e9a2516491d0f9a906d56808558074c
abstractable.stp.f2clapack-f16.hgesv_.q.0364.smt2	stp	203fa9c28e7deefe567a939fb2880ca9edca79d3
abstractable.stp.f2clapack-f16.hgesv_.q.0039.smt2	stp	11d76ca6a58837a4ed293d1ff47610d99571a7b0
abstractable.stp.f2clapack-f16.hgesv_.q.0181.smt2	stp	73dec17fe0a9e47a37345a2eb7cbe948140183fd
abstractable.stp.f2clapack-f16.hgesv_.q.0516.smt2	stp	dd436d0e593876d85497cc589975cdfd576b8a76
abstractable.stp.f2clapack-f16.hgesv_.q.0329.smt2	stp	18223213b4502187d08c0304f827a6513bc2adac
abstractable.stp.f2clapack-f16.hgesv_.q.0161.smt2	stp	8ea0360b00c04022594a4d628ed1f57c0beed1fe
abstractable.stp.f2clapack-f16.hgesv_.q.0021.smt2	stp	d6c055966fbea2b1411990e848fa2e0ad494b15b
abstractable.stp.f2clapack-f16.hgesv_.q.0091.smt2	stp	5bf9baaa177e69fa9afa427dc28c78a2ec1be52a
abstractable.stp.f2clapack-f16.hgesv_.q.0172.smt2	stp	9349fcd34b904c0b16552d969f2bf2ef05aadf9d
abstractable.stp.f2clapack-f16.hgesv_.q.0461.smt2	stp	5f7e03911045aef77c366f233eb99b004cbaca6b
abstractable.stp.f2clapack-f16.hgesv_.q.0402.smt2	stp	1d79150d534394f9b14dc59a629437e9b1913e68
abstractable.stp.f2clapack-f16.hgesv_.q.0544.smt2	stp	8f93d0eee28017df4fb0e6ac393b635b3c23739d
abstractable.stp.f2clapack-f16.hgesv_.q.0240.smt2	stp	1ebd5ea09a6e79a2a3fe0fe9fab0533e3a1ac022
abstractable.stp.f2clapack-f64.dpotrs_.q.0017.smt2	stp	d99258df82343db450fd064e53bb92a1d01059af
abstractable.stp.f2clapack-f64.dpotrs_.q.0016.smt2	stp	e8b0d0362145c092e2452a92af48a6bb5a37df19
abstractable.stp.f2clapack-f64.dpotrs_.q.0015.smt2	stp	953a0f394b76f3bcfa20df86d8d365aeaf4ed2ba
abstractable.stp.f2clapack-f64.dpotrs_.q.0014.smt2	stp	f122865b833a9356799968069d705ec0b2f0aaea
abstractable.stp.f2clapack-f64.dpotrs_.q.0013.smt2	stp	ca2da44c84c52179ac80d1a06ca2b8df8beb4843
abstractable.stp.f2clapack-f64.dpotrs_.q.0012.smt2	stp	6f8ec94d5ca0ca3f83766b96c2c67480a2b744d0
abstractable.stp.f2clapack-f64.dpotrs_.q.0011.smt2	stp	020d6ed4679541fd8aae460d1252998e154f1eed
abstractable.stp.f2clapack-f64.dpotrs_.q.0010.smt2	stp	730e45806d624ccc8dcde1662ec54262bfac297e
abstractable.stp.f2clapack-f64.dpotrs_.q.0009.smt2	stp	5778c02b80fcfb348570816a91b1c22377274737
abstractable.stp.f2clapack-f64.dpotrs_.q.0008.smt2	stp	b0f78e095daa98b92807a5426ed7aaaaf5b02c41
abstractable.stp.f2clapack-f64.dpotrs_.q.0007.smt2	stp	11be1f9cbce31b8dbec5e603c2980a3b7122b495
abstractable.stp.f2clapack-f64.dpotrs_.q.0006.smt2	stp	e30fb8a6330e883f668e65ef0f37271a41e2d410
abstractable.stp.f2clapack-f64.dpotrs_.q.0005.smt2	stp	dc164152af620971948e764568cef2304b53a43d
abstractable.stp.f2clapack-f64.dpotrs_.q.0004.smt2	stp	73ca6ed04e3c0641865f5084cd6a256426a62a3d
abstractable.stp.f2clapack-f64.dpotrs_.q.0003.smt2	stp	5d85fd0f3651b45a2ecb1d682786fdc88c7b8f24
abstractable.stp.f2clapack-f64.dpotrs_.q.0002.smt2	stp	0e3ff9bf8a51de4bb0e80ca25d31ae420e437390
abstractable.stp.f2clapack-f64.dpotrs_.q.0009.smt2	stp	5778c02b80fcfb348570816a91b1c22377274737
abstractable.stp.f2clapack-f64.dpotrs_.q.0008.smt2	stp	b0f78e095daa98b92807a5426ed7aaaaf5b02c41
abstractable.stp.f2clapack-f64.dpotrs_.q.0007.smt2	stp	11be1f9cbce31b8dbec5e603c2980a3b7122b495
abstractable.stp.f2clapack-f64.dpotrs_.q.0005.smt2	stp	dc164152af620971948e764568cef2304b53a43d
abstractable.stp.f2clapack-f64.dpotrs_.q.0004.smt2	stp	73ca6ed04e3c0641865f5084cd6a256426a62a3d
abstractable.stp.f2clapack-f64.dpotrs_.q.0003.smt2	stp	5d85fd0f3651b45a2ecb1d682786fdc88c7b8f24
abstractable.stp.f2clapack-f64.dposv_.q.0011.smt2	stp	6505c01aa9111724840e4c71a747c082dd9cfe13
abstractable.stp.f2clapack-f64.dposv_.q.0010.smt2	stp	345dc14815d2b032ef79e07bfe7800ae59d1ed90
abstractable.stp.f2clapack-f64.dposv_.q.0009.smt2	stp	62c806d160bf47fb0bb56f9d2d582992cefeaaaf
abstractable.stp.f2clapack-f64.dposv_.q.0008.smt2	stp	8dcabddcc3b965d800b3e9a4d72d373d91f2932f
abstractable.stp.f2clapack-f64.dposv_.q.0007.smt2	stp	d409e99a9f09c7ed11fe9c81bc74e2587ad00217
abstractable.stp.f2clapack-f64.dposv_.q.0006.smt2	stp	f11aba978c36358429624e0b1d938d496a543405
abstractable.stp.f2clapack-f64.dposv_.q.0005.smt2	stp	4e8826a3e6a9bf03f8d64f89a96e333577d81a86
abstractable.stp.f2clapack-f64.dposv_.q.0010.smt2	stp	345dc14815d2b032ef79e07bfe7800ae59d1ed90
abstractable.stp.f2clapack-f64.dgeqr2_.q.0045.smt2	stp	6bcd7101d3642ad05710555e07291b5dd9e0cfba
abstractable.stp.f2clapack-f64.dgeqr2_.q.0142.smt2	stp	09411dd7a3d96e6eb2dee5eb5e523b17fcb5cd1c
abstractable.stp.f2clapack-f64.dgeqr2_.q.0144.smt2	stp	5ecbb5a0c8b7ea0c7dfa739b8b26222b350b8840
abstractable.stp.f2clapack-f64.dgeqr2_.q.0029.smt2	stp	9ad67002d7f09c8787d305166fb4f302feffde71
abstractable.stp.f2clapack-f64.dgeqr2_.q.0081.smt2	stp	4335921ed4ec73b8b741ceea184949d66baacd0c
abstractable.stp.f2clapack-f64.dgeqr2_.q.0113.smt2	stp	cea5672417321dae69585ac73b996439c0c89008
abstractable.stp.f2clapack-f64.dgeqr2_.q.0025.smt2	stp	7dfa20a8b8db656f248f5325c0c0dd46501d824b
abstractable.stp.f2clapack-f64.dgeqr2_.q.0167.smt2	stp	b1f594587ffbabddd3b41eed435b1a79a34ae03f
abstractable.stp.f2clapack-f64.dgeqr2_.q.0064.smt2	stp	2ce80e7dd9f175565ba879a9509b5c814af2ba71
abstractable.stp.f2clapack-f64.dgeqr2_.q.0118.smt2	stp	6496cfcfbf758950cb3105355f47666d29502968
abstractable.stp.f2clapack-f64.dgeqr2_.q.0165.smt2	stp	71fe9a1c1717e94314900767457067e6b14d3a36
abstractable.stp.f2clapack-f64.dgeqr2_.q.0134.smt2	stp	e037e306ea642743e14d6a9c038f0f879454d5d5
abstractable.stp.f2clapack-f64.dgeqr2_.q.0054.smt2	stp	8aa16a7981c92787be9a6dda7f503c63e5e2f34f
abstractable.stp.f2clapack-f64.dgeqr2_.q.0138.smt2	stp	b9d8a22386e7b21a844159b2c93998cb00590eba
abstractable.stp.f2clapack-f64.dgeqr2_.q.0068.smt2	stp	5963d21b393f6bb1a29d576c129d6bf498dab01b
abstractable.stp.f2clapack-f64.dgeqr2_.q.0069.smt2	stp	c00f8b01fd4c582cf5b3aa14ec3cc24f70026ec1
abstractable.stp.f2clapack-f64.dgeqr2_.q.0042.smt2	stp	3f1a3b276ea0750cd2d6a1b3060634f3c1bd1381
abstractable.stp.f2clapack-f64.dgeqr2_.q.0121.smt2	stp	7cfd67e32bdde4c6cbfa53a7d5cec523e503cf60
abstractable.stp.f2clapack-f64.dgeqr2_.q.0073.smt2	stp	f82ff081a8b47a7260df5f1f9edf34d31eba275d
abstractable.stp.f2clapack-f64.dgeqr2_.q.0175.smt2	stp	b08899cb97277c19b67c93a4c828d0c11db778e8
abstractable.stp.f2clapack-f64.dgeqr2_.q.0051.smt2	stp	e39966476be5ede4542c4d5bb5863f6f8adf8415
abstractable.stp.f2clapack-f64.dgeqr2_.q.0124.smt2	stp	c550c20925cc233bc1c8545c5377a4f2e327f43c
abstractable.stp.f2clapack-f64.dgeqr2_.q.0095.smt2	stp	5dbf9f167a9b40f0ae255d32f0a2d167d11c768b
abstractable.stp.f2clapack-f64.dgeqr2_.q.0055.smt2	stp	f2226f84af4fdcfc2d7b29e1e63da5738e4925c7
abstractable.stp.f2clapack-f64.dgeqr2_.q.0108.smt2	stp	5b046e0e6f61f00c684d5110e111dbd7067805f9
abstractable.stp.f2clapack-f64.dlascl_.q.0006.smt2	stp	ad12276c0d1213af375aa90a23407b05572a8baf
abstractable.stp.f2clapack-f64.dlascl_.q.0005.smt2	stp	720f8789818d01b5e366a55a755931c00ff3a844
abstractable.stp.f2clapack-f64.dlascl_.q.0007.smt2	stp	71561037572f96fc4a5c5deb3454ccd783df2020
abstractable.stp.f2clapack-f64.dlascl_.q.0008.smt2	stp	9e0cb400da9eaf93f1d09c3bd224e8ab9c167fec
abstractable.stp.f2clapack-f64.dlascl_.q.0017.smt2	stp	3833d9ea1d8334cb8b1de2e76daabcf8d6aecc06
abstractable.stp.f2clapack-f64.dlascl_.q.0018.smt2	stp	0641d41c9e4409cb9abe105508b2e85f25b8369f
abstractable.stp.f2clapack-f64.dlascl_.q.0018.smt2	stp	0641d41c9e4409cb9abe105508b2e85f25b8369f
abstractable.stp.f2clapack-f64.dlascl_.q.0022.smt2	stp	decfb9b84c0a251ffcdaee04a5689fb8cb36e7d5
abstractable.stp.f2clapack-f64.dlascl_.q.0009.smt2	stp	9e27f2421c731bdd3ca2b55389cba81419bb8ce4
abstractable.stp.f2clapack-f64.dlascl_.q.0010.smt2	stp	7d1c77f83ab292c0a2444376e814f0544353bb1a
abstractable.stp.f2clapack-f64.dlascl_.q.0010.smt2	stp	7d1c77f83ab292c0a2444376e814f0544353bb1a
abstractable.stp.f2clapack-f64.dlascl_.q.0012.smt2	stp	383090920975306c6c45ad09b43bd6f7a2cd7d73
abstractable.stp.f2clapack-f64.dlascl_.q.0021.smt2	stp	6dac30d4084519413f19f2c46fd1c7d46b178cf3
abstractable.stp.f2clapack-f64.dlascl_.q.0019.smt2	stp	7b7b34e53e02925d9aa76d7ae9d05064f22636fe
abstractable.stp.f2clapack-f64.dlascl_.q.0012.smt2	stp	383090920975306c6c45ad09b43bd6f7a2cd7d73
abstractable.stp.f2clapack-f64.dlascl_.q.0012.smt2	stp	383090920975306c6c45ad09b43bd6f7a2cd7d73
abstractable.stp.f2clapack-f64.dlascl_.q.0013.smt2	stp	6585bc426ee9c64c8b9fd657b3095948bfd1c8ec
abstractable.stp.f2clapack-f64.dlascl_.q.0013.smt2	stp	6585bc426ee9c64c8b9fd657b3095948bfd1c8ec
abstractable.stp.f2clapack-f64.dlascl_.q.0022.smt2	stp	decfb9b84c0a251ffcdaee04a5689fb8cb36e7d5
abstractable.stp.f2clapack-f64.dlascl_.q.0023.smt2	stp	0a9514fa17ce1d946cd35f667cb51a4682b5e7fb
abstractable.stp.f2clapack-f64.dlascl_.q.0015.smt2	stp	cc8a2591a401634c835632129bdb209f9da33ff2
abstractable.stp.f2clapack-f64.dlascl_.q.0015.smt2	stp	cc8a2591a401634c835632129bdb209f9da33ff2
abstractable.stp.f2clapack-f64.dlascl_.q.0014.smt2	stp	03d5dc0206086086c6ee9a0360594171c2b26563
abstractable.stp.f2clapack-f64.dlascl_.q.0014.smt2	stp	03d5dc0206086086c6ee9a0360594171c2b26563
abstractable.stp.f2clapack-f64.dlascl_.q.0015.smt2	stp	cc8a2591a401634c835632129bdb209f9da33ff2
abstractable.stp.f2clapack-f32.sgeqrf_.q.0141.smt2	stp	01dd44238650741cb38ddba3d1c9752b5c74644f
abstractable.stp.f2clapack-f32.sgeqrf_.q.0144.smt2	stp	31a0699e56addaaa8f521f6201543ca16772b396
abstractable.stp.f2clapack-f32.sgeqrf_.q.0144.smt2	stp	31a0699e56addaaa8f521f6201543ca16772b396
abstractable.stp.f2clapack-f32.sgeqrf_.q.0115.smt2	stp	a23be82f4ee48287a02e6804a008069eb482a868
abstractable.stp.f2clapack-f32.sgeqrf_.q.0116.smt2	stp	22f9a819b9d8d68c91616d6dcfeebb81b4b40a0f
abstractable.stp.f2clapack-f32.sgeqrf_.q.0148.smt2	stp	1906d4a7b72733d65e7026eecb097dba4b25fd13
abstractable.stp.f2clapack-f32.sgeqrf_.q.0160.smt2	stp	4e1986032f98139d87ec8c9c06a435ce7518bb7b
abstractable.stp.f2clapack-f32.sgeqrf_.q.0174.smt2	stp	a8b97b36f272951fb98e3f1ac73837e17f2125a5
abstractable.stp.f2clapack-f32.sgeqrf_.q.0131.smt2	stp	8382e3b2e22959a10a1d5b39dab030b141a1c21f
abstractable.stp.f2clapack-f32.sgeqrf_.q.0120.smt2	stp	5da223f17e90c8ae5e1b43a3abd001e0934e0a1d
abstractable.stp.f2clapack-f32.sgeqrf_.q.0148.smt2	stp	1906d4a7b72733d65e7026eecb097dba4b25fd13
abstractable.stp.f2clapack-f32.sgeqrf_.q.0150.smt2	stp	2504e88dd609c6f7fcd26734929f800e16ba7ef7
abstractable.stp.f2clapack-f32.sgeqrf_.q.0120.smt2	stp	5da223f17e90c8ae5e1b43a3abd001e0934e0a1d
abstractable.stp.f2clapack-f32.sgeqrf_.q.0149.smt2	stp	5f759608bae3968c445e839a926dc771ce80714c
abstractable.stp.f2clapack-f32.sgeqrf_.q.0173.smt2	stp	c88f44265318ded2d1f55495aff97333cac5d7d4
abstractable.stp.f2clapack-f32.sgeqrf_.q.0074.smt2	stp	8ec70a0d349826998c6764dabb30e603d0a8086e
abstractable.stp.f2clapack-f32.sgeqrf_.q.0097.smt2	stp	8d88f2ea77581ff39c52ebbb25eabd994e38a1eb
abstractable.stp.f2clapack-f32.sgeqrf_.q.0051.smt2	stp	b17ebe7127b0cc9be8524b93058978de71d59766
abstractable.stp.f2clapack-f32.sgeqrf_.q.0124.smt2	stp	d3928bac2bf0cb1b61338330927b8817c7fb1503
abstractable.stp.f2clapack-f32.sgeqrf_.q.0175.smt2	stp	7d712cb5d937d74ef10c9331f3545cb8976cf6f2
abstractable.stp.f2clapack-f32.sgeqrf_.q.0220.smt2	stp	23bd6ec9a6f97a836bb28109e7aca7a740d9845b
abstractable.stp.f2clapack-f32.sgeqrf_.q.0053.smt2	stp	
abstractable.stp.f2clapack-f32.sgeqrf_.q.0130.smt2	stp	2c1ba5e6b1292bf01235d9df8759b12a189628b1
abstractable.stp.f2clapack-f32.sgeqrf_.q.0226.smt2	stp	f247898984f8fdbd3ca855dc3b59c7d6f16a5767
abstractable.stp.f2clapack-f32.sgeqrf_.q.0229.smt2	stp	e81db028d9e96b59459c3f3716474076ffe858e9
abstractable.stp.f2clapack-f32.sgetrf_.q.0006.smt2	stp	d88a121870ec7a0e1643a1bc1f05a3c5c26c7643
abstractable.stp.f2clapack-f32.sgetrf_.q.0158.smt2	stp	a233dd681bdad016b3bc744658c617244c303f6e
abstractable.stp.f2clapack-f32.sgetrf_.q.0218.smt2	stp	4cd105dfd4565ff6af6af2a6a979be6378b18301
abstractable.stp.f2clapack-f32.sgetrf_.q.0181.smt2	stp	55c5c86a3893df43b2ffc9336f104e307137a604
abstractable.stp.f2clapack-f32.sgetrf_.q.0077.smt2	stp	f92193796f0781e36bda97fd0fb6baa8827431c4
abstractable.stp.f2clapack-f32.sgetrf_.q.0148.smt2	stp	767212100599c3d122d1605bfd5ddecd2dd6cbd1
abstractable.stp.f2clapack-f32.sgetrf_.q.0043.smt2	stp	de36ebd7bf9b45fe0351ea9fdf02be34e57c840c
abstractable.stp.f2clapack.qgetrf_.q.0053.smt2	stp	8892ed52638cd03958c50dcc4e3c4a0b9c339863
abstractable.stp.f2clapack.qgetrf_.q.0052.smt2	stp	bcb43c8c1f88005d09cbf57d47731bf2227c3321
abstractable.stp.f2clapack.qgetrf_.q.0051.smt2	stp	da22fe753bedb1f47b7feb5ab47a60ecb7dfede5
abstractable.stp.f2clapack.qgetrf_.q.0050.smt2	stp	55538db466c82d4734e93c4caa62e23c9b5e67a9
abstractable.stp.f2clapack.qgetrf_.q.0049.smt2	stp	8b1e01e174222fe76713432c2c1874f88aa61d43
abstractable.stp.f2clapack.qgetrf_.q.0048.smt2	stp	c8d5353d81b9a355abfd6a3268c000d8bbab78b2
abstractable.stp.f2clapack.qgetrf_.q.0047.smt2	stp	45fc125711d75511e97c4d7ea40742580bbec9d8
abstractable.stp.f2clapack.qgetrf_.q.0046.smt2	stp	8863a2c6ce187af9d12c9ed9126e9b53e5bcbf93
abstractable.stp.f2clapack.qgetrf_.q.0045.smt2	stp	fcc67278a7db7a5c37f649d7ab536c2c9c2ab5b1
abstractable.stp.f2clapack.qgetrf_.q.0044.smt2	stp	35b0297d14fc252f876d1ae15fdb670ff8cf62ca
abstractable.stp.f2clapack.qgetrf_.q.0043.smt2	stp	6936a94c7addde21120270a9caf6320d9f2b7cb8
abstractable.stp.f2clapack.qgetrf_.q.0042.smt2	stp	
abstractable.stp.f2clapack.qgetrf_.q.0041.smt2	stp	9d82170e645e8e0994bdf8053211f21357bfdf33
abstractable.stp.f2clapack.qgetrf_.q.0040.smt2	stp	e5158189ad44922c6a218e164d346a580959f30a
abstractable.stp.f2clapack.qgetrf_.q.0039.smt2	stp	e07e8b47675918e4b225139bddbe86dacbecc7a2
abstractable.stp.f2clapack.qgetrf_.q.0038.smt2	stp	6d30188c319abf37c71add954aefddb7fc123590
abstractable.stp.f2clapack.qgesv_.q.0051.smt2	stp	79db41b279d9a118ff3572b86fab5fb75ceecc25
abstractable.stp.f2clapack.qgesv_.q.0050.smt2	stp	a3cd1309cbe72b8c344ad924598a36c913ff9841
abstractable.stp.f2clapack.qgesv_.q.0049.smt2	stp	f6605914e35de5fc82ba8841ae1bf9ef5850b499
abstractable.stp.f2clapack.qgesv_.q.0048.smt2	stp	3acec83d5b39ffb787f1aeece5eac3135ae159d8
abstractable.stp.f2clapack.qgesv_.q.0047.smt2	stp	6f9c7b3a88c7b96d6ad48ccf36ae136adbd70529
abstractable.stp.f2clapack.qgesv_.q.0046.smt2	stp	83429276edaeb6e5d6784561dd35416af8de4e24
abstractable.stp.f2clapack.qgesv_.q.0045.smt2	stp	d9dcccde7b01fd2fc69dbbb295c624a111181d1b
abstractable.stp.f2clapack.qgesv_.q.0044.smt2	stp	9ba1430ab5d4dfdca73735a04434b64aa188ca89
abstractable.stp.f2clapack.qgesv_.q.0043.smt2	stp	9bcfa141c4f7dbe6b8da313f7985def14eaef1be
abstractable.stp.f2clapack.qgesv_.q.0042.smt2	stp	7dfdaf708e8bead48609fd75a1173c10051a8557
abstractable.stp.f2clapack.qgesv_.q.0041.smt2	stp	
abstractable.stp.f2clapack.qgesv_.q.0040.smt2	stp	f52fd9bb60227f745c3416fe7dc5f1dacb15649d
abstractable.stp.f2clapack.qgesv_.q.0039.smt2	stp	20be59e2255496207d9bf8b31fadb6eff08e7d4a
abstractable.stp.f2clapack.qgesv_.q.0038.smt2	stp	55e7ae085f8b88c51f42e5e7db8270da8bc7b435
abstractable.stp.f2clapack.qgesv_.q.0037.smt2	stp	cd35dfac00f6c7185361205fc04eeb966001fba4
abstractable.stp.f2clapack.qgesv_.q.0036.smt2	stp	f1695e0d889929133b0e35277aa22f9e747781bc
abstractable.stp.f2clapack.qgecon_.q.0011.smt2	stp	121e10475fa9941613e236c6f3b149ef8f5b3ce4
abstractable.stp.f2clapack.qgetrf_.q.0038.smt2	stp	6d30188c319abf37c71add954aefddb7fc123590
abstractable.stp.f2clapack.qgetrf_.q.0037.smt2	stp	4fb0d693b3834633d2e91d4a80903bcb96475098
abstractable.stp.f2clapack.qgetrf_.q.0036.smt2	stp	
abstractable.stp.f2clapack.qgetrf_.q.0035.smt2	stp	2b6d82c3d59eb46fa16ae7ccee56c2b78e2e1a98
abstractable.stp.f2clapack.qgetrf_.q.0034.smt2	stp	ff74fa544cdf22aee37b441a11b5ad1180f6b3aa
abstractable.stp.f2clapack.qgetrf_.q.0033.smt2	stp	940f984175cd921356b47b12124f5f431f708cda
abstractable.stp.f2clapack.qgetrf_.q.0032.smt2	stp	1b294491141cd6e779995ae68a6252b8a9b0b42a
abstractable.stp.f2clapack.qgetrf_.q.0031.smt2	stp	cc0bc61745694d0ee03bb39e964dd2e699a2f75d
abstractable.stp.f2clapack.qgetrf_.q.0030.smt2	stp	2d807d2f2831dfaa2e56b0b2164d8b8de2078f17
abstractable.stp.f2clapack.qgetrf_.q.0029.smt2	stp	a30542b3bf5625eb39518516f869d921fbd1a481
abstractable.stp.f2clapack.qgetrf_.q.0028.smt2	stp	c2f59bb15d0eddfa730fd8918e5d264a84fa3a87
abstractable.stp.f2clapack.qgetrf_.q.0027.smt2	stp	bf14d11418720373b2fa88b62a4b064dd204feb7
abstractable.stp.f2clapack.qgetrf_.q.0026.smt2	stp	2f7e82e2cd9184b7227a978040fd8102bed688ca
abstractable.stp.f2clapack.qgetrf_.q.0025.smt2	stp	50d7a2e070e993ef770b2fd7d918036a6764406c
abstractable.stp.f2clapack.qgetrf_.q.0024.smt2	stp	7177ba02b3af720d2d7855228bb1fa5dd190604c
abstractable.stp.f2clapack-f32.strsm_.q.0116.smt2	stp	88e1638215032dc614078df140ae2509ffc85a05
abstractable.stp.f2clapack-f32.strsm_.q.0130.smt2	stp	9ef45f09b19db93ba7137b047d0b01c61042aa27
abstractable.stp.f2clapack-f16.hgetf2_.q.0562.smt2	stp	fc8f6c3dd23db4d83c2b820656d66dda19c8fefb
abstractable.stp.f2clapack-f16.hgetf2_.q.0522.smt2	stp	f49f4ea457500bf7bad9a39f721934f18a99fc64
abstractable.stp.f2clapack-f16.hgetf2_.q.0111.smt2	stp	f7da31bd798c380692ca84a4e87e2019c26152af
abstractable.stp.f2clapack-f16.hgetf2_.q.0459.smt2	stp	06bfa1b0cd08d7c59ab46569056b7b7be006f89e
abstractable.stp.f2clapack-f16.hgetf2_.q.0434.smt2	stp	f654865bc593847bd985959e54952b6ac1ad00bc
abstractable.stp.f2clapack-f16.hgetf2_.q.0456.smt2	stp	c6b15ab04c660a3025729274151442c57d8586d8
abstractable.stp.f2clapack-f16.hgetf2_.q.0531.smt2	stp	251314391eca6f43c4ae5dcc8654c11d6cdb8bf4
abstractable.stp.f2clapack-f16.hgetf2_.q.0400.smt2	stp	b8251c996249236d068f27f4fbaeb697c1ce85c8
abstractable.stp.f2clapack-f16.hgetf2_.q.0429.smt2	stp	f36cd7e1a0955d222fd7507ef29a9b66c54e5293
abstractable.stp.f2clapack-f16.hgetf2_.q.0289.smt2	stp	c510388e4e2a766e46effc068f8d6407efb170c0
abstractable.stp.f2clapack-f16.hgetf2_.q.0266.smt2	stp	c8b28a79b700e711a7afa139b3e81cc2e1691b32
abstractable.stp.f2clapack-f16.hgetf2_.q.0204.smt2	stp	afc0272aeed5746f4af8680062bdc4692fd6a8a8
abstractable.stp.f2clapack-f16.hgetf2_.q.0301.smt2	stp	7131b3c230e7e0b17dd6df380059a650255dfc20
abstractable.stp.f2clapack-f16.hgetf2_.q.0779.smt2	stp	360c578c864208c6c77d4447757bc48d383f42f6
abstractable.stp.f2clapack-f32.sposv_.q.0014.smt2	stp	0e14c684319e4553c97834398d8998c212b2a625
abstractable.stp.f2clapack-f32.sposv_.q.0013.smt2	stp	3a5574f3ac18f76eef17e4dc82da0ef23af849fa
abstractable.stp.f2clapack-f32.sposv_.q.0012.smt2	stp	5562a6cea123d84b961734c424d0a24d5d888792
abstractable.stp.f2clapack-f32.sposv_.q.0011.smt2	stp	dd16f5ab3acd850a1a85a121c8de46e8073ad25d
abstractable.stp.f2clapack-f32.sposv_.q.0010.smt2	stp	ec3744baeabd43372ed9c5b7c6b521b372d406a8
abstractable.stp.f2clapack-f32.sposv_.q.0009.smt2	stp	92b16dd6a680e03e4a50fcc93135dff908ea2d5e
abstractable.stp.f2clapack-f32.sposv_.q.0011.smt2	stp	dd16f5ab3acd850a1a85a121c8de46e8073ad25d
abstractable.stp.f2clapack-f32.sposv_.q.0010.smt2	stp	ec3744baeabd43372ed9c5b7c6b521b372d406a8
abstractable.stp.f2clapack-f32.slange_.q.0016.smt2	stp	c976a3896e4b8b159edba515545dad418baf3180
abstractable.stp.f2clapack-f32.slange_.q.0015.smt2	stp	d52269c40a2195cb6f7d0fa604844c141c005c1c
abstractable.stp.f2clapack-f32.slange_.q.0014.smt2	stp	c27c2739513bc44dd02276ab16d6af0a3e18d72f
abstractable.stp.f2clapack-f32.slange_.q.0013.smt2	stp	8a6205c6ed8994dfc3bc2adc4a7a96a50cd448be
abstractable.stp.f2clapack-f32.slange_.q.0012.smt2	stp	d6b57d75669ff65311a5e1a762347c6a3bb324ef
abstractable.stp.f2clapack-f32.slange_.q.0011.smt2	stp	7dcebbfb1f14e3e1f000e6d4bfa1b3d197474067
abstractable.stp.f2clapack-f32.slange_.q.0010.smt2	stp	70785a16657a363046c7071ec7239b2f85711022
abstractable.stp.f2clapack-f32.slange_.q.0009.smt2	stp	642a20eec379598e29a243c81265b74e6a823dd4
abstractable.stp.f2clapack-f32.slange_.q.0008.smt2	stp	ade4eba0b7d3785a0b63afc9771f4d6c35b045e0
abstractable.stp.f2clapack-f32.slange_.q.0007.smt2	stp	42aa4cc8c74da9ba861f063cd882db211592c9e3
abstractable.stp.f2clapack-f32.slange_.q.0006.smt2	stp	445abd28d91ab6aa47ec51640117ec7586bdffea
abstractable.stp.f2clapack-f32.slange_.q.0005.smt2	stp	02d0545805a03da78400c1256e05187addc4bbbf
abstractable.stp.f2clapack-f32.slange_.q.0004.smt2	stp	66813d02988c1fbe2fbb4105600c29d788cae212
abstractable.stp.f2clapack-f32.slange_.q.0003.smt2	stp	584427a670bf9f750afd4bdda5036f8a744cbe62
abstractable.stp.f2clapack-f32.slange_.q.0002.smt2	stp	d60e4e69367aab6a9f617600aa25039051e857c7
abstractable.stp.f2clapack-f32.sgels_.q.0049.smt2	stp	7636c3bdd18f1e51e7b41c18f1911dfa297e748c
abstractable.stp.f2clapack-f32.sgels_.q.0058.smt2	stp	a36c9ff82f483fa74d676152a8981b2b771fed5c
abstractable.stp.f2clapack-f32.sgels_.q.0143.smt2	stp	e102a75f33857016205693e6226456e067475a00
abstractable.stp.f2clapack-f32.sgels_.q.0128.smt2	stp	eb3f427b314fabd19a57fd73debe114e83e5920d
abstractable.stp.f2clapack-f32.sgels_.q.0074.smt2	stp	fcaee0ff849381d1bbcfb48a66be2254f64ab7a9
abstractable.stp.f2clapack-f32.sgels_.q.0356.smt2	stp	eabeefbc5630a620cb0db26143e28c1c75d6e1e1
abstractable.stp.f2clapack-f32.sgels_.q.0362.smt2	stp	0ab3ab41afb6b0319d07f066062584c524cffba4
abstractable.stp.f2clapack-f32.sgels_.q.0394.smt2	stp	00a3b35942bee2b702ee123a4670f90395798e0f
abstractable.stp.f2clapack-f32.sgels_.q.0101.smt2	stp	7037244647eae1187d48e63a66f7dc63b037019c
abstractable.stp.f2clapack-f32.sgels_.q.0389.smt2	stp	7e1d98593c258083cd10f8133e79bd06bdf5066d
abstractable.stp.f2clapack-f32.sgels_.q.0274.smt2	stp	97bed964c0e2e8701973e8f24de11428e3ac3475
abstractable.stp.f2clapack-f32.sgels_.q.0075.smt2	stp	e133e0555fe9392960e0da0544ba2a6b204cab75
abstractable.stp.f2clapack-f32.sgels_.q.0119.smt2	stp	3c9e1611d6df6596bf1422d376c25ecf93678b61
abstractable.stp.f2clapack-f32.sgels_.q.0192.smt2	stp	ab3dbacc5783c35dd0641d9ef96b800e653a3cfc
abstractable.stp.f2clapack-f32.sgels_.q.0138.smt2	stp	03483f8227c3202bdea513bbce30f60dc2394e9b
abstractable.stp.f2clapack-f32.sgels_.q.0071.smt2	stp	1b762f315e0d7766f2f8d52575ebfd074aae9981
abstractable.stp.f2clapack-f32.sgels_.q.0212.smt2	stp	c8231aa88f35a06d330fcd534face677247f2565
abstractable.stp.f2clapack-f32.sgels_.q.0374.smt2	stp	578d099e314e2193ff8d10e234f56124a0f0a1a8
abstractable.stp.f2clapack-f32.sgels_.q.0447.smt2	stp	cfcfa3764c50890a8b56662c3ac1304f4c122b2f
abstractable.stp.f2clapack-f32.sgels_.q.0191.smt2	stp	1a984f70b6902f1764cc5dad73db835b107cd88d
abstractable.stp.f2clapack-f32.sgels_.q.0071.smt2	stp	1b762f315e0d7766f2f8d52575ebfd074aae9981
abstractable.stp.f2clapack-f32.sgels_.q.0275.smt2	stp	299ef79eca7e10ace3181371b95da10a8d563247
abstractable.stp.f2clapack-f32.sgels_.q.0122.smt2	stp	ffa0de6b4601e7e3fcacc95b94fb474b1a47bd76
abstractable.stp.f2clapack-f32.sgels_.q.0454.smt2	stp	5344179de1503abe09badfc6a38f1145aeb30606
abstractable.stp.f2clapack-f32.sgels_.q.0272.smt2	stp	01100f6424295b416649b0bd74e749f945745245
abstractable.stp.f2clapack-f64.dgels_.q.0049.smt2	stp	82540138ea6a27f26cc10321a27383353f0a433d
abstractable.stp.f2clapack-f64.dgels_.q.0053.smt2	stp	49292b1a21e76574f65681f9753f6fcfce3c3282
abstractable.stp.f2clapack-f64.dgels_.q.0057.smt2	stp	2385609aee7530fb0e9647851523c3435be78f3d
abstractable.stp.f2clapack-f64.dgels_.q.0066.smt2	stp	664ae8df031d3128369e620e81af546dafe2c919
abstractable.stp.f2clapack-f64.dgels_.q.0145.smt2	stp	7e9c66ebbf28a0848c41000bb38deec877b54304
abstractable.stp.f2clapack-f64.dgels_.q.0189.smt2	stp	4ca50532461b64128df9ad0611514506fefb7c5a
abstractable.stp.f2clapack-f64.dgels_.q.0158.smt2	stp	9fcf1e43199092293e9d3ee883899e5d27eceb62
abstractable.stp.f2clapack-f64.dgels_.q.0109.smt2	stp	8e5af3b4d436e377d0381eea33480d8ca6fdd01e
abstractable.stp.f2clapack-f64.dgels_.q.0107.smt2	stp	d3cc573cee258408e666ddf5013c0401724ebcbd
abstractable.stp.f2clapack-f64.dgels_.q.0203.smt2	stp	5cfef56f9b042b69618e058c1d8a0b31b691fc40
abstractable.stp.f2clapack-f64.dgels_.q.0199.smt2	stp	e98a11849a453f10663fe330e4274fd63598cfe0
abstractable.stp.f2clapack-f64.dgels_.q.0183.smt2	stp	34d12df4365f28bd73bdb99439265b7c9edb9ea3
abstractable.stp.f2clapack-f64.dgels_.q.0125.smt2	stp	13c42de7e654cf03994b76ef7f1f7addd1f5b916
abstractable.stp.f2clapack-f64.dgels_.q.0160.smt2	stp	753c864d7789d92d58c2337a10cd6befa2b0c134
abstractable.stp.f2clapack-f64.dgels_.q.0113.smt2	stp	daeb8e993cf4c55c5458e6ab5887a338b90897de
abstractable.stp.f2clapack-f64.dgels_.q.0194.smt2	stp	8db34d5d4811e41b7ec285a2808094676f243588
abstractable.stp.f2clapack-f16.hgetf2_.q.0529.smt2	stp	6670db90024238f3866fe2a53fbdf02ea5bae2cb
abstractable.stp.f2clapack-f16.hgetf2_.q.0104.smt2	stp	975117d5f4688b37ce7a3046910c4bad5c0e093a
abstractable.stp.f2clapack-f16.hgetf2_.q.0515.smt2	stp	64c8a51fc13727ce758d2e63bb9e68bfedde7970
abstractable.stp.f2clapack-f16.hgetf2_.q.0406.smt2	stp	ec811e476f744a5b12917df1a31b0b000fa9304e
abstractable.stp.f2clapack-f16.hgetf2_.q.0565.smt2	stp	de7785da53cffcc6f05cbeeed538f3ed21ad683d
abstractable.stp.f2clapack-f16.hgetf2_.q.0566.smt2	stp	ae31d51176498ec26e9deb4a17234a595d94ec90
abstractable.stp.f2clapack-f16.hgetf2_.q.0669.smt2	stp	0ec0d088d8ef7f2c0aac8ba2726142d6ff26e6e0
abstractable.stp.f2clapack-f16.hgetf2_.q.0789.smt2	stp	07c909299c83cb9403c34e3766d25e1eee96554d
abstractable.stp.f2clapack-f16.hgetf2_.q.0306.smt2	stp	9a6b606a3961710bf8ffc99d237c9694a43c079d
abstractable.stp.f2clapack-f16.hgetf2_.q.0318.smt2	stp	491e109eb04b673e2f22d823a8d689ee323b854a
abstractable.stp.f2clapack-f16.hgetf2_.q.0760.smt2	stp	eacd90171b0c6afe446041315754265626a35fdb
abstractable.stp.f2clapack-f16.hposv_.q.0005.smt2	stp	ddc8662b3eb4e07f506a0d118a09a996e1326b62
abstractable.stp.f2clapack-f16.hposv_.q.0006.smt2	stp	dc537a13675aa198050cd33faab39bda503c0943
abstractable.stp.f2clapack-f16.hposv_.q.0007.smt2	stp	235e312ce5b8658a930ebb66680b83e39fa7d8ba
abstractable.stp.f2clapack-f16.hposv_.q.0008.smt2	stp	171ae24ba02f759782962a6c8959f142c3348749
abstractable.stp.f2clapack-f16.hposv_.q.0009.smt2	stp	87f7948e6e81149211ec4ed4870cb998b1697ffc
abstractable.stp.f2clapack.qgetrf_.q.0021.smt2	stp	a3c110a0fef5a05c9233616d77a966a41176c2b3
abstractable.stp.f2clapack.qgetrf_.q.0020.smt2	stp	0194694fdd11ebe7a09f6adf04e24aed1f602f78
abstractable.stp.f2clapack.qgetrf_.q.0019.smt2	stp	ba2ad49fc11b4d011ee41b2c4ae77b6967ffeaf0
abstractable.stp.f2clapack.qgetrf_.q.0018.smt2	stp	6195a80fc96d1e3a286cd2bdc076a7b812aab448
abstractable.stp.f2clapack.qgetrf_.q.0017.smt2	stp	220ee257bb4822bff025dd90eb564b9f19c52f16
abstractable.stp.f2clapack.qgetrf_.q.0016.smt2	stp	49b30f5aaaed5aa5f044c875511231485cd4163f
abstractable.stp.f2clapack.qgetrf_.q.0015.smt2	stp	c00840971d197d420e4e6479b7f486af29abe335
abstractable.stp.f2clapack.qgetrf_.q.0014.smt2	stp	a8743f0071730965d4cd84bf4e94dacd158bb143
abstractable.stp.f2clapack.qgetrf_.q.0013.smt2	stp	c0a95ce1ff62079f707e2900d71d4f0392ec6d79
abstractable.stp.f2clapack.qgetrf_.q.0012.smt2	stp	fa3591ab38bf4c8f4bdfd9b5bf9ce52a73d7dea5
abstractable.stp.f2clapack.qgetrf_.q.0011.smt2	stp	c00f981764e731740c6dac70cb3c51d13baf8e02
abstractable.stp.f2clapack.qgesv_.q.0088.smt2	stp	39ae0055ed4f338f7764323b112f86696b6a06ad
abstractable.stp.f2clapack.qgesv_.q.0087.smt2	stp	6ee4be635a871865cd3bed7a8e4855a4d7675ba7
abstractable.stp.f2clapack.qgesv_.q.0086.smt2	stp	b2d4faf577969faf9eafc3137a9929e755bcf449
abstractable.stp.f2clapack.qgesv_.q.0085.smt2	stp	
abstractable.stp.f2clapack.qgesv_.q.0084.smt2	stp	
abstractable.stp.f2clapack-f64.dgesv_.q.0046.smt2	stp	68c35fa30c4e5e369dad40a84c937ea4c598441a
abstractable.stp.f2clapack-f64.dgesv_.q.0049.smt2	stp	3bc3fb566ea90ecf44a7451c2ac290688206216b
abstractable.stp.f2clapack-f64.dgecon_.q.0004.smt2	stp	6dc896a0b08388bee39155b30010ac883144c290
abstractable.stp.f2clapack-f64.dgecon_.q.0009.smt2	stp	a4e847936f20c37e0c05e6201fa720f32e375d2c
abstractable.stp.f2clapack-f64.dgecon_.q.0007.smt2	stp	c523c44cdee1fc5f060cc3592681944afaf2bf3c
abstractable.stp.f2clapack-f64.dgecon_.q.0008.smt2	stp	e463959987a4392a3de65f798a64d1a32913956a
abstractable.stp.f2clapack-f64.dgecon_.q.0011.smt2	stp	9bfab42743a6b435f02d81dfd206df2f218b69a1
abstractable.stp.f2clapack-f64.dgecon_.q.0012.smt2	stp	6f8f0e230c8f4a9a9a1e0bab7390df2b897a1102
abstractable.stp.f2clapack-f64.dgecon_.q.0010.smt2	stp	fed0bc6283a9b81bb07a94cd9cf48d185946fed2
abstractable.stp.f2clapack-f64.dgecon_.q.0012.smt2	stp	6f8f0e230c8f4a9a9a1e0bab7390df2b897a1102
abstractable.stp.f2clapack-f64.dgecon_.q.0014.smt2	stp	fad7ac846b40701f6ef3c28aa4096e3d2dbc9d86
abstractable.stp.f2clapack-f64.dgecon_.q.0014.smt2	stp	fad7ac846b40701f6ef3c28aa4096e3d2dbc9d86
abstractable.stp.f2clapack-f64.dgecon_.q.0016.smt2	stp	98f0d103014e415ce0d4c404f85b03fce641e6f0
abstractable.stp.f2clapack-f64.dgecon_.q.0018.smt2	stp	add81eee7bbdcd365d2e12c9bd09565fef5ec080
abstractable.stp.f2clapack-f64.dgecon_.q.0016.smt2	stp	98f0d103014e415ce0d4c404f85b03fce641e6f0
abstractable.stp.f2clapack-f64.dgecon_.q.0019.smt2	stp	036e20c4c9fe997919bda4ae25611de493b2fb5b
abstractable.stp.f2clapack-f32.sgesv_.q.0217.smt2	stp	
abstractable.stp.f2clapack-f32.sposv_.q.0019.smt2	stp	85505ce6d6fd811bd5d5667c136ba924890cf28c
abstractable.stp.f2clapack-f32.sposv_.q.0018.smt2	stp	905f4f4397cca4378287976fdd2b69de5d054833
abstractable.stp.f2clapack-f32.sposv_.q.0017.smt2	stp	8db52b8eda34fc67865b4ddde762646cba577f6f
abstractable.stp.f2clapack-f32.sposv_.q.0016.smt2	stp	376e9905413bc59d2b8479294b6e363afccbb184
abstractable.stp.f2clapack-f32.sposv_.q.0015.smt2	stp	9d0229e212c6de82df96780a400ea9b75c61dd03
abstractable.stp.f2clapack-f32.sposv_.q.0014.smt2	stp	0e14c684319e4553c97834398d8998c212b2a625
abstractable.stp.f2clapack-f32.sposv_.q.0013.smt2	stp	3a5574f3ac18f76eef17e4dc82da0ef23af849fa
abstractable.stp.f2clapack-f32.sposv_.q.0012.smt2	stp	5562a6cea123d84b961734c424d0a24d5d888792
abstractable.stp.f2clapack-f32.sposv_.q.0011.smt2	stp	dd16f5ab3acd850a1a85a121c8de46e8073ad25d
abstractable.stp.f2clapack-f32.sposv_.q.0010.smt2	stp	ec3744baeabd43372ed9c5b7c6b521b372d406a8
abstractable.stp.f2clapack-f32.sposv_.q.0009.smt2	stp	92b16dd6a680e03e4a50fcc93135dff908ea2d5e
abstractable.stp.f2clapack-f32.sposv_.q.0008.smt2	stp	8bb1d25eeac8324b99e903c4b89bd4268d18de7f
abstractable.stp.f2clapack-f32.sposv_.q.0007.smt2	stp	c632f0539cd6187b3db231154305aad2568111c8
abstractable.stp.f2clapack-f32.sposv_.q.0006.smt2	stp	0b426ddf924cf98b54178f073627c2e69366d86e
abstractable.stp.f2clapack-f32.sposv_.q.0005.smt2	stp	a8a99099862a2ed412e01c917ba6796444005d5b
abstractable.stp.f2clapack-f64.dlange_.q.0011.smt2	stp	98671736036e5627f69139ee383e8a2b99837316
abstractable.stp.f2clapack-f64.dlange_.q.0010.smt2	stp	ac00b827f90a399978ed22502f5cbf76502b6e45
abstractable.stp.f2clapack-f64.dlange_.q.0009.smt2	stp	12cadaf398961ff768f5d5a0eb3c69048037d0f8
abstractable.stp.f2clapack-f64.dlange_.q.0008.smt2	stp	945ee7832c16360200a8e5c1b1c307e696813408
abstractable.stp.f2clapack-f64.dlange_.q.0007.smt2	stp	76bdd79d88d80f8b8c48cd1b3d72cbc16f3e7dd5
abstractable.stp.f2clapack-f64.dlange_.q.0006.smt2	stp	fcd089f5830662d75846a7e523eabe28f4561a73
abstractable.stp.f2clapack-f64.dlange_.q.0005.smt2	stp	04a7a00ed3b72a8f89a1b4aac4bce711e8badfdc
abstractable.stp.f2clapack-f64.dlange_.q.0004.smt2	stp	4268d11927e38fb98c140277964bee7693d32dc6
abstractable.stp.f2clapack-f64.dlange_.q.0003.smt2	stp	16f8e45db4a1260f64bea6bcff92ef2e0ece8999
abstractable.stp.f2clapack-f64.dlange_.q.0002.smt2	stp	bd044084ea46b2b4435579f8e7a9b861df99cf25
abstractable.stp.f2clapack-f64.dgeqrf_.q.0115.smt2	stp	4109ad406235486829c1d57d618fde99157aa8b9
abstractable.stp.f2clapack-f64.dgeqrf_.q.0038.smt2	stp	04783721644f1ebe753d896eedb715f1e45aabdb
abstractable.stp.f2clapack-f64.dgeqrf_.q.0048.smt2	stp	2778549c6f6e62167bc23f24b6ec014fcc7fae77
abstractable.stp.f2clapack-f64.dgeqrf_.q.0096.smt2	stp	17d96fbd9b51645829eafd0203fcac16f4da961f
abstractable.stp.f2clapack-f64.dgeqrf_.q.0050.smt2	stp	c3bdff8802df74bccb66e561bcc17e9f7ccff506
abstractable.stp.f2clapack-f64.dgeqrf_.q.0050.smt2	stp	c3bdff8802df74bccb66e561bcc17e9f7ccff506
abstractable.stp.f2clapack-f64.dgecon_.q.0020.smt2	stp	f4dfe00bf5533b3e4a8fa5a087d384437f855e28
abstractable.stp.f2clapack-f64.dgecon_.q.0021.smt2	stp	72fa96db7f006d1e5dc1a1e402ac1f51d419709c
abstractable.stp.f2clapack-f64.dgecon_.q.0022.smt2	stp	c133284e55ebed1593f578f0c26a74685a1297b4
abstractable.stp.f2clapack-f64.dgecon_.q.0023.smt2	stp	d184598bd062379694cff59e577d905c11bca0bf
abstractable.stp.f2clapack-f64.dgecon_.q.0023.smt2	stp	d184598bd062379694cff59e577d905c11bca0bf
abstractable.stp.f2clapack-f64.dgecon_.q.0025.smt2	stp	9f771167cacf95b30fb8145887efd9fb55fd6e5c
abstractable.stp.f2clapack-f64.dgecon_.q.0026.smt2	stp	3d77b1a4b65d4b06a25b021af662adb1dfbe34da
abstractable.stp.f2clapack-f64.dgecon_.q.0028.smt2	stp	3f815ddd424d5d06b79f6c43574bc92a0daaac15
abstractable.stp.f2clapack-f64.dgecon_.q.0028.smt2	stp	3f815ddd424d5d06b79f6c43574bc92a0daaac15
abstractable.stp.f2clapack-f64.dgecon_.q.0030.smt2	stp	d975dd640d19b39a49c19e9afe3aa99ab01e7d91
abstractable.stp.f2clapack-f64.dgecon_.q.0036.smt2	stp	18008fbcfd1abbc43bcdfe5c69723949e08caebe
abstractable.stp.f2clapack-f64.dlange_.q.0016.smt2	stp	a0878c023ae4799d43e892fe849049d47eded060
abstractable.stp.f2clapack-f64.dlange_.q.0015.smt2	stp	9bc87213c50f058b78e6599e020c8683de919197
abstractable.stp.f2clapack-f64.dlange_.q.0014.smt2	stp	c03bf7369f7ad6832715c0cd1de503aa0d113f46
abstractable.stp.f2clapack-f64.dlange_.q.0013.smt2	stp	8297bfe23539a8156aacd49d95f67346113fad93
abstractable.stp.f2clapack-f64.dlange_.q.0012.smt2	stp	5d7c081a88f6a5872e1791bd5d3c39931a092fe6
abstractable.stp.f2clapack-f64.dgeqrf_.q.0056.smt2	stp	541d425642ca8c0fad0c5f585fbeb2f023c0ce36
abstractable.stp.f2clapack-f64.dgeqrf_.q.0055.smt2	stp	d16ab1ec904e4c909e81e1c49ec2dac69ce32c9f
abstractable.stp.f2clapack-f64.dgeqrf_.q.0108.smt2	stp	642d2b83388a52ad78e588b3f2e536ac2a00df0b
abstractable.stp.f2clapack-f64.dgetf2_.q.0061.smt2	stp	0274dab099b626bad734f6d299c5b658fb9997e9
abstractable.stp.f2clapack-f64.dgetf2_.q.0037.smt2	stp	00d872a45fe1976700d77c260d6d9fea1a551831
abstractable.stp.f2clapack-f64.dgetf2_.q.0065.smt2	stp	bb3dd44fae544a2185aa69c8f9da689f976ef1b3
abstractable.stp.f2clapack-f64.dgetf2_.q.0062.smt2	stp	1732581fff083cb622b051b48a77eee5442b144b
abstractable.stp.f2clapack-f64.dgetf2_.q.0063.smt2	stp	623a2d7828de9598021ee907416a4575e851c308
abstractable.stp.f2clapack-f64.dgetf2_.q.0084.smt2	stp	002f201771d04b154c8beb6906b7ea0f0e6d9004
abstractable.stp.f2clapack-f64.dgetf2_.q.0040.smt2	stp	b79500109c38a66d5db6e36037499a9dbb0820eb
abstractable.stp.f2clapack-f64.dgetf2_.q.0085.smt2	stp	1a7c8d3c46fd3744e1618c8a5ae89de6abcf78d9
abstractable.stp.f2clapack-f64.dgetf2_.q.0041.smt2	stp	1c5be4fdfb99203dda4a5f675c0bbd21cf8e6efb
abstractable.stp.f2clapack-f64.dgetf2_.q.0086.smt2	stp	e70d04c2bb3656676e7623a7b8e8cf8e479038e3
abstractable.stp.f2clapack-f64.dgetf2_.q.0042.smt2	stp	f73eb89b30909e397680050cbf8a9f79197841bf
abstractable.stp.f2clapack-f64.dgetf2_.q.0039.smt2	stp	5a81bbcbf21439b1f0ae4ab581c93744eb8f67e7
abstractable.stp.f2clapack-f64.dgetf2_.q.0068.smt2	stp	a2e6291d7f9b1b3566f8442fa8078546589cfbe4
abstractable.stp.f2clapack-f64.dgeqrf_.q.0042.smt2	stp	b398c62a3942b78d2570eab5a2ec6b2918ffc0c7
abstractable.stp.f2clapack-f64.dgeqrf_.q.0041.smt2	stp	f8da6555ff9d386ce435013126052945001bc63d
abstractable.stp.f2clapack-f64.dgeqrf_.q.0091.smt2	stp	ca3f9de574fed7dbc30e312e61983539250caaf2
abstractable.stp.f2clapack-f64.dgeqrf_.q.0054.smt2	stp	9ba9149683953b877d09c08aee3118ba135e0470
abstractable.stp.f2clapack-f64.dgeqrf_.q.0129.smt2	stp	304d3937643b7e1a528bc7cfdef50d4b89ad6067
abstractable.stp.f2clapack-f64.dgeqrf_.q.0124.smt2	stp	ff1a51acfd7f8187c264a0bc814acf36d29412b5
abstractable.stp.f2clapack-f64.dgeqrf_.q.0057.smt2	stp	96054633fa3e37d491540121cc01524a92927777
abstractable.stp.f2clapack-f64.dgeqrf_.q.0058.smt2	stp	b8cfd8509ff82123e89a451fe2934496d0050b46
abstractable.stp.f2clapack-f64.dgeqrf_.q.0059.smt2	stp	b143158ac03958d6f4543199ddb84ee97d896dfc
abstractable.stp.f2clapack-f64.dgeqrf_.q.0159.smt2	stp	ae6aeb280d699b35a91000c1fe46ad73f9f3e9e1
abstractable.stp.f2clapack-f64.dgeqrf_.q.0127.smt2	stp	8333f0ece4f647efd509ca6734892626dc80dec8
abstractable.stp.f2clapack-f64.dgeqrf_.q.0051.smt2	stp	6daffdc9d5f186058a599856e82737235219b227
abstractable.stp.f2clapack-f64.dgeqrf_.q.0052.smt2	stp	c24caf39ec34d3518a4ebfe4580e5352acb58949
abstractable.stp.f2clapack-f64.dgeqrf_.q.0052.smt2	stp	c24caf39ec34d3518a4ebfe4580e5352acb58949
abstractable.stp.f2clapack-f64.dgeqrf_.q.0053.smt2	stp	1d1b887a774817fddf6c4f70a0988651fbf74573
abstractable.stp.f2clapack-f64.dgeqrf_.q.0053.smt2	stp	1d1b887a774817fddf6c4f70a0988651fbf74573
abstractable.stp.f2clapack-f32.sgecon_.q.0010.smt2	stp	c83a645ea62d901847d51d36ff50538d243de16c
abstractable.stp.f2clapack-f32.sgecon_.q.0013.smt2	stp	13f00d4b982f6bac48ec2589ca02e097fdcee5f0
abstractable.stp.f2clapack-f32.sgecon_.q.0013.smt2	stp	13f00d4b982f6bac48ec2589ca02e097fdcee5f0
abstractable.stp.f2clapack-f32.sgecon_.q.0019.smt2	stp	685efeed29e150db8b737c56dec2b47b4aa83bb5
abstractable.stp.f2clapack-f32.sgecon_.q.0014.smt2	stp	c68d1762bcacd6fa4f360efd9e51dadc116554ac
abstractable.stp.f2clapack-f32.sgecon_.q.0016.smt2	stp	62236b0b5ba8cd3b0cd15fcf8bdf5c79ab34bba2
abstractable.stp.f2clapack-f32.sgecon_.q.0021.smt2	stp	a3eb16427a7590970b8cb96986df9f8e16984ba3
abstractable.stp.f2clapack-f32.sgecon_.q.0019.smt2	stp	685efeed29e150db8b737c56dec2b47b4aa83bb5
abstractable.stp.f2clapack-f32.sgecon_.q.0024.smt2	stp	338929594a007b30b1149c892faa7fea8928af03
abstractable.stp.f2clapack-f32.sgecon_.q.0022.smt2	stp	7e77ebb5698d82d90bce9183f4c565de4a51f97a
abstractable.stp.f2clapack-f32.sgecon_.q.0028.smt2	stp	cc50f13d2259dacf09aae8ffeb4101d4d37f12da
abstractable.stp.f2clapack-f32.sgecon_.q.0025.smt2	stp	e53fffcb34f95a52f09da6c90e2c35f3f6811fcd
abstractable.stp.f2clapack-f32.sgecon_.q.0031.smt2	stp	b8650e32afe20bb6cfe49dfdbecef90d0372dbc0
abstractable.stp.f2clapack-f32.sgecon_.q.0038.smt2	stp	23c38ad1dd1994c27c9ea5bb26e085f937f15108
abstractable.stp.f2clapack-f32.sgecon_.q.0038.smt2	stp	23c38ad1dd1994c27c9ea5bb26e085f937f15108
abstractable.stp.f2clapack-f32.sgecon_.q.0042.smt2	stp	1aaea3e5258b4f36a2f86cb5f37cbfa6d0555d06
abstractable.stp.f2clapack-f32.sgecon_.q.0040.smt2	stp	78d68f5e340a77acd37b2154eb57d9fe0136f332
abstractable.stp.f2clapack-f32.sgecon_.q.0046.smt2	stp	2099586c081088224860879906931efb2da3076d
abstractable.stp.f2clapack-f32.sgecon_.q.0044.smt2	stp	f646520f4cbcca8918c8201ba4b504883c68ad50
abstractable.stp.f2clapack-f32.sgecon_.q.0033.smt2	stp	c89e15785ebadb24423b069c93a0ce01fae88796
abstractable.stp.f2clapack-f32.sgecon_.q.0040.smt2	stp	78d68f5e340a77acd37b2154eb57d9fe0136f332
abstractable.stp.f2clapack-f64.dpotf2_.q.0010.smt2	stp	bac631534a5f5182bae6afbcaa718ed4cd26c95c
abstractable.stp.f2clapack-f64.dpotf2_.q.0009.smt2	stp	91b4845782ea5b68e7ffa2a10bfa52d6ef78a028
abstractable.stp.f2clapack-f64.dpotf2_.q.0008.smt2	stp	31ae129cfee3c6194a6a718da62f978402be30fe
abstractable.stp.f2clapack-f64.dpotf2_.q.0007.smt2	stp	89b0f68b542798cdc588ffa3b4ac5abb6d88e9e8
abstractable.stp.f2clapack-f64.dpotf2_.q.0006.smt2	stp	bd9f9c9498af94a4392957900ee63e0e2b4bc5ce
abstractable.stp.f2clapack-f64.dpotf2_.q.0005.smt2	stp	fcf217052dbf1b94e39855b895ee8a8aab8b3b08
abstractable.stp.f2clapack-f64.dgetrf_.q.0011.smt2	stp	8998290b80ef65a338ca81bb8a553f50d5406660
abstractable.stp.f2clapack-f64.dgetrf_.q.0086.smt2	stp	26176e73333b98bd7b23532aa118bf1c1ead2646
abstractable.stp.f2clapack-f64.dgetrf_.q.0016.smt2	stp	62039913411a65d2af57598dfd3cba480d0a0465
abstractable.stp.f2clapack-f64.dgetrf_.q.0037.smt2	stp	63938869020efb85ffa366139292bbcf276762d4
abstractable.stp.f2clapack-f64.dgetrf_.q.0076.smt2	stp	5deccb58a7415f7c96f1d02d17209f607061c5e9
abstractable.stp.f2clapack-f32.sgetf2_.q.0063.smt2	stp	7dcca310f28bc2ee357eb2490086c1b6e02c6a6e
abstractable.stp.f2clapack-f32.sgetf2_.q.0083.smt2	stp	dfb98072d786c51ce45be1d5ee7dc7c150eaeeb0
abstractable.stp.f2clapack-f32.sgetf2_.q.0112.smt2	stp	d9dec445f88df4603086a2db3ff2632e69a12b85
abstractable.stp.f2clapack-f32.sgetf2_.q.0115.smt2	stp	ca5cbdcd8dac04ea96bd25e1f2efea7b406206ed
abstractable.stp.f2clapack-f32.sgetf2_.q.0114.smt2	stp	f8e1302aa402c9377b9f691f82c710e2597fdd0f
abstractable.stp.f2clapack-f32.sgetf2_.q.0070.smt2	stp	785d4f82eb30f68a023ff0767c1d72d5b78024b3
abstractable.stp.f2clapack-f32.sgetf2_.q.0093.smt2	stp	87b2b4e7573f8c7afd8f92c6ae4dbb2704c768de
abstractable.stp.f2clapack-f32.sgetf2_.q.0072.smt2	stp	100ddcbeb757455980fd1719005a439da12f598c
abstractable.stp.f2clapack-f32.sgetf2_.q.0098.smt2	stp	a5711c5179600f6b123345e6e418acda8f80442f
abstractable.stp.f2clapack-f32.sgetf2_.q.0155.smt2	stp	696b9e62cda73d438eb33df329cc9f30551a110d
abstractable.stp.f2clapack-f32.sgetf2_.q.0212.smt2	stp	8e9ba7250c7f897fd67b5759f0dd8147bcda48cf
abstractable.stp.f2clapack-f32.sgetf2_.q.0128.smt2	stp	1e08f6dedb7607999bd812b7856491c604a379a7
abstractable.stp.f2clapack-f32.sgetf2_.q.0075.smt2	stp	e4fb8797e78d36c5f8c65a3dd30c66d96f5168cc
abstractable.stp.f2clapack-f32.sgetf2_.q.0081.smt2	stp	dbd6a4e51d220d5073eb604296658d7d5a0237ae
abstractable.stp.f2clapack-f32.sgetf2_.q.0083.smt2	stp	dfb98072d786c51ce45be1d5ee7dc7c150eaeeb0
abstractable.stp.f2clapack-f32.sgetf2_.q.0183.smt2	stp	579a2c00e5a226d5d16805a5dfa21d6bbb8bf7d1
abstractable.stp.f2clapack-f32.sgetrf_.q.0142.smt2	stp	
abstractable.stp.f2clapack-f32.sgetrf_.q.0197.smt2	stp	bc83b582c1134d6cc2dbd56fce28926cd0b6aafa
abstractable.stp.f2clapack-f16.hpotf2_.q.0010.smt2	stp	38a8abb42bf55016f8f6b298588b3ba46d87f650
abstractable.stp.f2clapack-f16.hpotf2_.q.0009.smt2	stp	23861156c068258a05d60b01ffb9a9c426441aaf
abstractable.stp.f2clapack-f16.hpotf2_.q.0008.smt2	stp	79ea3aece8da2cf910a4265241a0d36c3f870194
abstractable.stp.f2clapack-f16.hpotf2_.q.0007.smt2	stp	8c22c95fa050ccbb7b620b34cc4302071c5651bc
abstractable.stp.f2clapack-f16.hpotf2_.q.0006.smt2	stp	4862c4b882a22e9ae69db56e6411cff056833143
abstractable.stp.f2clapack-f16.hpotf2_.q.0005.smt2	stp	d1828169bc21e9f616855193524cef7644dfb685
abstractable.stp.f2clapack-f32.sgesv_.q.0008.smt2	stp	22c8b6ab810edba6eead9c974a0ca7a773e4aa3d
abstractable.stp.f2clapack-f32.sgesv_.q.0105.smt2	stp	ad03c92483b5791e01aabc401d7246dc522028dc
abstractable.stp.f2clapack-f32.sgesv_.q.0218.smt2	stp	650cd0fc422bd6d47dc421e9eb45b990fd1e5c08
abstractable.stp.f2clapack-f32.sgesv_.q.0153.smt2	stp	707cd38056a23028452dfb08c50c2f7cf81796fb
abstractable.stp.f2clapack-f32.sgesv_.q.0082.smt2	stp	dc5477d5dcbdd3ccdbad3a6ba8b951b2b8248c6d
abstractable.stp.f2clapack-f32.sgesv_.q.0110.smt2	stp	3ac719a70ef413ab8abd8e7bf60efc84f61ad5ac
abstractable.stp.f2clapack-f32.sgesv_.q.0040.smt2	stp	c2d7ff17f38195aab6ff5e7efe0ca56869979375
abstractable.stp.f2clapack-f32.sgesv_.q.0226.smt2	stp	f8da4a85125fa65d608d80f1948a3f873a1c8dfd
abstractable.bwz.gsl.gsl_sf_mathieu_a.q00591.smt2	bwz	d476465553aace81025af5279726d3188aeb9da4
abstractable.bwz.gsl.gsl_sf_mathieu_a.q00639.smt2	bwz	902479e0aee3c94e76bb80c4768425a23d1ee7e8
abstractable.bwz.gsl.gsl_sf_mathieu_a.q00688.smt2	bwz	1279861a8098d5d0045868750a4b231697dfb68c
abstractable.bwz.gsl.gsl_sf_mathieu_a.q00736.smt2	bwz	3df816534d80ac0424c34db980a4b063152efe4d
abstractable.bwz.gsl.gsl_sf_mathieu_a.q00784.smt2	bwz	1595a5570c9212549513b4fc3e4b84610925c373
abstractable.bwz.gsl.gsl_sf_mathieu_a.q00833.smt2	bwz	f10859cb0cc69190c5dd7796c7fb7b870d905bb9
abstractable.bwz.gsl.gsl_sf_mathieu_a.q00881.smt2	bwz	88196e1be9cdc395dcbcd1e1c45b75bff372a3b2
abstractable.bwz.gsl.gsl_sf_mathieu_a.q00929.smt2	bwz	435eb91f2df7282061c0a44192db5ddfe523a952
abstractable.bwz.gsl.gsl_sf_mathieu_a.q00978.smt2	bwz	bfefa35de57b070454b32075b33bf9c89dcb098d
abstractable.bwz.gsl.gsl_sf_mathieu_a.q01026.smt2	bwz	5555e5482557844d34e24ca7eca950097f87908d
abstractable.bwz.gsl.gsl_sf_mathieu_a.q01074.smt2	bwz	715ca04eeccd63d27dfc043c9f58a7f5d02ea45b
abstractable.bwz.gsl.gsl_sf_mathieu_a.q01123.smt2	bwz	40fde49b698c0c429bf1d9d0d450c1878a630e90
abstractable.bwz.gsl.gsl_sf_mathieu_a.q01171.smt2	bwz	6a74a0b99740e1c1ec1b23a875522ae0b0e3cd1e
abstractable.bwz.gsl.gsl_sf_hermite_prob_deriv_array.q01006.smt2	bwz	4d443d69ea152a1df1b05478e41404ea2d89e324
abstractable.bwz.gsl.gsl_sf_hermite_prob_deriv_array.q01005.smt2	bwz	927b32288778cb43006eaab89ca9142a7a1beaaa
abstractable.bwz.gsl.gsl_sf_hermite_prob_deriv_array.q00033.smt2	bwz	a23d9884a4aebe696ff43949c490116c5e24b450
abstractable.bwz.gsl.gsl_sf_hermite_prob_deriv_array.q00032.smt2	bwz	84722aa853273deae628a653d3b090d653c8ddd0
abstractable.bwz.gsl.gsl_sf_hermite_prob_deriv_array.q00029.smt2	bwz	a34853e40f1094f8200984dee661198a73ccd7ae
abstractable.bwz.gsl.gsl_sf_hermite_prob_deriv_array.q00028.smt2	bwz	7904eb08323cf0d336885712df27190b15db7dbe
abstractable.bwz.gsl.gsl_sf_hermite_prob_deriv_array.q00026.smt2	bwz	4a90baf2418d6ebba205a8d347a25dd16af1de9a
abstractable.bwz.gsl.gsl_sf_hermite_prob_deriv_array.q00025.smt2	bwz	02f780250251d58bdfc3409735c7d11679ac0cc1
abstractable.bwz.gsl.gsl_sf_hermite_prob_deriv_array.q00023.smt2	bwz	d3690cdfadd260d192ed4c4a3e262f9b89637037
abstractable.bwz.gsl.gsl_sf_hermite_prob_deriv_array.q00022.smt2	bwz	00b6c0c60ac2abba756d091e82423c2f56cf3b69
abstractable.bwz.gsl.gsl_sf_hermite_prob_deriv_array.q00020.smt2	bwz	57da8c5ff6eb71711d9e9de56e97e0ac52e9b9f3
abstractable.bwz.gsl.gsl_sf_hermite_prob_deriv_array.q00019.smt2	bwz	2879737433dc9813549f4c00f2947a42a0f1cfa4
abstractable.bwz.gsl.gsl_sf_hermite_prob_deriv_array.q00016.smt2	bwz	0931013e8ebddbab4d9f1ae04554980366dc77f0
abstractable.bwz.gsl.gsl_sf_log_1plusx_e.q00004.smt2	bwz	e66d65d777a48fdb62802693b6079c0408f9f8d9
abstractable.bwz.gsl.gsl_sf_lnfact.q00005.smt2	bwz	f07f47bfc3a3ae4a07fc0031e7f1e19a9f393fd0
abstractable.bwz.gsl.gsl_sf_lnfact.q00004.smt2	bwz	e179b987311a4820f2082f528ec406f5f549da07
abstractable.bwz.gsl.gsl_sf_lnfact.q00003.smt2	bwz	21f0571aa3f226bd8e215616775743d7f81eecaf
abstractable.bwz.gsl.gsl_sf_lnfact.q00002.smt2	bwz	25d50d281c88de7d430aea69306a53fe7b99b375
abstractable.bwz.gsl.gsl_sf_lnchoose.q00008.smt2	bwz	1b93c4f3b87694b8177a513ac608d591c5509d10
abstractable.bwz.gsl.gsl_sf_lnchoose.q00007.smt2	bwz	2bce6cc8b62c1763db4543dc18e7a3add5890e5d
abstractable.bwz.gsl.gsl_sf_lnchoose.q00006.smt2	bwz	dd73493c65bbde696d3905804c636b32ceef6da8
abstractable.bwz.gsl.gsl_sf_lnchoose.q00005.smt2	bwz	5ffa00f3e03b1ee48cd7cf622d1ab35dc6032cad
abstractable.bwz.gsl.gsl_sf_legendre_Q0_e.q00007.smt2	bwz	54aa74f55c389529ac4e408586bf46e5ac635143
abstractable.bwz.gsl.gsl_sf_legendre_Q0_e.q00006.smt2	bwz	7c2a778aa7b647e0b4abc2934d777c9cbe0a57fb
abstractable.bwz.gsl.gsl_sf_legendre_Q0_e.q00005.smt2	bwz	dfa6f6824c62197a2cadbe2af3ac88a31f8e8011
abstractable.bwz.gsl.gsl_sf_legendre_Q0_e.q00004.smt2	bwz	7f75644931fc2b845327e69976ab3556f8e196a4
abstractable.bwz.gsl.gsl_sf_legendre_Q0_e.q00003.smt2	bwz	6122d397e73c6e22f868f831d39672a7b4af6492
abstractable.bwz.gsl.gsl_sf_legendre_Q0_e.q00002.smt2	bwz	4c195e1659db2742399a293822ea3a92c0706d9b
abstractable.bwz.gsl.gsl_sf_legendre_H3d_0_e.q00006.smt2	bwz	f4d053f363e70dd6c1f00de5fd64253ec7ba0be6
abstractable.bwz.gsl.gsl_sf_legendre_H3d_0_e.q00005.smt2	bwz	501b79c6809b01baf5af1dc94ef8a41ec023b46d
abstractable.bwz.gsl.gsl_sf_legendre_H3d_0_e.q00004.smt2	bwz	5d03b521077bf11c9db3ba7f2ace460cf76362d7
abstractable.bwz.gsl.gsl_sf_lambert_W0.q00007.smt2	bwz	283be2aef5e92fa3399df9a64f4953c3b9903d0b
abstractable.bwz.gsl.gsl_sf_lambert_W0.q00006.smt2	bwz	daa223a6a3138c96aceafc3bc007656be608663f
abstractable.bwz.gsl.gsl_sf_lambert_W0.q00005.smt2	bwz	763b90fc3c88377879a8c927b9629217207899e2
abstractable.bwz.gsl.gsl_sf_lambert_W0.q00004.smt2	bwz	2716568bca05f4d70d74a4866428f2d31690da5d
abstractable.bwz.gsl.gsl_sf_lambert_W0.q00003.smt2	bwz	cedd4202b91ff8e3328edaf2091fcb2830febf9e
abstractable.bwz.gsl.gsl_sf_lambert_W0.q00002.smt2	bwz	44d094c636ac59a76435b1fdbbde005de9113e2d
abstractable.bwz.gsl.gsl_sf_hyperg_2F1_renorm.q00001.smt2	bwz	34700dcb4b356c638e0d2d1c2031523774d94734
abstractable.bwz.gsl.gsl_sf_hyperg_1F1_int.q00035.smt2	bwz	32725662422841a18594b0f02f6e2b8b12b6a671
abstractable.bwz.gsl.gsl_sf_hyperg_1F1_int.q00034.smt2	bwz	93eb3426751aeb4b729d0fff4d779d1b7a71b76d
abstractable.bwz.gsl.gsl_sf_hyperg_1F1_int.q00033.smt2	bwz	0480217aef65c0b4964eb4bdf196e51cb46bdf6d
abstractable.bwz.gsl.gsl_sf_hyperg_1F1_int.q00032.smt2	bwz	70183c8403a1b50c574b2fe8d1b525bf139121a4
abstractable.bwz.gsl.gsl_sf_hyperg_1F1_int.q00031.smt2	bwz	488674be1aebf7bc7ebd2e22ba2fdf654455f1af
abstractable.bwz.gsl.gsl_sf_hyperg_1F1_int.q00030.smt2	bwz	cb65dc81f78f12f7fcab240384f61c4b68c11270
abstractable.bwz.gsl.gsl_sf_hyperg_1F1_int.q00029.smt2	bwz	0b3ccbcfbb778c2f1dfaf4107d98ff66ff478ee8
abstractable.bwz.gsl.gsl_sf_hyperg_1F1_int.q00028.smt2	bwz	6a1ff60f513723b1b99242772c5850f9fb5fc5da
abstractable.bwz.gsl.gsl_sf_hyperg_1F1_int.q00027.smt2	bwz	1d23e941f553edee3b094d78c4ce94dd8dbc3fc7
abstractable.bwz.gsl.gsl_sf_hyperg_1F1_int.q00026.smt2	bwz	0be9d21a04ca869e4b98d546764bd7b9b8297f05
abstractable.bwz.gsl.gsl_sf_hyperg_1F1_int.q00025.smt2	bwz	01fd47fb0236e30658aaddc1c15b85217e88e349
abstractable.bwz.gsl.gsl_sf_hyperg_1F1_int.q00024.smt2	bwz	76eb9a72bd29e20d7e6f530ae92ce5a355ce766c
abstractable.bwz.gsl.gsl_sf_hyperg_1F1_int.q00023.smt2	bwz	6e0be129a203c2fbf42d65c66ad748baad26081d
abstractable.bwz.gsl.gsl_sf_hyperg_1F1_int.q00022.smt2	bwz	0beb161f4e9d0c8d6d12383d8a8e81f627f75aab
abstractable.bwz.gsl.gsl_sf_hyperg_1F1_int.q00021.smt2	bwz	08e3c1b753bef5bfa01852fb75363315036d376c
abstractable.bwz.gsl.gsl_sf_hyperg_1F1_int.q00020.smt2	bwz	aa90151c2244d9abb38f92f063ddd51ef29aa63d
abstractable.bwz.gsl.gsl_sf_hyperg_1F1_int.q00019.smt2	bwz	a459a50ec288f4f5bbef525513f073d2dd1860c0
abstractable.bwz.gsl.gsl_sf_hyperg_1F1_int.q00018.smt2	bwz	c0199f0bfcca825faa42874f3f75b256823aa414
abstractable.bwz.gsl.gsl_sf_hyperg_1F1_int.q00017.smt2	bwz	675c5c0427781758e126e393872ed5997f078a6b
abstractable.bwz.gsl.gsl_sf_hermite_zero.q00016.smt2	bwz	e06866cda2d55a0d0d373b8865ad70c220db192e
abstractable.bwz.gsl.gsl_sf_hermite_zero.q00015.smt2	bwz	81c69aacc03eae78f93ea68c58a5b1b370bdfc7c
abstractable.bwz.gsl.gsl_sf_hermite_zero.q00010.smt2	bwz	1c43ffe85dc9d6904aad715c719898044e8ee822
abstractable.bwz.gsl.gsl_sf_airy_Ai_deriv_scaled_e.q00231.smt2	bwz	79f372c04f1b50ec11bd37a395a75d60f233be0f
abstractable.bwz.gsl.gsl_sf_airy_Ai_deriv_scaled_e.q00150.smt2	bwz	377810a5d83cadd7c51e2102d2dee1f65b6bd33d
abstractable.bwz.gsl.gsl_sf_airy_Ai_deriv_scaled_e.q00125.smt2	bwz	db27899b4734f4df3ff27e9f539f97347a809c5e
abstractable.bwz.gsl.gsl_sf_airy_Ai_deriv_scaled_e.q00005.smt2	bwz	c2cf33564dc4f5a09e6bd146b7bee0edea8c3f2b
abstractable.bwz.gsl.gsl_sf_bessel_K0.q00007.smt2	bwz	281bc8b4442cf97e88a832bdaf7fd2c3d9bac9a4
abstractable.bwz.gsl.gsl_sf_bessel_K0.q00006.smt2	bwz	d2d67176cf83ceb9ca64282613f7173ceb5cfbf7
abstractable.bwz.gsl.gsl_sf_bessel_K0.q00008.smt2	bwz	9360581ba417115bde79d86ef06dab6c28f92e80
abstractable.bwz.gsl.gsl_sf_bessel_Inu_scaled_e.q00008.smt2	bwz	2489b3aa23efaf2957ad6afbf56c342e3e6272ee
abstractable.bwz.gsl.gsl_sf_bessel_Inu_scaled_e.q00007.smt2	bwz	1c9249631f1b80fb9d7db012964a6a1f202ef257
abstractable.bwz.gsl.gsl_sf_bessel_Inu_scaled_e.q00006.smt2	bwz	1493e60287c59544c468616945c5571f95bc1b4d
abstractable.bwz.gsl.gsl_sf_bessel_Inu_scaled_e.q00005.smt2	bwz	d190065af33623b23d4ef24cd48c0be636a34f6f
abstractable.bwz.gsl.gsl_sf_bessel_Inu_scaled_e.q00004.smt2	bwz	f7d5848b5a7512d7051f5f2e88851767288f3e18
abstractable.bwz.gsl.gsl_sf_bessel_Inu_scaled_e.q00003.smt2	bwz	b544090646d514673f4e378ac7437a84e137c45b
abstractable.bwz.gsl.gsl_sf_bessel_Inu_scaled_e.q00002.smt2	bwz	c1010cf95f0e9d09d489fb5032a61809e3737db2
abstractable.bwz.gsl.gsl_sf_bessel_il_scaled.q00038.smt2	bwz	94629ba7b26725b37c794f09a8afb70e5621e089
abstractable.bwz.gsl.gsl_sf_bessel_il_scaled.q00034.smt2	bwz	c2802397d8fa29a8bd7f0ed1301c0275a16b9b68
abstractable.bwz.gsl.gsl_sf_bessel_il_scaled.q00030.smt2	bwz	eb1fdf32a13f9b168c100edd41c86443171b42e1
abstractable.bwz.gsl.gsl_sf_bessel_il_scaled.q00027.smt2	bwz	48be3102b8099b6e95c0110b4ab598822e62683f
abstractable.bwz.gsl.gsl_sf_bessel_il_scaled.q00026.smt2	bwz	0e2f289f08607d6604751d2adcad50b4a96c2ff5
abstractable.bwz.gsl.gsl_sf_bessel_il_scaled.q00025.smt2	bwz	bb2a08fd44c2992bb094a06846534017398ae4fd
abstractable.bwz.gsl.gsl_sf_bessel_il_scaled.q00024.smt2	bwz	c4b2cde8f59df3bb1ec229ba433aa293887332c4
abstractable.bwz.gsl.gsl_sf_bessel_il_scaled.q00023.smt2	bwz	79db01d0120b59865e6f8515a885c486acfe8b3d
abstractable.bwz.gsl.gsl_sf_bessel_il_scaled.q00022.smt2	bwz	e5eb2cbd7bd2591af8c9552c0cfe03f4e3dd20f4
abstractable.bwz.gsl.gsl_sf_bessel_il_scaled.q00021.smt2	bwz	f182ea797e14def4d043f32ec92f44bb311cc1a1
abstractable.bwz.gsl.gsl_sf_bessel_il_scaled.q00020.smt2	bwz	44c0ccccfbbf0a1e3f3bc6a319f62e758f85d318
abstractable.bwz.gsl.gsl_sf_bessel_il_scaled.q00019.smt2	bwz	4b1c18e8adda5f40cbb83d24a1bf717bcdb4c34a
abstractable.bwz.gsl.gsl_sf_bessel_il_scaled.q00018.smt2	bwz	1e3636d6f9e08c081bad5d8f4bb54a92c7b8d3bf
abstractable.bwz.gsl.gsl_sf_bessel_il_scaled.q00017.smt2	bwz	4ad512de35cb346b662d0ecc6551451914ed0546
abstractable.bwz.gsl.gsl_sf_bessel_il_scaled.q00016.smt2	bwz	f1c14a34ff47064078a054d1e22f7e8b40c3daf9
abstractable.bwz.gsl.gsl_sf_bessel_il_scaled.q00015.smt2	bwz	c63c2eb4c37cc8d55057f7a505446acac343c141
abstractable.bwz.gsl.gsl_sf_bessel_il_scaled.q00014.smt2	bwz	a9b583aa12e20d87302b6e36c2b6902217d85c2e
abstractable.bwz.gsl.gsl_sf_bessel_il_scaled.q00013.smt2	bwz	6255fc8b65ab4c6b784628dc492463de05bb46d5
abstractable.bwz.gsl.gsl_sf_bessel_il_scaled.q00012.smt2	bwz	98c5c45c35c11c7d369228fabf118bf5133ab196
abstractable.bwz.gsl.gsl_sf_bessel_il_scaled.q00011.smt2	bwz	69254e78e0291d9354ade31c3d8ac7414334ca17
abstractable.bwz.gsl.gsl_sf_bessel_il_scaled.q00010.smt2	bwz	fdd601a1c594af3ced1eb112f3f93e87c208b675
abstractable.bwz.gsl.gsl_sf_bessel_il_scaled.q00009.smt2	bwz	89bb587bcfeb855ee52612bbcf312ebaded27324
abstractable.bwz.gsl.gsl_sf_bessel_il_scaled.q00008.smt2	bwz	e039ddb46d5cc9e079d0657c04bf26170a565e07
abstractable.bwz.gsl.gsl_sf_angle_restrict_symm.q00001.smt2	bwz	a50914fe56af06bb4635cfdd9aede4905085ef85
abstractable.bwz.gsl.gsl_sf_airy_Bi_deriv_scaled.q00084.smt2	bwz	3a968343f90061546b0423ad2464224f603e2dd3
abstractable.bwz.gsl.gsl_sf_airy_Bi_deriv_scaled.q00082.smt2	bwz	2a1316d675cbadea081ea2f85e0182af3d652228
abstractable.bwz.gsl.gsl_sf_exprel_n_e.q00003.smt2	bwz	2c45fe413c0409eb659834c3a1d241354d32092c
abstractable.bwz.gsl.gsl_sf_exprel_n_e.q00035.smt2	bwz	35f860c93fc75f59098013fb018b799ffbd1037b
abstractable.bwz.gsl.gsl_sf_exprel_n_e.q00067.smt2	bwz	d42f1cdf9227d724200128496471c971055aee41
abstractable.bwz.gsl.gsl_sf_exprel_n_e.q00099.smt2	bwz	7640ec7af8805ea0a82850be673dc882d8087940
abstractable.bwz.gsl.gsl_sf_exprel_n_e.q00131.smt2	bwz	c2f5f59c87ee8299c239a0cd656b19a5c19d677c
abstractable.bwz.gsl.gsl_sf_exprel_n_e.q00163.smt2	bwz	518cc6bdd6ec47d26298eaac72a1615f03e30c4f
abstractable.bwz.gsl.gsl_sf_exprel_n_e.q00195.smt2	bwz	fc5f283bb14aba1cbbcf4e1ba1cfbd7ed660b48d
abstractable.bwz.gsl.gsl_sf_exprel_n_e.q00228.smt2	bwz	c54e0c5e8cde5d72a3c015c992eb61e6a6bf1411
abstractable.bwz.gsl.gsl_sf_exprel_n_e.q00260.smt2	bwz	a315cc67918709bbf32f2223e0973e2f5af4f476
abstractable.bwz.gsl.gsl_sf_exprel_n_e.q00292.smt2	bwz	11cafa9d3407700e8e26e1e05451b6b6e7e18f5f
abstractable.bwz.gsl.gsl_sf_exprel_n_e.q00324.smt2	bwz	ccbac2769dfdc919e2ff349118f4606f1aa34c15
abstractable.bwz.gsl.gsl_sf_exprel_n_e.q00356.smt2	bwz	5db2cf85ba0d070879a0892f70723cb09c71ca1a
abstractable.bwz.gsl.gsl_sf_exprel_n_e.q00388.smt2	bwz	d0f752bbf26b3fe15e79dceec0e484b425e198cc
abstractable.bwz.gsl.gsl_sf_exprel_n_e.q00421.smt2	bwz	4911d0ada7688ec5c898e3cacc4d5e3dc856188e
abstractable.bwz.gsl.gsl_sf_exprel_n_e.q00453.smt2	bwz	d49a94e7b60b0427b82b17af50b683db9dd58474
abstractable.bwz.gsl.gsl_sf_exprel_n_e.q00485.smt2	bwz	8e2f992c8118b63f5ce6849f248806fabea2d9f2
abstractable.bwz.gsl.gsl_sf_exprel_n_e.q00517.smt2	bwz	138de933a3a43f3382bb94e90c161ae612b5e86c
abstractable.bwz.gsl.gsl_sf_exprel_n_e.q00549.smt2	bwz	d3abc6492bf629611e84126e7825f81347d746e4
abstractable.bwz.gsl.gsl_sf_exprel_n_e.q00581.smt2	bwz	7b68d5ad4ac63d242201122669941c88a399f607
abstractable.bwz.gsl.gsl_sf_exprel_n_e.q00614.smt2	bwz	3672ab159fac0be98b4a93a43c40612d73e017f9
abstractable.bwz.gsl.gsl_sf_exprel_n_e.q00646.smt2	bwz	c68f99727aa1d52e82c898c1c20ad53c022859fa
abstractable.bwz.gsl.gsl_sf_exprel_n_e.q00678.smt2	bwz	b429180337d408d7541fb5c3c674ccaca555554a
abstractable.bwz.gsl.gsl_sf_exprel_n_e.q00710.smt2	bwz	ee2fd534425395da533dd5214d9b3977aa79ff2a
abstractable.bwz.gsl.gsl_sf_exprel_n_e.q00742.smt2	bwz	7b5b12cefcd01181a02486f68c780936c85ee1f8
abstractable.bwz.gsl.gsl_sf_exprel_n_e.q00774.smt2	bwz	7b8dfe06ecf6e8a1fff68449239412654fad3d12
abstractable.bwz.openlibm.remquof.q01531.smt2	bwz	3b1a1d925af1f27682bd5a35983a1297da908f5b
abstractable.bwz.openlibm.remquof.q01633.smt2	bwz	fb47345fba29f27cdf47b6b43cf8463c37739cfe
abstractable.bwz.openlibm.remquof.q00262.smt2	bwz	711217c947324abb904bc5f9b517f94132a2929c
abstractable.bwz.openlibm.remquof.q01805.smt2	bwz	ae486761f67bf244b6c26d1064524dc64b0d955e
abstractable.bwz.openlibm.remquof.q01750.smt2	bwz	172d93c252e4f8b86d41e45c889fc5b9256c26db
abstractable.bwz.openlibm.remquof.q00468.smt2	bwz	f562347c0082d3c2afb3fa6f57fc8cab7bcfc914
abstractable.stp.f2clapack-f32.sgetf2_.q.0108.smt2	stp	c5d10cccedb190b490fd547b3ce636e200c009c7
abstractable.stp.f2clapack-f32.sgetf2_.q.0103.smt2	stp	98c885a8d065a8d989fe0c7540e1de838f76674d
abstractable.stp.f2clapack-f32.sgetf2_.q.0189.smt2	stp	e41d621db470386685ea3dcb5bcd2e04d7be2cb7
abstractable.stp.f2clapack-f32.sgetf2_.q.0109.smt2	stp	ec553b272b2bb7e90a1590da1eee9366b079fb19
abstractable.stp.f2clapack-f32.sgetf2_.q.0187.smt2	stp	9989e7ff2d7a81797fc53e153f040d8474525993
abstractable.stp.f2clapack-f32.sgetf2_.q.0216.smt2	stp	4f3fdd7ef2aa8864fe6f4d46978bcaf86e1a583d
abstractable.stp.f2clapack-f32.sgetf2_.q.0171.smt2	stp	ced6911fea9134144e68ae94aac08ce243704d7a
abstractable.stp.f2clapack-f32.sgetf2_.q.0201.smt2	stp	
abstractable.stp.f2clapack-f64.dpotrf_.q.0010.smt2	stp	3b48ed8c8dca3646b466829c322d9368d6be66e7
abstractable.stp.f2clapack-f64.dpotrf_.q.0009.smt2	stp	62c806d160bf47fb0bb56f9d2d582992cefeaaaf
abstractable.stp.f2clapack-f64.dpotrf_.q.0008.smt2	stp	8dcabddcc3b965d800b3e9a4d72d373d91f2932f
abstractable.stp.f2clapack-f64.dpotrf_.q.0007.smt2	stp	d409e99a9f09c7ed11fe9c81bc74e2587ad00217
abstractable.stp.f2clapack-f64.dpotrf_.q.0006.smt2	stp	f11aba978c36358429624e0b1d938d496a543405
abstractable.stp.f2clapack-f64.dpotrf_.q.0005.smt2	stp	4e8826a3e6a9bf03f8d64f89a96e333577d81a86
abstractable.stp.f2clapack-f64.dpotrs_.q.0019.smt2	stp	549fdf2bfb17fcacf02a80574a9c767c4dd4455f
abstractable.stp.f2clapack-f64.dpotrs_.q.0018.smt2	stp	227208ffa27a26eaf5e070fa5be884f9b3ea6280
abstractable.stp.openlibm.remquof.q.1118.smt2	stp	
abstractable.stp.openlibm.remquof.q.1289.smt2	stp	
abstractable.stp.openlibm.remquof.q.1331.smt2	stp	
abstractable.stp.openlibm.remquof.q.1244.smt2	stp	
abstractable.stp.openlibm.remquof.q.1344.smt2	stp	
abstractable.stp.gsl.gsl_sf_zeta_int.q.0011.smt2	stp	94cd1fe59cf9317cfa818f6b15e856453ad7388b
abstractable.stp.gsl.gsl_sf_sin_e.q.0003.smt2	stp	a005bcf0714caac7966a758e354b992cb677d737
abstractable.stp.gsl.gsl_sf_psi_n_e.q.0021.smt2	stp	3c92318b83dfe5f3fd2c81a9d131b62fb6430069
abstractable.stp.gsl.gsl_sf_psi_n_e.q.0013.smt2	stp	244755bab4b89c0267b94cc4ad12d2d5a599c417
abstractable.stp.gsl.gsl_sf_psi_n_e.q.0006.smt2	stp	a2e7019d196714325758dd6fdb878ebef2a70e83
abstractable.stp.gsl.gsl_sf_multiply_e.q.0007.smt2	stp	
abstractable.stp.gsl.gsl_sf_multiply_e.q.0006.smt2	stp	
abstractable.stp.gsl.gsl_sf_hermite_e.q.0033.smt2	stp	841b61378604c996f33d697360d3fd0d3379c04c
abstractable.stp.gsl.gsl_sf_hermite_e.q.0031.smt2	stp	7ca4319d770d81d7350c83f60c3276a31f264939
abstractable.stp.gsl.gsl_sf_hermite_e.q.0030.smt2	stp	beaed721170f7baf482a4f87f5ce8db87d5d36fe
abstractable.stp.gsl.gsl_sf_hermite_e.q.0028.smt2	stp	f996814f9a6cc857804f0ab509f85cd48563045f
abstractable.bwz.gsl.gsl_cdf_gamma_Qinv.q00011.smt2	bwz	9df225677a80a5621716772ddff488622ab10548
abstractable.bwz.gsl.gsl_cdf_gamma_Qinv.q00010.smt2	bwz	70c3e33e4562c5e368e3594dedf844d5824a4701
abstractable.bwz.gsl.gsl_cdf_gamma_Qinv.q00009.smt2	bwz	2d85f621589b3b4c46c60857bd7ac96e2578586a
abstractable.bwz.gsl.gsl_cdf_gamma_Qinv.q00008.smt2	bwz	9f1ef623d0a96dff7abdc5c11ca5705287b5c326
abstractable.bwz.gsl.gsl_cdf_gamma_Qinv.q00007.smt2	bwz	3b376b8a82964a1916964b7589dbcad451ce15c4
abstractable.bwz.gsl.gsl_cdf_gamma_Qinv.q00006.smt2	bwz	288c05716eca1b394253a9c168f6215a7c50fb60
abstractable.bwz.gsl.gsl_cdf_gamma_Qinv.q00005.smt2	bwz	902cf38a17f985cf65e10cc2ee59dfcf305bed40
abstractable.bwz.gsl.gsl_cdf_fdist_P.q00001.smt2	bwz	ad1015fad3c2f088c1f3d0fdc2183c9abf90d8f1
abstractable.bwz.gsl.gsl_cdf_fdist_P.q00002.smt2	bwz	a45a06a604e06b81dc5840a9665c797e2127b811
abstractable.bwz.gsl.gsl_cdf_fdist_P.q00018.smt2	bwz	26f4d6c867e8677af9fd1c326be2d50eef61af63
abstractable.bwz.gsl.gsl_cdf_fdist_P.q00003.smt2	bwz	e6498a7aea2a51a136278c8f388d0964ff58f8aa
abstractable.bwz.gsl.gsl_cdf_fdist_P.q00019.smt2	bwz	4d0aa883d040411c1130d2c0ca8e8b1093bb70c9
abstractable.bwz.gsl.gsl_cdf_fdist_P.q00020.smt2	bwz	624bd3e3b1e9499a66a3cf4bc4807799e82f68aa
abstractable.bwz.gsl.gsl_cdf_fdist_P.q00011.smt2	bwz	7682a338d328e77f44eb5c54609befc4246449f8
abstractable.bwz.gsl.gsl_cdf_fdist_P.q00026.smt2	bwz	59b91cca76175f338eebd52e9e660e0fcf878db8
abstractable.bwz.gsl.gsl_cdf_fdist_P.q00012.smt2	bwz	a0c03189cbf89aef818577688511096deaf1ae30
abstractable.bwz.gsl.gsl_cdf_fdist_P.q00017.smt2	bwz	f4ede301a7062d1564225d02caca0bdd2402a9c0
abstractable.bwz.gsl.gsl_cdf_fdist_P.q00031.smt2	bwz	7adb405a39049a9b50e6ba2bb612d56295c8dcc7
abstractable.bwz.gsl.gsl_cdf_fdist_P.q00014.smt2	bwz	34db20f2fe2101eec897cabd82ce34de26623e49
abstractable.bwz.gsl.gsl_cdf_fdist_P.q00029.smt2	bwz	7da5a585837af68035c8a850ea52fe1675586457
abstractable.bwz.gsl.gsl_cdf_fdist_P.q00005.smt2	bwz	b992dcc29cbc06dcff6b4f291b413fac27195e17
abstractable.bwz.gsl.gsl_cdf_fdist_P.q00009.smt2	bwz	6f8133ef37e92f973918b57d9bc5a66711fc1011
abstractable.bwz.gsl.gsl_cdf_fdist_P.q00021.smt2	bwz	0d585c4262d481b99f5739a4174fc249fb8bfa56
abstractable.bwz.gsl.gsl_cdf_fdist_P.q00024.smt2	bwz	c7e8a32c1d0ef4e2d170f4518e22806ade4118f8
abstractable.bwz.gsl.gsl_cdf_fdist_P.q00030.smt2	bwz	16db3de5a030a0c3a66353ee4370791281c32514
abstractable.bwz.gsl.gsl_cdf_fdist_P.q00006.smt2	bwz	45b0a5ffb712179020025bf8f5aa5bde4079b356
abstractable.bwz.gsl.gsl_cdf_fdist_P.q00013.smt2	bwz	2ebef1a4f4d8ab4ce83cbc14f86b3e123adc96f9
abstractable.bwz.gsl.gsl_cdf_fdist_P.q00028.smt2	bwz	dd408701f89cb4cae3552f41542ddd35b19b872c
abstractable.bwz.gsl.gsl_cdf_fdist_P.q00007.smt2	bwz	b9ae3f2990fc25603996429700a41ba7e787c849
abstractable.bwz.gsl.gsl_cdf_fdist_P.q00008.smt2	bwz	9a48b8cc5a333ed8589354216200ac7996d06e87
abstractable.bwz.gsl.gsl_cdf_fdist_P.q00023.smt2	bwz	55305563c30794f137b362c13fdd26bfe78d027a
abstractable.bwz.gsl.gsl_cdf_fdist_P.q00010.smt2	bwz	704113b873d0565e98c595003aeb00bb165a8ee4
abstractable.bwz.gsl.gsl_cdf_chisq_P.q00003.smt2	bwz	9932580f68fad8f3422e6792eb73b8d765f8a00e
abstractable.bwz.gsl.gsl_cdf_chisq_P.q00004.smt2	bwz	6dc97550b1541d40b5aa5ef28fbb809bd704b515
abstractable.bwz.gsl.gsl_cdf_chisq_P.q00005.smt2	bwz	19c776a9a9f047f673337ae1ae29389eca5aa6a4
abstractable.bwz.gsl.gsl_cdf_chisq_P.q00006.smt2	bwz	7a90c57cb581a161a014fbb99feac11ad7edd648
abstractable.bwz.gsl.gsl_cdf_chisq_P.q00008.smt2	bwz	41a64de09be19cca6b15142f8fefe3606002b71f
abstractable.bwz.gsl.gsl_cdf_chisq_P.q00009.smt2	bwz	b78878edd0067f3336cccfc7ce1ea8c3350f9bf0
abstractable.bwz.gsl.gsl_cdf_chisq_P.q00010.smt2	bwz	e03d5fe240c841f05cf70275ef291ee6d40e37dd
abstractable.bwz.gsl.gsl_cdf_chisq_P.q00018.smt2	bwz	5519d4a1797709fcb2b7d3d02974be05b4dff72a
abstractable.bwz.gsl.gsl_cdf_chisq_P.q00017.smt2	bwz	34cf73700dfba94769cc258e7c03ed06482b1ad9
abstractable.bwz.gsl.gsl_cdf_chisq_P.q00016.smt2	bwz	0dca7ede4ba69d3c1cda4a0b87d44e59f419abfc
abstractable.bwz.gsl.gsl_cdf_chisq_P.q00011.smt2	bwz	324fe0bd8aaf66d58e28742ddc2a4b6a9e54dd6b
abstractable.bwz.gsl.gsl_cdf_chisq_P.q00024.smt2	bwz	677d26c1cd1190f672f7dd4c65321602a988ddcd
abstractable.bwz.gsl.gsl_cdf_chisq_P.q00014.smt2	bwz	d1f0c24eea9649839e3f186a65f118553f8e2aa0
abstractable.bwz.gsl.gsl_cdf_chisq_P.q00025.smt2	bwz	287a5d28b7980fb681d16c61450b3c4803cc9b44
abstractable.bwz.gsl.gsl_cdf_chisq_P.q00013.smt2	bwz	2eaf5290483d36162bb2ab3eaba029e91d897e0b
abstractable.bwz.gsl.gsl_cdf_chisq_P.q00028.smt2	bwz	7d3f6325f3d43ab3aad73550cfabcb194480d17b
abstractable.bwz.gsl.gsl_cdf_chisq_P.q00026.smt2	bwz	d9fc49c48ae0447a0213e48e53772bc148c197af
abstractable.bwz.gsl.gsl_cdf_chisq_P.q00033.smt2	bwz	7d3f31053e697457bcaa1897f2dbe48123d8ccc4
abstractable.bwz.gsl.gsl_cdf_chisq_P.q00030.smt2	bwz	2748a977982cb92a8f8ced72d4dd67b25613f1d2
abstractable.bwz.gsl.gsl_cdf_chisq_P.q00031.smt2	bwz	18fe6c32f12f1b7530a6e94a7904137376ccebc0
abstractable.bwz.gsl.gsl_cdf_chisq_P.q00034.smt2	bwz	0adab7609f62b602aad38e282e6864444c8cd2e7
abstractable.bwz.gsl.gsl_cdf_chisq_P.q00029.smt2	bwz	2d4029c969b60317b064505e4904a8ba3d1090d8
abstractable.bwz.gsl.gsl_cdf_chisq_P.q00020.smt2	bwz	b13f564e1874f9052ef00c024ee3671f666633a9
abstractable.bwz.gsl.gsl_cdf_chisq_P.q00021.smt2	bwz	b0c552b1e89492a715869c7471f785b93017fe22
abstractable.bwz.gsl.gsl_cdf_chisq_P.q00022.smt2	bwz	ceaeb314dcee95945759f71c825774a5a332e732
abstractable.bwz.gsl.gsl_cdf_beta_P.q00018.smt2	bwz	f7a6c8c1abf0c355de015b630310b580d881c1ab
abstractable.bwz.gsl.gsl_cdf_beta_P.q00017.smt2	bwz	bc9b94f15800601910d193094981e5b7539c859c
abstractable.bwz.gsl.gsl_cdf_beta_P.q00016.smt2	bwz	5aba160b152c18d90c49e374466e399fa820d6b3
abstractable.bwz.gsl.gsl_cdf_beta_P.q00015.smt2	bwz	f8d6fe7b747af9d869ee9f36fe24ca089ba27319
abstractable.bwz.gsl.gsl_cdf_beta_P.q00014.smt2	bwz	da9db4055905da507bd6f292e0521c26005c50c7
abstractable.bwz.gsl.gsl_cdf_beta_P.q00012.smt2	bwz	08490d3987468f0bac24350a8ab801d9ff8b1ab7
abstractable.bwz.gsl.gsl_cdf_beta_P.q00011.smt2	bwz	3279bd628f499fbebd1ef7ba5f5c94beece31c94
abstractable.bwz.gsl.gsl_cdf_beta_P.q00010.smt2	bwz	7f2a82f90b16ca8202aa62809e8714bd46ad2ab4
abstractable.bwz.gsl.gsl_cdf_beta_P.q00009.smt2	bwz	7238fb7742acd53cd673df52871269bd12f897bb
abstractable.bwz.gsl.gsl_cdf_beta_P.q00008.smt2	bwz	3dc3866ec08574d2a3b1d9b0ee6ab6a7a4504e15
abstractable.bwz.gsl.gsl_cdf_beta_P.q00007.smt2	bwz	b949ebb0b05f2a2ea242b35f1dafb12b9fc08295
abstractable.bwz.openlibm.y1f.q00006.smt2	bwz	77b8cd3da1be89935950f6007cc4db1ece5cb909
abstractable.bwz.openlibm.y1f.q00016.smt2	bwz	c7f97a6a6eafaa4e955e511140fea039ee267c82
abstractable.bwz.openlibm.y1f.q00017.smt2	bwz	69a3b8bb4ee9e1c9c0c0a0781aafb08d522b329a
abstractable.bwz.openlibm.y1f.q00007.smt2	bwz	e2f300d78397c05c117c8067b72df6e162a6a106
abstractable.bwz.openlibm.y1f.q00008.smt2	bwz	b4b43b4c382610c61a91509840f44f05c8d7ba89
abstractable.bwz.openlibm.y1f.q00019.smt2	bwz	4469aaaf7434f29ade0a12760df09fabe1225570
abstractable.bwz.openlibm.y1f.q00020.smt2	bwz	b18bd09c0b6c0ae361432a45daa4d15e5872eb55
abstractable.bwz.openlibm.y1f.q00010.smt2	bwz	130a4b8812e56b5f695524aa1acac89e2f9d9d80
abstractable.bwz.openlibm.y1f.q00023.smt2	bwz	2140f98df10c73a379c28dad42851f58bc69a11f
abstractable.bwz.openlibm.y1f.q00022.smt2	bwz	13bd05a535d6cf8d75a43bb790eddc9cd67ec712
abstractable.bwz.openlibm.y1f.q00012.smt2	bwz	1b440b2672e4237c59ea43d03547eba866d87b95
abstractable.bwz.openlibm.y1f.q00011.smt2	bwz	76cb774bf45f775652c92ec771180bb18899272e
abstractable.bwz.openlibm.y1f.q00025.smt2	bwz	9f484fa71e791c6c1c7bb7ad4d51898156b77bfe
abstractable.bwz.openlibm.y1f.q00015.smt2	bwz	49a8cedbb9b115daecee722ea7ae71895620b2d4
abstractable.bwz.openlibm.y1f.q00014.smt2	bwz	ffd11d2fedd4e2fa2b9ecef0437e8457240dbcec
abstractable.bwz.openlibm.y1f.q00038.smt2	bwz	4f97849c13be0248d24a7ab56eb173b0f40c693a
abstractable.bwz.openlibm.y1f.q00040.smt2	bwz	2346b6ff631ab9cc7826e4002340cf47b8d7e045
abstractable.bwz.openlibm.y1f.q00042.smt2	bwz	5eb6bdc41a77095547cc324f79a77e801d22a573
abstractable.bwz.openlibm.y1f.q00041.smt2	bwz	6ae297b3c561ba774a32e8102e77f5450be355b0
abstractable.bwz.openlibm.y1f.q00043.smt2	bwz	8380d34c3f64679c6c2461c4d1d378900576706c
abstractable.bwz.openlibm.y1f.q00045.smt2	bwz	c5111d0799649fe443a6fd6121b85bff54dd457c
abstractable.bwz.openlibm.y1f.q00046.smt2	bwz	defe69f3de2dfcd7699646da75a4cb6b7d0738f7
abstractable.bwz.openlibm.y1f.q00048.smt2	bwz	50dbf2456d935d9ddbf09e52bad9a4d02100ecbe
abstractable.bwz.openlibm.y1f.q00049.smt2	bwz	69d2d848031c4654633ce017877abef8229b87f8
abstractable.bwz.openlibm.y1f.q00050.smt2	bwz	968d112fa95edc05fa3e2f7aa748a156f1e15817
abstractable.bwz.openlibm.y1.q00006.smt2	bwz	7f536cd582e230490dff8699aa50d98fd628ebff
abstractable.bwz.openlibm.y1.q00016.smt2	bwz	a9169e83d45babf2b0db2fe1a05ea4c2b613100b
abstractable.bwz.openlibm.y1.q00018.smt2	bwz	cf87263db08db8d3bf66b7326462dea5a197887a
abstractable.bwz.openlibm.y1.q00007.smt2	bwz	fcf5954b278c6aa9ec670fe811769bd0dc4ef017
abstractable.bwz.openlibm.y1.q00019.smt2	bwz	3046dfb45f2b8dc564cef8a6ef1cd1d7adb01c66
abstractable.bwz.openlibm.y1.q00009.smt2	bwz	c2a4de46fb405be21a6e3216a3cfa280551e57d4
abstractable.bwz.openlibm.y1.q00010.smt2	bwz	cd2b9157558b14e23fd4ba96b6c56fda1a85deca
abstractable.bwz.openlibm.y1.q00030.smt2	bwz	ee1ef726a7744727e06810dbf8a8afe25f5ee5ef
abstractable.bwz.openlibm.y1.q00013.smt2	bwz	221b2a231bac4df84157e51295e9a8f4740d90cc
abstractable.bwz.openlibm.y1.q00022.smt2	bwz	56d55f7e2ed306b075d3a0e0083b88c198857d1d
abstractable.bwz.openlibm.y1.q00021.smt2	bwz	6ce47782f0c44db405db7f9d5ec8a60cc301add5
abstractable.bwz.openlibm.y1.q00011.smt2	bwz	b7dd78d9f0be77444931359564c41786f3894ce1
abstractable.bwz.openlibm.y1.q00035.smt2	bwz	1498a4d3233c5457ab5784ea70856f0b8844638b
abstractable.bwz.openlibm.y1.q00037.smt2	bwz	3907bea33dd78dd29ede0605452a75c17077c2c0
abstractable.bwz.openlibm.y1.q00043.smt2	bwz	c8b6e3effe3bc532a29c086416ee91717da19512
abstractable.bwz.openlibm.y1.q00039.smt2	bwz	5c23fc40c201c567d34db2aaf87a0717863fbede
abstractable.bwz.openlibm.y1.q00036.smt2	bwz	77e81835197d6c20c4a11220cd4fc2ac588e0e39
abstractable.bwz.openlibm.y1.q00032.smt2	bwz	e0114b7f32e036c90b11a0fccff38a108286b581
abstractable.bwz.openlibm.y1.q00042.smt2	bwz	269282463d0dad0506405412f3e178d9b6215d03
abstractable.bwz.openlibm.y1.q00040.smt2	bwz	43f8feb4fb9f6314b75064d858f40860f72358df
abstractable.bwz.openlibm.y1.q00034.smt2	bwz	9363ef4d4621b0857814049eef831a7e779599e3
abstractable.bwz.openlibm.y1.q00015.smt2	bwz	072b57461b40ce120ff670dff2ca89e37d3e9fba
abstractable.bwz.openlibm.y1.q00024.smt2	bwz	399d5d32d83806ec19e3ee7d73b801c85ce1b868
abstractable.bwz.openlibm.y1.q00014.smt2	bwz	9a8d0c21d5a0ab7c29152e3e57940c781711fcf9
abstractable.bwz.openlibm.y1.q00046.smt2	bwz	665439e8a4619fb1499f88e78d38246bbbbc2e93
abstractable.bwz.gsl.gsl_sf_expint_3_e.q00005.smt2	bwz	903dcf79870110bf5d3e8b791243b67f6b255988
abstractable.bwz.gsl.gsl_sf_eta.q00017.smt2	bwz	5e076bf348e125c8476fda8979b1d82cf3ffb072
abstractable.bwz.gsl.gsl_sf_eta.q00016.smt2	bwz	385f8218c0fdb5a4d4ee095d45ccb194888916d0
abstractable.bwz.gsl.gsl_sf_eta.q00015.smt2	bwz	33799688a1ec6d4156bd4c9b010d175092bbf7f3
abstractable.bwz.gsl.gsl_sf_eta.q00014.smt2	bwz	cc710c476c746b519955a58b88a8e34abe73ff2f
abstractable.bwz.gsl.gsl_sf_eta.q00013.smt2	bwz	3ef06f0058f70ad4f367f09fe9577cb9eb06fff3
abstractable.bwz.gsl.gsl_sf_eta.q00012.smt2	bwz	b03d17bcab74c11e9d865f7267cf985fb9827b26
abstractable.bwz.gsl.gsl_sf_eta.q00011.smt2	bwz	329aee60d7bd455b9ac00b8eafb8110ea3c1a99a
abstractable.bwz.gsl.gsl_sf_eta.q00010.smt2	bwz	3ce0b03865d709ae8f6b543d7be1e06ee156a6c9
abstractable.bwz.gsl.gsl_sf_eta.q00009.smt2	bwz	9aa7789b426fe61493a7d9ce3618f2255b7f10a6
abstractable.bwz.gsl.gsl_sf_eta.q00008.smt2	bwz	dfaa09ec8af963c20ff7cf0de4bb968daf32c0a8
abstractable.bwz.gsl.gsl_sf_eta.q00007.smt2	bwz	859c79a0a8dd29d4850c055608cf5a4d6be40f6a
abstractable.bwz.gsl.gsl_sf_eta.q00006.smt2	bwz	1d6da5a7a61c3c81bca377abc4703b5597953f94
abstractable.bwz.gsl.gsl_sf_eta.q00005.smt2	bwz	03fbba3bbf24769408bb3984210c0ad5802c6faf
abstractable.bwz.gsl.gsl_sf_eta.q00004.smt2	bwz	cc710c476c746b519955a58b88a8e34abe73ff2f
abstractable.bwz.gsl.gsl_sf_eta.q00003.smt2	bwz	05571076081227d4f305bfa1f19b813b2568ed87
abstractable.bwz.gsl.gsl_sf_eta.q00002.smt2	bwz	f5a79f37767a9a4abe549f8b560621e396bc678c
abstractable.bwz.gsl.gsl_sf_ellint_RJ_e.q00009.smt2	bwz	0dea56426be862f64e6b6a50e6a8e673f99df1df
abstractable.bwz.gsl.gsl_sf_ellint_RJ_e.q00008.smt2	bwz	f9106b8105755a47d687bf9114eb265426e33579
abstractable.bwz.gsl.gsl_sf_ellint_RJ_e.q00007.smt2	bwz	7347ef82ac5c5da7c5fe1aca32720096d4726638
abstractable.bwz.gsl.gsl_sf_ellint_RJ_e.q00006.smt2	bwz	7b3919fcd80b7aff2124a09fa200f1856da9ca0a
abstractable.bwz.gsl.gsl_sf_ellint_RJ_e.q00005.smt2	bwz	401499e1886099292114a241b0bea8edb205bb7f
abstractable.bwz.gsl.gsl_sf_ellint_RJ_e.q00004.smt2	bwz	dc50a2ce04e514888a3e45df194eb7ea414c67ae
abstractable.bwz.gsl.gsl_sf_ellint_Pcomp.q00010.smt2	bwz	6cac431b798f253379aea2776fa8824e603c8531
abstractable.bwz.gsl.gsl_sf_ellint_Pcomp.q00009.smt2	bwz	6afa3a3392eea104f702fd26abd811144becdfa5
abstractable.bwz.gsl.gsl_sf_ellint_Pcomp.q00008.smt2	bwz	984583c738bd130725002e58330331d06d74f7fc
abstractable.bwz.gsl.gsl_sf_ellint_Pcomp.q00007.smt2	bwz	4b4cbadb3c9cf2a679d850cac7aedcd022a9bd8a
abstractable.bwz.gsl.gsl_sf_ellint_Pcomp.q00006.smt2	bwz	599cde00877882828c62e5e029dde117a1e6e404
abstractable.bwz.gsl.gsl_sf_ellint_Pcomp.q00005.smt2	bwz	9f8017b45ca6658fa59d16631a8fd5219a463fef
abstractable.bwz.gsl.gsl_sf_ellint_Pcomp.q00004.smt2	bwz	e03ecd698c725266e8c9015a76c6ed6e0ff225f4
abstractable.bwz.gsl.gsl_sf_ellint_Pcomp.q00002.smt2	bwz	d55817ca01778f7e3505f717dfdfd2772d7d1908
abstractable.bwz.gsl.gsl_sf_ellint_D_e.q00002.smt2	bwz	ea85fe21e7ec1fec30786d9e955687ba3cbe0238
abstractable.bwz.gsl.gsl_sf_debye_5_e.q00008.smt2	bwz	6549d76b0d7c583b74a6c6f7c6fcb81f4f67eeb4
abstractable.bwz.gsl.gsl_sf_debye_5_e.q00006.smt2	bwz	6e31ed1e5af6b63d6657c28c4fe44798cc4aa9de
abstractable.bwz.gsl.gsl_sf_coupling_3j_e.q00069.smt2	bwz	8f2931eabf9f7058f5286870c746a6ce9594a14d
abstractable.bwz.gsl.gsl_sf_coupling_3j_e.q00066.smt2	bwz	1f7139ac144705e952ba70725876426ce3250218
abstractable.bwz.gsl.gsl_sf_coupling_3j_e.q00065.smt2	bwz	dbfb732c4ffa4d49478dae43e78f980595d96e61
abstractable.bwz.gsl.gsl_sf_coupling_3j_e.q00064.smt2	bwz	48de1bf8b61a0906920d3b31932357695c38a731
abstractable.bwz.gsl.gsl_sf_coupling_3j_e.q00063.smt2	bwz	e3dcc9bd225e9c8ef8ca535ab93d216ea49a74e6
abstractable.bwz.gsl.gsl_sf_coupling_3j_e.q00056.smt2	bwz	745286eeba7144c3e9f8b231a1908dd71aaad8be
abstractable.bwz.gsl.gsl_sf_coupling_3j_e.q00055.smt2	bwz	cea7ac5a2fe81e0d10013581b0a2a19f0d090fae
abstractable.bwz.gsl.gsl_sf_coupling_3j_e.q00054.smt2	bwz	0df2c42c79931e3f1a181f653264705a22928c78
abstractable.bwz.gsl.gsl_sf_coupling_3j_e.q00053.smt2	bwz	d9636c6aab231e173fd7461aba36b11719456faa
abstractable.bwz.gsl.gsl_sf_coupling_3j_e.q00046.smt2	bwz	e804dacd3f0361157a28d71b22aef27753fa2112
abstractable.bwz.gsl.gsl_sf_coupling_3j_e.q00045.smt2	bwz	d3f9ce991199d8ef7e8f0e9c219a76ce344dd0e9
abstractable.bwz.gsl.gsl_sf_coupling_3j_e.q00044.smt2	bwz	e7a6111774803cbe308e9e1b504876155f7acb6c
abstractable.bwz.gsl.gsl_sf_coupling_3j_e.q00043.smt2	bwz	80c3035936e13a0263a3c8e0557fd22b902427ba
abstractable.bwz.gsl.gsl_sf_coupling_3j_e.q00036.smt2	bwz	522d95b29b9e9873d609fdd39e0339d518de511c
abstractable.bwz.gsl.gsl_sf_coupling_3j_e.q00035.smt2	bwz	c38bd035d852a57f43be7703d8b59964dbad308a
abstractable.bwz.gsl.gsl_sf_coupling_3j_e.q00034.smt2	bwz	c9e34b5d0c8a099170ff8d7269832bce93f8ea21
abstractable.bwz.gsl.gsl_sf_coupling_3j_e.q00033.smt2	bwz	28a7775a6e21e7374fe7a765ba70c0964f810325
abstractable.bwz.gsl.gsl_sf_coupling_3j_e.q00026.smt2	bwz	14b8d8b53253151c524588949ff8ba229a22eb6b
abstractable.bwz.gsl.gsl_sf_coupling_3j_e.q00025.smt2	bwz	16e0847be62719feacde78df00bf350facf45428
abstractable.bwz.gsl.gsl_sf_coupling_3j_e.q00024.smt2	bwz	05f74f9e55ce0fe38bbde2cc81a21dc8096ff56a
abstractable.bwz.gsl.gsl_sf_coupling_3j_e.q00023.smt2	bwz	4d4d681ce7e236407a1bc5ce48cdcdecf17f86a4
abstractable.bwz.gsl.gsl_sf_coupling_3j_e.q00016.smt2	bwz	02f687293842331f34d589a12d898cfdeb9ae798
abstractable.bwz.gsl.gsl_sf_coupling_3j_e.q00015.smt2	bwz	eb2a9ee2f52eb253a9510159f2449fc13d2f1a30
abstractable.bwz.gsl.gsl_sf_coupling_3j_e.q00014.smt2	bwz	9295c5a56df5ea254c750b3864190016028aa2e9
abstractable.bwz.gsl.gsl_sf_coupling_3j_e.q00013.smt2	bwz	66fc78690de1536d6c2c067bfa609196db74c42c
abstractable.bwz.gsl.gsl_sf_conicalP_cyl_reg.q00012.smt2	bwz	936a2c94f41252b821a740cfbe38ff6f67f0174e
abstractable.bwz.gsl.gsl_sf_conicalP_cyl_reg.q00011.smt2	bwz	af2f7e14607d3135d15c73765dfa3112d88a9535
abstractable.bwz.gsl.gsl_sf_conicalP_cyl_reg.q00010.smt2	bwz	6110f2cb656e5d285afe0116eaac89d047aa1a3d
abstractable.bwz.gsl.gsl_sf_conicalP_cyl_reg.q00009.smt2	bwz	4ad1514cf498af704944c79681d7ecd0d88aba4c
abstractable.bwz.gsl.gsl_sf_bessel_Y1_e.q00009.smt2	bwz	22f8cd7e5ad6066c3bba6b9bc44bc0446c3a5cdd
abstractable.bwz.gsl.gsl_sf_bessel_Y1_e.q00008.smt2	bwz	32f8f3af41fc8b96351f6025774bc8d764019d2f
abstractable.bwz.gsl.gsl_sf_bessel_Kn_scaled_array.q00013.smt2	bwz	bb1e88dc8828df21cc05b869acf4cae57631469f
abstractable.bwz.gsl.gsl_sf_bessel_Kn_scaled_array.q00015.smt2	bwz	45be5cc65f5baf3dfc57182fed4f57f6cf02f161
abstractable.bwz.gsl.gsl_sf_bessel_Kn_scaled_array.q00017.smt2	bwz	2c918804647d5517a031bccdfcbcb97203fac5c1
abstractable.bwz.gsl.gsl_sf_bessel_Kn_scaled_array.q00018.smt2	bwz	82d71b6ee9d826bb8c69b792370f3f91d46cac0d
abstractable.bwz.gsl.gsl_sf_bessel_Kn_scaled_array.q00023.smt2	bwz	59f9a82224b7e2728b2331de20f21b4685583380
abstractable.bwz.gsl.gsl_sf_bessel_Kn_scaled_array.q00024.smt2	bwz	5e4b613363c975ccf55b7e626e5b9e39d74bb33b
abstractable.bwz.gsl.gsl_sf_bessel_Kn_scaled_array.q00025.smt2	bwz	20b4a049873f234d951bbb06b9d821602359db43
abstractable.bwz.gsl.gsl_sf_bessel_Kn_scaled_array.q00040.smt2	bwz	18e022df405e4b8711a65c2d3dbb1173e981af2b
abstractable.bwz.gsl.gsl_sf_bessel_Kn_scaled_array.q00028.smt2	bwz	41a3db10350a67007e6844a1fe17864e86696ee1
abstractable.bwz.gsl.gsl_sf_bessel_Kn_scaled_array.q00020.smt2	bwz	0b64d7bc09879f0508392fc3e252476fdf395bcb
abstractable.bwz.gsl.gsl_sf_bessel_Kn_scaled_array.q00021.smt2	bwz	0f82be60ca6cd211fdc5f589c2537736feeea711
abstractable.bwz.gsl.gsl_sf_bessel_Kn_scaled_array.q00022.smt2	bwz	23ad1d6437de42252e6f4874eb1133ef28191690
abstractable.bwz.gsl.gsl_sf_bessel_Kn_scaled_array.q00044.smt2	bwz	28f245348601fa7f01bb4535e352a404671ab9f0
abstractable.bwz.gsl.gsl_sf_bessel_Kn_scaled_array.q00041.smt2	bwz	cbed83adcd3f4d891c019975fc207ac99dcf83a6
abstractable.bwz.gsl.gsl_sf_bessel_Kn_scaled_array.q00050.smt2	bwz	e03316b54ceff795efe7248e187b9669c4966895
abstractable.bwz.gsl.gsl_sf_bessel_Kn_scaled_array.q00049.smt2	bwz	1badc482c37aaf7cb8bb1d81ad2102d868dd2dc1
abstractable.bwz.gsl.gsl_sf_bessel_Kn_scaled_array.q00047.smt2	bwz	542846ac13dbe35904410f403ceb0ebc430c4faa
abstractable.bwz.gsl.gsl_sf_bessel_Kn_scaled_array.q00046.smt2	bwz	a5f4ec40ecdf1851c5bea871dc06b446c716356a
abstractable.bwz.gsl.gsl_sf_bessel_Kn_scaled_array.q00034.smt2	bwz	5f94f43ed151be648ea3703238094fb11cdf7844
abstractable.bwz.gsl.gsl_sf_bessel_Kn_scaled_array.q00031.smt2	bwz	b7cf1766987d7462c147fc1520d3d567a0e65d8b
abstractable.bwz.gsl.gsl_sf_bessel_Kn_scaled_array.q00038.smt2	bwz	fa3ac58440211f66b5b1b62a57933cb7ed8f4afb
abstractable.bwz.gsl.gsl_sf_bessel_Kn_scaled_array.q00037.smt2	bwz	10caac5924dd10255087be24e29ab9e7d8fb149f
abstractable.bwz.gsl.gsl_sf_bessel_Kn_scaled_array.q00032.smt2	bwz	e7e9f9684028fb2c99f7cf720d859933fee21dee
abstractable.bwz.gsl.gsl_sf_bessel_Kn_scaled_array.q00043.smt2	bwz	ed4791735af0987c52b2b65d23961da0d4691e9e
abstractable.bwz.gsl.gsl_sf_bessel_Kn_scaled_array.q00051.smt2	bwz	88f5ad7be1295923ec2073ecbcbc1c141620f339
abstractable.bwz.openlibm.powf.q00019.smt2	bwz	bc3839930ed4c58db69b6381a2ea9f25809e744d
abstractable.bwz.openlibm.powf.q00018.smt2	bwz	0c4c300edd043e3f6d4ff2c51fbb251fec54d561
abstractable.bwz.openlibm.powf.q00017.smt2	bwz	3b3d49c237d93bac46bbe433c981ddf45f756ee1
abstractable.bwz.openlibm.powf.q00016.smt2	bwz	7e7793cb3188edae4a938a251ca6fbb0b0daae37
abstractable.bwz.openlibm.powf.q00015.smt2	bwz	7ea03d2c4f8a10684534b924369224e3303cc37d
abstractable.bwz.openlibm.nextafter.q00063.smt2	bwz	19e7fcdd082f87c34ca65e2f41065784777c8a33
abstractable.bwz.openlibm.nextafter.q00062.smt2	bwz	1cac5e87698f128cf052bc345601d5a58e14cc97
abstractable.bwz.openlibm.nextafter.q00058.smt2	bwz	488630d4a21ddecee843b1fd32ddbc6a52f753e8
abstractable.bwz.openlibm.nextafter.q00051.smt2	bwz	decf46f1bccd638807d7de4ede780d4d1f05cb09
abstractable.bwz.openlibm.nextafter.q00047.smt2	bwz	7f887a42f0b0bd7b9f9f10f7428f60a3b5d5f125
abstractable.bwz.openlibm.nextafter.q00035.smt2	bwz	b4efe726adf42c75c6f9dd07f05fef2a2b2a84ef
abstractable.bwz.openlibm.nextafter.q00034.smt2	bwz	9f7cd734ed9515b64393545ee8377b430a1f2f7b
abstractable.bwz.openlibm.nextafter.q00030.smt2	bwz	cdce6beae501879664b7f2f3a6893aade1d17547
abstractable.bwz.openlibm.nextafter.q00026.smt2	bwz	3730a71cd382d1a0f92c9e2e4f4e847dad9d9152
abstractable.bwz.openlibm.nextafter.q00020.smt2	bwz	7460b80cf9277c999a54fca5dbe24e83fef51384
abstractable.bwz.openlibm.nextafter.q00016.smt2	bwz	c868a5944977f209de7f3f6107f5a9af21ede571
abstractable.bwz.openlibm.nextafter.q00012.smt2	bwz	90fddf63d49d3e8c03cf5cbe0e2531cab7991c0b
abstractable.bwz.openlibm.jnf.q00011.smt2	bwz	7e4925ed99157cf03fea20fcb330ec176125f628
abstractable.bwz.openlibm.jnf.q00509.smt2	bwz	e5293d4f8749b90de4f44d9d5c728ddec9a9fb28
abstractable.bwz.openlibm.jnf.q00407.smt2	bwz	757d818a164be857ea581f6ba8b6e4ae951ed112
abstractable.bwz.openlibm.jnf.q00306.smt2	bwz	af983f831f6820f2b49605d413d8293e3fef94b4
abstractable.bwz.openlibm.jnf.q00204.smt2	bwz	50a502ad414d3e37077326c7b47e394a4d5a6825
abstractable.bwz.openlibm.jnf.q01003.smt2	bwz	2bb0414345b07d16541ba897b8a50fa6c3fe34a1
abstractable.bwz.openlibm.jnf.q00901.smt2	bwz	11b29935800efdb51d23e39aa7ff56c009883d75
abstractable.bwz.openlibm.jnf.q00800.smt2	bwz	4721afc1fb04934d1092629636055511ff12b81a
abstractable.bwz.openlibm.jnf.q00698.smt2	bwz	70c0aef3e70d99849511c09c4e1004d2b34bc687
abstractable.bwz.openlibm.jnf.q00597.smt2	bwz	ab70c97c1f5f5dae98694fdc4903a7705e4c8aac
abstractable.bwz.openlibm.jnf.q02436.smt2	bwz	cfd1926d13660852ab21af63a54d47cf27540969
abstractable.bwz.openlibm.jnf.q02335.smt2	bwz	53f3a61c0bd52d070a3c2e81b7568df8bc46843c
abstractable.bwz.openlibm.jnf.q02233.smt2	bwz	cddff29606563ca3102fa96fec8e984e7b61d250
abstractable.bwz.openlibm.jnf.q02132.smt2	bwz	6364593e7f90ea3e81e09fb7a0179c994c1d7e9e
abstractable.bwz.openlibm.jnf.q02030.smt2	bwz	f8ba348527394b4d015c8116c774857e37b463f6
abstractable.bwz.openlibm.jnf.q01929.smt2	bwz	0d2f9610e66a974807f19f6a7d3e52af332089bb
abstractable.bwz.openlibm.jnf.q01827.smt2	bwz	fdfbd59c8cbff3caca892356cf387cc0209cdf44
abstractable.bwz.openlibm.jnf.q01726.smt2	bwz	e08636ba1115096efe45846a30add9986de1b343
abstractable.bwz.openlibm.jnf.q01368.smt2	bwz	6e8db74b4f842e3cbfa2caf176e0386056393693
abstractable.bwz.openlibm.jnf.q01267.smt2	bwz	a03940abf87682241aa9a01cb6293c670d90b868
abstractable.bwz.openlibm.jnf.q01165.smt2	bwz	033acb0fadfb6413da4751f1bb5de926c17744aa
abstractable.bwz.openlibm.jnf.q01064.smt2	bwz	71cb8c5174f137177b3d0e74acbf9ad58295c549
abstractable.bwz.openlibm.jnf.q01640.smt2	bwz	9ed5c06929244e69e425400c88f537febc67a81a
abstractable.bwz.openlibm.jnf.q01539.smt2	bwz	3b9b077d9263cf16dd6abe466b93b50bbae53c84
abstractable.bwz.openlibm.jnf.q01437.smt2	bwz	cc393564b48da5d1fe449f08c7f02031a9945dc3
abstractable.bwz.openlibm.expf.q00019.smt2	bwz	1c0c8618778cd680123c75dfebb1d74909530061
abstractable.bwz.openlibm.expf.q00018.smt2	bwz	3755e17dc354d685e30766e0cf68a10cf889bdf4
abstractable.bwz.openlibm.expf.q00008.smt2	bwz	8e2d3c0c4350520ce6379dea9f1c298ed20f400c
abstractable.bwz.openlibm.expf.q00007.smt2	bwz	66d41b05c217f69244e43cd0c93ac8eedab0897d
abstractable.bwz.openlibm.expf.q00006.smt2	bwz	f188a00640816e44f07822d80b2d83d000c6729d
abstractable.bwz.openlibm.expf.q00003.smt2	bwz	c13e742b27dbfeb222b3838c2ab3751f4c0e6421
abstractable.bwz.openlibm.erff.q00025.smt2	bwz	da5ba4c0a0d23d2f3016b3750f4070afc3525d77
abstractable.bwz.openlibm.erff.q00024.smt2	bwz	db3059fdcc7bb72dd5496c731cb181b785c414f9
abstractable.bwz.openlibm.erff.q00023.smt2	bwz	3591fecdc19e5150c1146f9240119459f3348c54
abstractable.bwz.openlibm.erff.q00022.smt2	bwz	7b9216738c08b1374da7d9bbf2a424a9495574fe
abstractable.bwz.openlibm.erff.q00021.smt2	bwz	775e217708489aa2bce543f995d23d0bcd2cec85
abstractable.bwz.openlibm.erff.q00020.smt2	bwz	f34c15e4765ab47063338c2f7177593e74f016d1
abstractable.bwz.openlibm.erff.q00019.smt2	bwz	a2262e2101d20cc50e12b4065b2a91ace04cbe9d
abstractable.bwz.openlibm.erff.q00018.smt2	bwz	7fffa55ed91cc694a4c7beb9fb91a8b591ecc5b5
abstractable.bwz.openlibm.erff.q00017.smt2	bwz	7c5282c1c9356db982ae0c2c1a3bdb60c81b8082
abstractable.bwz.openlibm.erff.q00015.smt2	bwz	6b4bfdeee598da0f972d84641e311a6f5236c164
abstractable.bwz.openlibm.erff.q00014.smt2	bwz	6edc1b75b1aefe2146ebbe74df180304b0b71234
abstractable.bwz.openlibm.erff.q00013.smt2	bwz	833b28b65d8b53bf816e0b195554d89e87922cc7
abstractable.bwz.openlibm.erff.q00012.smt2	bwz	adee97174642bc9ec1c718f24210cf3b0c01f355
abstractable.bwz.openlibm.erff.q00011.smt2	bwz	312699db2b7149d9df11d0aa3fc387a392f67044
abstractable.bwz.openlibm.erff.q00010.smt2	bwz	565274a31ede97ca545b47a8abd25624f882e444
abstractable.bwz.openlibm.erff.q00009.smt2	bwz	9ef6c64daa15549f510df19777d71941597dfe99
abstractable.bwz.openlibm.erff.q00008.smt2	bwz	75ed2d0e081412bee5025fc2673cd68796c67d33
abstractable.bwz.openlibm.erff.q00007.smt2	bwz	f944dcd1c7d450ca81fa48e212b1f65b0dc98fe8
abstractable.bwz.openlibm.erff.q00006.smt2	bwz	21b79fcff97871935ea2574ea27f0c531e5d5762
abstractable.bwz.openlibm.erfcf.q00034.smt2	bwz	5b4e94bb8ca99143b2bc33a01afc4293b32aff9e
abstractable.bwz.openlibm.erfcf.q00035.smt2	bwz	0dc1bcb1cee0191e9762e911c8280b4a58317149
abstractable.bwz.openlibm.erfcf.q00033.smt2	bwz	cffab084d9d6c60a77d5cdb6595808407311bfb8
abstractable.bwz.openlibm.erfcf.q00007.smt2	bwz	357936ea0a92990c3159ba4d10d775a566de46d6
abstractable.bwz.openlibm.erfcf.q00023.smt2	bwz	9b9d1d7551e84f0282926122ed311fb146834205
abstractable.bwz.openlibm.erfcf.q00021.smt2	bwz	ff8a566e15b4c6106655f7fb7672664a6cc823e7
abstractable.bwz.openlibm.erfcf.q00008.smt2	bwz	61c63cb08cf2ef682c67a57fb83b266f6f09dcbe
abstractable.bwz.openlibm.erfcf.q00020.smt2	bwz	51222accb6cc8cdb51c32beb29da247cf6c86f60
abstractable.bwz.openlibm.erfcf.q00010.smt2	bwz	6ef1d50c59f3daeef37cb6f30defe4e1de8455d3
abstractable.bwz.openlibm.erfcf.q00024.smt2	bwz	35316011fae8bc5eb2c26e6643bcc5e087f7f146
abstractable.bwz.openlibm.erfcf.q00040.smt2	bwz	bf3611a2d1c454fce1e60fd2313fb48dbe0cb6e3
abstractable.bwz.openlibm.erfcf.q00037.smt2	bwz	5ee845a471b0d2a7b46de607f8e80dcc8383ac3f
abstractable.bwz.openlibm.erfcf.q00039.smt2	bwz	772ee7f6abaa857906218449343f2a35fe46cf56
abstractable.bwz.openlibm.erfcf.q00011.smt2	bwz	c0a8f5e96093c9c7ea1eefcb330b3574f5e8791b
abstractable.bwz.openlibm.erfcf.q00012.smt2	bwz	1e48805c1936f0a2aaa5e570ab2df1801302fcdb
abstractable.bwz.openlibm.erfcf.q00026.smt2	bwz	e6a804cd0a39a809da94d1a48c19dfac81d1b810
abstractable.bwz.openlibm.erfcf.q00016.smt2	bwz	9e406b1e55e63669a50838f2a9f1d63e1ab07491
abstractable.bwz.openlibm.erfcf.q00031.smt2	bwz	1de3cf08d473acdc0832490c995ad53c431847fc
abstractable.bwz.openlibm.erfcf.q00028.smt2	bwz	4f70c768f9975b94a8d45cf7112d23480f2fe580
abstractable.bwz.openlibm.erfcf.q00027.smt2	bwz	34db6d04a3ded501f206fe9ecc1e46b4c7d8dad4
abstractable.bwz.openlibm.erfcf.q00029.smt2	bwz	4f1a9d80c01bf59f51b2a1a93e22168f3da09338
abstractable.bwz.openlibm.erfcf.q00014.smt2	bwz	cb7d609df99ebbf3289dcd8497b7773d25c2f177
abstractable.bwz.openlibm.erfcf.q00013.smt2	bwz	4e5be29c6a5c748a648103273fd0d4248ed699b7
abstractable.bwz.openlibm.erfcf.q00017.smt2	bwz	12dba4f9f9be619f489320248b80e8f470619bae
abstractable.bwz.openlibm.erfcf.q00019.smt2	bwz	752dfd72923d03f4f14349523426f65d07cd4365
abstractable.bwz.openlibm.exp2.q00014.smt2	bwz	04696900bc09c8673a20b2efa103355548d6242b
abstractable.bwz.openlibm.exp2.q00013.smt2	bwz	df5e16582b941f0f37588dd474a1bd96843280b1
abstractable.bwz.openlibm.exp2.q00012.smt2	bwz	5626586e3328ddeb9e4d08adc9c210defc260db0
abstractable.bwz.openlibm.exp2.q00006.smt2	bwz	c6ce86e0151e5dd73660e45d38e8764573c200ec
abstractable.bwz.openlibm.exp2.q00005.smt2	bwz	4bb0419f83b7d60ecec127bb5056a8696249b0e3
abstractable.bwz.openlibm.exp2.q00004.smt2	bwz	4cd723eee8ebbc449e48621eac62dec9f8315a7c
abstractable.bwz.openlibm.exp2.q00003.smt2	bwz	cdb6229b6cea36cb42cc8721ed6b19c05d743604
abstractable.bwz.openlibm.atanh.q00003.smt2	bwz	8a7c74a5cc6030726886d86a36cea4e6064865a1
abstractable.bwz.openlibm.atanh.q00004.smt2	bwz	ca892a6075328c5f190b3c314bd0e5b6169261c3
abstractable.bwz.openlibm.atanh.q00007.smt2	bwz	23688014db6b6f24104e50001f41095058da2633
abstractable.bwz.openlibm.atanh.q00006.smt2	bwz	3b0bfa489b03df8d9e36fd842a7703eb101dc2be
abstractable.bwz.openlibm.atanh.q00008.smt2	bwz	8a8e795b27e9a50bd581e79d61f4d4c1826364da
abstractable.bwz.openlibm.atanh.q00011.smt2	bwz	1a621c87b1e1e2973bfadb3fa85358f01ecb599c
abstractable.bwz.openlibm.atanh.q00023.smt2	bwz	66196e18140f166aff21d90a5a9a4428bc4a2ce9
abstractable.bwz.openlibm.atanh.q00009.smt2	bwz	f3fbb72f88ed98291be70c6eb0d5c1f312d7f54b
abstractable.bwz.openlibm.atanh.q00024.smt2	bwz	59e569469f5f2116cc7ce8960e8d4f6e009b3e19
abstractable.bwz.openlibm.atanh.q00010.smt2	bwz	af3426c4a8199179e20aa418dbb9243a20350618
abstractable.bwz.openlibm.atanh.q00012.smt2	bwz	0390115cd78680260de9e87d871ca0d81cc2de20
abstractable.bwz.openlibm.atanh.q00017.smt2	bwz	2d888027efa42a8002c05cef0ce20a2ba50cd77e
abstractable.bwz.openlibm.atanh.q00013.smt2	bwz	b20904e9291f5129c83c4004c1fa6be3de24f036
abstractable.bwz.openlibm.atanh.q00033.smt2	bwz	5b93afcb1d81ab89d0189f40b92a8791b89cd8ef
abstractable.bwz.openlibm.atanh.q00026.smt2	bwz	70d606e365799a23e8781090bd226cd081e3b762
abstractable.bwz.openlibm.atanh.q00031.smt2	bwz	4277a0479835ece0eb011c3da653964d0711f67b
abstractable.bwz.openlibm.atanh.q00027.smt2	bwz	44a16da581f34fdf1c3045e7e1ef21790c9fb9b2
abstractable.bwz.openlibm.atanh.q00018.smt2	bwz	5d4d9fd75b47933c929d374e13ea5535e0451ffd
abstractable.bwz.openlibm.atanh.q00016.smt2	bwz	58dd06c2681b616e8028485353ac5358fcbd4c58
abstractable.bwz.openlibm.atanh.q00015.smt2	bwz	2145ab25590b2feae5c7d3b14aa3ee6f8c15277c
abstractable.bwz.openlibm.atanh.q00014.smt2	bwz	39bf9e1f98a36713cc1f8f10350721b666b6b503
abstractable.bwz.openlibm.atanh.q00022.smt2	bwz	ffb8f222d98a886bc5d8ffa16dc0e7bc3b25a1c1
abstractable.bwz.openlibm.atanh.q00032.smt2	bwz	80d2bc967eae85a7c92bb01c398c8f79adda02ce
abstractable.bwz.openlibm.atanh.q00030.smt2	bwz	22bac345d19c33f766c773eaac855f1f95cb84cb
abstractable.bwz.openlibm.atanh.q00029.smt2	bwz	f46189790e2adf51ba62a98fe4feba24b84e4ed3
abstractable.bwz.openlibm.lgammaf_r.q00044.smt2	bwz	9e752b1c1ded83c65563df997418fb489cd99e63
abstractable.bwz.openlibm.lgammaf_r.q00043.smt2	bwz	9ee38c2cf18bc05c5d8384375d38b867ff5ac453
abstractable.bwz.openlibm.lgammaf_r.q00042.smt2	bwz	741caf11c4b74c4982be292446ac89c6795b5d85
abstractable.bwz.openlibm.lgammaf_r.q00041.smt2	bwz	32b0c47a0e509c65081b9b0c72ecb8a1d7759584
abstractable.bwz.openlibm.lgammaf_r.q00040.smt2	bwz	9c941ef9e15f32e7c7bd6183909906562f25d8e7
abstractable.bwz.openlibm.lgammaf_r.q00039.smt2	bwz	fc7eee31dd15d18d12823b86bfcbcaecf71650c9
abstractable.bwz.openlibm.lgammaf_r.q00038.smt2	bwz	1fb12974db7783c01624913d15ecfcb9b58da80d
abstractable.bwz.openlibm.lgammaf_r.q00037.smt2	bwz	419403e9d98f394dfcb5e52f5009466b4e80df3d
abstractable.bwz.openlibm.lgammaf_r.q00036.smt2	bwz	ed49caea745a3fd54929f609f47692de583b4f24
abstractable.bwz.openlibm.lgammaf_r.q00035.smt2	bwz	595d12cb5d2ad27673b7bcaca163dabb460b57ee
abstractable.bwz.openlibm.lgammaf_r.q00034.smt2	bwz	2c580d035b99c90606d05321371004b55fc6cac2
abstractable.bwz.openlibm.lgammaf_r.q00033.smt2	bwz	937a95919c59bcd15408b7aa53ae53d3ba576241
abstractable.bwz.openlibm.lgammaf_r.q00032.smt2	bwz	c2e18f374b99cbb01f89b9e141556fdb89616bc7
abstractable.bwz.openlibm.lgammaf_r.q00031.smt2	bwz	6575e76fb29b929577211501f5d52d87914c6936
abstractable.bwz.openlibm.lgammaf_r.q00024.smt2	bwz	c54fc25a439adfb5721a373b5c3d5b1d8425c326
abstractable.bwz.openlibm.lgammaf_r.q00023.smt2	bwz	0cc651cb57db477aad6afda3608822c6b5556388
abstractable.bwz.openlibm.lgammaf_r.q00022.smt2	bwz	7d3edd77078b7ca88b8c9a1caabd49c88ebbae06
abstractable.bwz.openlibm.lgammaf_r.q00021.smt2	bwz	2b8ea844651cbb8cbe67cac88a33013898cd9fef
abstractable.bwz.openlibm.lgammaf_r.q00020.smt2	bwz	17071f88567b7b9c0ee1ab5c0a0d56980d7f25db
abstractable.bwz.openlibm.j1.q00026.smt2	bwz	80656eef1395b7e6ca081eb46258ddf69a009d33
abstractable.bwz.openlibm.j1.q00025.smt2	bwz	fb32fdd21f66c3321c9a8d0b0e9100591fee9374
abstractable.bwz.openlibm.j1.q00024.smt2	bwz	07657f1669d6a1c44c2dfcddd25cd1cf331139a9
abstractable.bwz.openlibm.j1.q00023.smt2	bwz	ad755c8bb4d0ec7377ee0be115e768f67e3a2c7b
abstractable.bwz.openlibm.j1.q00022.smt2	bwz	8331482fc473762ce126b323fb97bcb059189214
abstractable.bwz.openlibm.j1.q00021.smt2	bwz	1c733a44f2591d87cfd3ec6f6ec49c5e21d3ca7a
abstractable.bwz.openlibm.j1.q00020.smt2	bwz	1a93a56c4bda8060b77ad58cce213189bbeb9e3a
abstractable.bwz.openlibm.j1.q00019.smt2	bwz	411b578d47fda9fd7c5706a58c25d953bbb38c08
abstractable.bwz.openlibm.j1.q00018.smt2	bwz	59b7cbdc8ea78e3f7d79245963e44ef1a437fe35
abstractable.bwz.openlibm.j1.q00017.smt2	bwz	2192bd390e16529d6a5096430d7a4f465eee4048
abstractable.bwz.openlibm.j1.q00016.smt2	bwz	09ffc3950411660807dd620fff3467ed01350e66
abstractable.bwz.openlibm.j1.q00015.smt2	bwz	7e95e0f9c606cf2f09adfe2444679ec722ff367d
abstractable.bwz.openlibm.j1.q00014.smt2	bwz	59937dd520fef80f7745646623df803daa965e5e
abstractable.bwz.openlibm.j1.q00013.smt2	bwz	0abfe55b96ecec90f30ce3a352d5ce5cb3b822cd
abstractable.bwz.openlibm.j1.q00012.smt2	bwz	8c397b185470976e0573db26a95765d324f5f4bc
abstractable.bwz.openlibm.j1.q00011.smt2	bwz	f371c8bd144a75ac7ff876f8ffe042116e122d2d
abstractable.bwz.openlibm.j1.q00010.smt2	bwz	bcbafe37da9d0908988bb41d24ff0f5c3816558c
abstractable.bwz.openlibm.j1.q00009.smt2	bwz	add096a13c8acc8406cad180df4d00a8b2644c0e
abstractable.bwz.openlibm.j1.q00003.smt2	bwz	99aa5145a60f1f9d72204492ccf11d859ded4a50
abstractable.bwz.cxsparse.cs_di_lusol.q00006.smt2	bwz	fe2cff2abbed3e1b15c7168b863c7f52ce66ffcf
abstractable.bwz.cxsparse.cs_di_lusol.q00017.smt2	bwz	63ecced48f3a700ed7b8085712be4b6de17b8960
abstractable.bwz.cxsparse.cs_di_lusol.q00011.smt2	bwz	ebe5a86093facea2b91a7666624a50c1711d37e9
abstractable.bwz.cxsparse.cs_di_lusol.q00040.smt2	bwz	647d6fa72d415a03587fc30a6b7711cf01f2358b
abstractable.bwz.cxsparse.cs_di_lusol.q00014.smt2	bwz	3972825860b63683feec2a9e6ac3ace0c7a0f462
abstractable.bwz.cxsparse.cs_di_lusol.q00044.smt2	bwz	ab84264ec1e83be147b5d89e2a500e2d56b7a23f
abstractable.bwz.cxsparse.cs_di_lusol.q00071.smt2	bwz	637cc54e8c48e8c61ad5cec8afc05a6099985513
abstractable.bwz.cxsparse.cs_di_lusol.q00023.smt2	bwz	b8cd3478639c4258b8eee1894d1a7270c792bad8
abstractable.bwz.cxsparse.cs_di_lusol.q00053.smt2	bwz	1339753f248a4143c770efcb7f2d3ca997ff5fe0
abstractable.bwz.cxsparse.cs_di_lusol.q00030.smt2	bwz	df0f7962d8a9c177bba241750915cd3eedba2715
abstractable.bwz.cxsparse.cs_di_lusol.q00061.smt2	bwz	f1de3b09dcb63340cbedf82f6d6744fbd5f833a6
abstractable.bwz.cxsparse.cs_di_lusol.q00048.smt2	bwz	2cb4092d6326de4fa80a7cb78aa4f9988d293aa9
abstractable.bwz.cxsparse.cs_di_lusol.q00056.smt2	bwz	591cf884abebd90cfc088c1cfc2e056ec62627da
abstractable.bwz.cxsparse.cs_di_lusol.q00058.smt2	bwz	287434f01715e2b542012f0858c90fee7d5fd6ed
abstractable.bwz.cxsparse.cs_di_lusol.q00080.smt2	bwz	324c625ba84871b6ce2c25d2ca6383c1dc7f453f
abstractable.bwz.cxsparse.cs_di_lusol.q00062.smt2	bwz	d5ccefd1e78809440a0ab59513cf366f86ddb688
abstractable.bwz.cxsparse.cs_di_lusol.q00033.smt2	bwz	99c4823aa71c7483e07e527b5037f09b4d75ade2
abstractable.bwz.cxsparse.cs_di_lusol.q00105.smt2	bwz	b373f0875b5a044be0af72382418e134edde18b4
abstractable.bwz.cxsparse.cs_di_lusol.q00047.smt2	bwz	8296d2844d0c7b1d10deccb348b7d6d1c7d681ad
abstractable.bwz.cxsparse.cs_di_lusol.q00084.smt2	bwz	42c04cf27d58796a8bec26bdb2ad8814f2136a66
abstractable.bwz.cxsparse.cs_di_lusol.q00066.smt2	bwz	1f1cbe5a1dd25f19472e99030b01e6939ca724f9
abstractable.bwz.cxsparse.cs_di_lusol.q00095.smt2	bwz	a9b165f05c1a0557a6a982e99b571cddf8ea3ed3
abstractable.bwz.cxsparse.cs_di_lusol.q00035.smt2	bwz	da22ba3d81cd69dffad5549e6683ee0fd5c510d2
abstractable.bwz.cxsparse.cs_di_lusol.q00106.smt2	bwz	5e044b24cd941a9b32466f95a27ca925a4f6b222
abstractable.bwz.cxsparse.cs_di_lusol.q00109.smt2	bwz	2f89ec231e1f48a7b20629a1f952ebe0d34d3676
abstractable.bwz.cxsparse.cs_di_cholsol.q00005.smt2	bwz	b2234505dc08c421cb26de9a893da8d06fa20550
abstractable.bwz.cxsparse.cs_di_cholsol.q00004.smt2	bwz	5da61e0bb5b43ae8e9b69c545ded12fe720b14ed
abstractable.bwz.cxsparse.cs_di_cholsol.q00003.smt2	bwz	b839fab8d1c3cc36938b7a085b90c1e7abcfb093
abstractable.bwz.cxsparse.cs_di_house.q00014.smt2	bwz	5db486df5f4ce9df8ccf9dbe98766345e141b228
abstractable.bwz.cxsparse.cs_di_house.q00013.smt2	bwz	cf9389db1dd9bbbb97dab83bf3e86ec7868bf7e0
abstractable.bwz.cxsparse.cs_di_house.q00012.smt2	bwz	2b6f19681e03ac00f1b5d8c5527a9f68739856e4
abstractable.bwz.cxsparse.cs_di_house.q00007.smt2	bwz	0cec0782874578faa31529a6d5805576fd3ed431
abstractable.bwz.cxsparse.cs_di_lu.q00006.smt2	bwz	fe2cff2abbed3e1b15c7168b863c7f52ce66ffcf
abstractable.bwz.cxsparse.cs_di_lu.q00017.smt2	bwz	63ecced48f3a700ed7b8085712be4b6de17b8960
abstractable.bwz.cxsparse.cs_di_lu.q00011.smt2	bwz	ebe5a86093facea2b91a7666624a50c1711d37e9
abstractable.bwz.cxsparse.cs_di_lu.q00040.smt2	bwz	647d6fa72d415a03587fc30a6b7711cf01f2358b
abstractable.bwz.cxsparse.cs_di_lu.q00014.smt2	bwz	3972825860b63683feec2a9e6ac3ace0c7a0f462
abstractable.bwz.cxsparse.cs_di_lu.q00044.smt2	bwz	ab84264ec1e83be147b5d89e2a500e2d56b7a23f
abstractable.bwz.cxsparse.cs_di_lu.q00071.smt2	bwz	637cc54e8c48e8c61ad5cec8afc05a6099985513
abstractable.bwz.cxsparse.cs_di_lu.q00059.smt2	bwz	1b6b8c946c7f415856b6cd0998e60db1fc02ed80
abstractable.bwz.cxsparse.cs_di_lu.q00043.smt2	bwz	eab27e5731fc56fc1346a091b93316edfe7bb2e3
abstractable.bwz.cxsparse.cs_di_lu.q00028.smt2	bwz	9d2bacf3763b0632a4e2de74cf10552e6dca212e
abstractable.bwz.cxsparse.cs_di_lu.q00045.smt2	bwz	5c2026da57f7b76bf1902fd682fa02ba35b84f48
abstractable.bwz.cxsparse.cs_di_lu.q00046.smt2	bwz	6919e914ed09548a8e5eddd43d6c73a1b168181b
abstractable.bwz.cxsparse.cs_di_lu.q00054.smt2	bwz	1cc885452e8e6b1765e7a88e16467732653d729c
abstractable.bwz.cxsparse.cs_di_lu.q00025.smt2	bwz	083864ef1e785f477aaa4871ab8cb392d6d3b481
abstractable.bwz.cxsparse.cs_di_lu.q00031.smt2	bwz	d1c1bfbf1d7075549d43cd2b40ca24d3c1034fc5
abstractable.bwz.cxsparse.cs_di_lu.q00096.smt2	bwz	4f14aca5b058fcbac2cfda1dacddebee92b814e4
abstractable.bwz.cxsparse.cs_di_lu.q00103.smt2	bwz	1ea2d770fb55d53529cca83a6d3239244dd7b6d5
abstractable.bwz.cxsparse.cs_di_lu.q00038.smt2	bwz	48cbc2c5794f5804e623e0777f9c16b08b75ca26
abstractable.bwz.cxsparse.cs_di_lu.q00083.smt2	bwz	176860b0622e0d23f9c8443582fbf0fa51f55e13
abstractable.bwz.cxsparse.cs_di_lu.q00086.smt2	bwz	46111e4080422ba357f5f81a47840eaaa6608cb7
abstractable.bwz.cxsparse.cs_di_lu.q00063.smt2	bwz	7a309e344339108e7586376ee026509bf549f17a
abstractable.bwz.cxsparse.cs_di_lu.q00039.smt2	bwz	72a5096d0fe18c62e0353739b644aed103944025
abstractable.bwz.cxsparse.cs_di_lu.q00097.smt2	bwz	e2874b8f46e09870184582dbaeb2a9f86209a77f
abstractable.bwz.cxsparse.cs_di_lu.q00107.smt2	bwz	7152729810a0b0aa57486d7d5ac4512b88e99159
abstractable.bwz.cxsparse.cs_di_lu.q00111.smt2	bwz	01a8ef626d0a7b5c74047ad4bcf3b40cdd485bef
abstractable.bwz.cxsparse.cs_di_qrsol.q00004.smt2	bwz	bde9028f2a366825b03d5d170653d595ea1fa5ad
abstractable.bwz.cxsparse.cs_di_qrsol.q00003.smt2	bwz	66b1a2b9ad06d92aced485f1800ca008d5ccd5e7
abstractable.bwz.cxsparse.cs_di_qrsol.q00002.smt2	bwz	b2d2fd2247f76a91ab7cb4b36a67d0fbf5dded2f
abstractable.bwz.cxsparse.cs_di_qrsol.q00001.smt2	bwz	0cec0782874578faa31529a6d5805576fd3ed431
abstractable.bwz.openlibm.cosf.q00027.smt2	bwz	c0a475b1bdfe42f528b4066cc73d04f771b9384e
abstractable.stp.f2clapack-f64.dgetf2_.q.0069.smt2	stp	11092565e4a6f99138f742416d0560b67cc59571
abstractable.stp.f2clapack-f64.dgetf2_.q.0074.smt2	stp	7c559b0bf8e3e7c8ad9d75359208b6b875467ca7
abstractable.stp.f2clapack-f64.dgetf2_.q.0094.smt2	stp	9acb05d397f9cb764b517711c6c4520023b7ea5d
abstractable.stp.f2clapack-f64.dgetf2_.q.0093.smt2	stp	803b0ef62252a7944a7bcba842a6208fea13bdde
abstractable.stp.f2clapack-f64.dgetf2_.q.0097.smt2	stp	9526ea7c4ebc7f5fd5c198d184439560e6059766
abstractable.stp.f2clapack-f64.dgetf2_.q.0100.smt2	stp	ef878b3b4f9cc427d255fbbfdfba65975cfc98a2
abstractable.stp.f2clapack-f64.dgetf2_.q.0028.smt2	stp	801883aaafda7ee5d10d029c4af0e5fba18c90dd
abstractable.stp.f2clapack-f64.dgetf2_.q.0055.smt2	stp	99aae1f1b3d5bd952c829bc5cf87ed573b4d41da
abstractable.stp.f2clapack-f64.dgetf2_.q.0075.smt2	stp	
abstractable.stp.f2clapack-f64.dgetf2_.q.0082.smt2	stp	
abstractable.stp.f2clapack-f64.dgetf2_.q.0081.smt2	stp	
abstractable.stp.f2clapack-f64.dgetf2_.q.0102.smt2	stp	d20940fdfa738e50e0035097ead97448b8666221
abstractable.stp.f2clapack-f32.sgecon_.q.0024.smt2	stp	338929594a007b30b1149c892faa7fea8928af03
abstractable.stp.f2clapack-f32.sgecon_.q.0005.smt2	stp	6d6351abc99678893967f40e394eb144549c0603
abstractable.stp.f2clapack-f32.sgecon_.q.0010.smt2	stp	c83a645ea62d901847d51d36ff50538d243de16c
abstractable.stp.f2clapack-f32.sgecon_.q.0011.smt2	stp	c9cf61e91fc61cf40602cfcdb5d042184d6cb074
abstractable.bwz.openlibm.cosf.q00026.smt2	bwz	2f240014b47661696233d34d78df6b29c200676d
abstractable.bwz.openlibm.cosf.q00025.smt2	bwz	0e1aba8d88dc3ec08100f7e4f4ab73e4f298be1a
abstractable.bwz.openlibm.cosf.q00024.smt2	bwz	4a636083625ab48e88ad58b2f17844ac547500a5
abstractable.bwz.openlibm.cosf.q00023.smt2	bwz	8853e1b9d45e31551fd9f41467b5ebab1b32d4c3
abstractable.bwz.openlibm.cosf.q00022.smt2	bwz	03c1b6f23bdfc748671a142ebac556fddf967c25
abstractable.bwz.openlibm.cosf.q00021.smt2	bwz	9c51ba1cdb5daca132d23a8a15dbd70bf7c08c9a
abstractable.bwz.openlibm.cosf.q00020.smt2	bwz	a65bfc513173fb4a11fae68b1de48769c38b094d
abstractable.bwz.openlibm.cosf.q00019.smt2	bwz	51d0d9a9c68e27c41d0b9c2ba0deba1e0cf79f7c
abstractable.bwz.openlibm.cosf.q00018.smt2	bwz	15453b8263c7a73abc4f8ae2dcfd211ffb4af291
abstractable.bwz.openlibm.cosf.q00017.smt2	bwz	4d068202fdefea8ff2679b8b4c976825c75657c1
abstractable.bwz.openlibm.cosf.q00016.smt2	bwz	be3c5333ba8d551f9469f5e233bee49e5708d9ea
abstractable.bwz.openlibm.cosf.q00015.smt2	bwz	59bb201197080d9f4665266705d41d23194e7290
abstractable.bwz.openlibm.cosf.q00014.smt2	bwz	68cd8d73d724e90a8d7419b6dbb4d791c94e10bc
abstractable.bwz.openlibm.atan2f.q00082.smt2	bwz	8e60099b0061fc81790247f174700e00ed716f79
abstractable.bwz.openlibm.atan2f.q00011.smt2	bwz	bde1679e4c31aa1ca7e10e730ca8d923fa0e5a4b
abstractable.bwz.openlibm.atan2f.q00042.smt2	bwz	c4dce49aa0c1e40d7ef3576c8d0fe46601c60a6b
abstractable.bwz.openlibm.atan2f.q00012.smt2	bwz	728e1e4eea11fb42135a1ad87b80eb064c6a294a
abstractable.bwz.openlibm.atan2f.q00044.smt2	bwz	b7a3dbcb135424c97601fd59dec9776daf61d9b8
abstractable.bwz.openlibm.atan2f.q00046.smt2	bwz	23fe344b6584f938f20e5f472ffb994ed9a2acf4
abstractable.bwz.openlibm.atan2f.q00014.smt2	bwz	114577d9f0ab2a17f8bf740e2e08cf13ce202b35
abstractable.bwz.openlibm.atan2f.q00023.smt2	bwz	575b0bed70c9e40eab505a12a7d53c4826ab2fb9
abstractable.bwz.openlibm.atan2f.q00032.smt2	bwz	ce5be9aff831549c07f162c66c0147edb062895f
abstractable.bwz.openlibm.atan2f.q00037.smt2	bwz	b9e36f115162a11e8c34d172e288239fa62d36f0
abstractable.bwz.openlibm.atan2f.q00019.smt2	bwz	6bff1284379c179755d8a52afc2e0f9dd621acef
abstractable.bwz.openlibm.atan2f.q00030.smt2	bwz	1a7d9e153da5950a8ccf28eb46caa25452406831
abstractable.bwz.openlibm.atan2f.q00024.smt2	bwz	3184d8765e03305c2782ff29b43566aeddbd166d
abstractable.bwz.openlibm.atan2f.q00020.smt2	bwz	d557e9c9fff652e62dbfe64600b836adefda126d
abstractable.bwz.openlibm.atan2f.q00026.smt2	bwz	649e2cf0b739d4dd304ecd07889d7609fec6f468
abstractable.bwz.openlibm.atan2f.q00025.smt2	bwz	c3ee1d61e34628ace74b2e39a7a5dbac4bca7d86
abstractable.bwz.openlibm.atan2f.q00017.smt2	bwz	c4f290f50c5eb604b7f366831505e6a695b1b97c
abstractable.bwz.openlibm.atan2f.q00016.smt2	bwz	3affcd42a748e981d734afc3adb22085ea4d692d
abstractable.bwz.openlibm.atan2f.q00038.smt2	bwz	f90857698b86a4cd8b4c37e2d7175b159a31da00
abstractable.bwz.openlibm.atan2f.q00033.smt2	bwz	268e6322ff7f9ae3b6b32b25ddcfc70e45cee41b
abstractable.bwz.openlibm.atan2f.q00022.smt2	bwz	d5b876bd52ddda8bc27bbcf7f6f37910a22f755d
abstractable.bwz.openlibm.atan2f.q00040.smt2	bwz	437ddce9d0dfe8e2db4cf182c19a80c3c5395b9e
abstractable.bwz.openlibm.atan2f.q00018.smt2	bwz	12261914432b9433f3485526bbd577cd4e978cb1
abstractable.bwz.openlibm.atan2f.q00035.smt2	bwz	d2549806f593c2f4a005075a2e55d387060fd695
abstractable.bwz.openlibm.atan2f.q00041.smt2	bwz	6842e99ac6b67c800cdb649b93c5385d40ddd52d
abstractable.bwz.openlibm.asinf.q00003.smt2	bwz	1b188c5a3a316aaa9f5fb896b20d9518306f731d
abstractable.bwz.openlibm.atan2.q00082.smt2	bwz	495f7719b9714d16c79e400592d46a1e4923d0a2
abstractable.bwz.openlibm.atan2.q00011.smt2	bwz	d985fe772d5a93831845f4692acb57ec5f6846bd
abstractable.bwz.openlibm.atan2.q00012.smt2	bwz	16d939b38e398697c2cee53b1a9b276a2c7ac7f9
abstractable.bwz.openlibm.atan2.q00043.smt2	bwz	50708e935ab8f7c75e35a8aff85fe214b57acac3
abstractable.bwz.openlibm.atan2.q00042.smt2	bwz	f308435a8a0ea1e62c1e845d311e0207e8f1d42f
abstractable.bwz.openlibm.atan2.q00014.smt2	bwz	7cd761286aaf3c53b5b49e98df349b86ed837968
abstractable.bwz.openlibm.atan2.q00044.smt2	bwz	6a87cb1f878a025a9f5700c97b3987136eab47e0
abstractable.bwz.openlibm.atan2.q00046.smt2	bwz	6f32b24cb208871cc45b14cfcbc33f4cbd748ac9
abstractable.bwz.openlibm.atan2.q00032.smt2	bwz	de20a70c75c9e041b7ce4d47b425cfc8940d66a0
abstractable.bwz.openlibm.atan2.q00047.smt2	bwz	87c020a9f5d1e671fe7cd5110f47e8fe76156d79
abstractable.bwz.openlibm.atan2.q00019.smt2	bwz	d67a5d69c8c07d0c16db1fcd5c433bd8465d7747
abstractable.bwz.openlibm.atan2.q00030.smt2	bwz	843128d411f35a27cee695a44455b25a2e7d9c1e
abstractable.bwz.openlibm.atan2.q00024.smt2	bwz	ca4b53587810bfb122348aa485cead15501a69db
abstractable.bwz.openlibm.atan2.q00020.smt2	bwz	f77e3c1e8aae2d1e84514994784b5edf06c7f1c8
abstractable.bwz.openlibm.atan2.q00026.smt2	bwz	f43730605f88742b9edfbd3fb106904173e9ba0d
abstractable.bwz.openlibm.atan2.q00025.smt2	bwz	f33a4358f50bd76a09a7acc5d68e5ee1d57174c7
abstractable.bwz.openlibm.atan2.q00017.smt2	bwz	24ccb1abc020631d9a994bcc09a2dcf964216c2e
abstractable.bwz.openlibm.atan2.q00016.smt2	bwz	6aa757327426bec104bfc3ae0ca772d9d986eb00
abstractable.bwz.openlibm.atan2.q00027.smt2	bwz	858a681b264793e084d206971063027be33efa5a
abstractable.bwz.openlibm.atan2.q00022.smt2	bwz	c312b2e4ce3157fccdda1db1f11041d119e13f54
abstractable.bwz.openlibm.atan2.q00037.smt2	bwz	c2542d9e3747f4fd5513863736df393100eac971
abstractable.bwz.openlibm.atan2.q00033.smt2	bwz	baace75c9e5251e2959fe6d7d38bc777d542d5a5
abstractable.bwz.openlibm.atan2.q00038.smt2	bwz	2f81505d3f6feac1342cd8ba27b08aaf82d9ef1e
abstractable.bwz.openlibm.atan2.q00035.smt2	bwz	f7b1b79e461b45d8f7a2dcf18dfc9aa0fb830530
abstractable.bwz.openlibm.atan2.q00040.smt2	bwz	7191465aaa156661e333124bbdaa5d6d23363c90
abstractable.bwz.blis.bli_trsm.q00005.smt2	bwz	bbc2e3da1acab2b2a82132ad106e7eb20d03ef1b
abstractable.bwz.blis.bli_trmm3.q00009.smt2	bwz	9e074b4c8954d42a7352f891517df4fec7a61339
abstractable.bwz.blis.bli_trmm3.q00008.smt2	bwz	a16f0ea661b4119e8fcf5552f7ec04c5f055ff3e
abstractable.bwz.blis.bli_trmm3.q00007.smt2	bwz	157c59a8445d7752e011914515b5c603a3f3a383
abstractable.bwz.blis.bli_normfm.q00050.smt2	bwz	787ebf3de7223b0b7ef67a22650e0c0bee4e9147
abstractable.bwz.blis.bli_normfm.q00072.smt2	bwz	894f70422da774ad9659f23174a432b8674446d0
abstractable.bwz.blis.bli_normfm.q00023.smt2	bwz	99ea757deffbc6ccd5decbf0cce29f65d97f1504
abstractable.bwz.blis.bli_normfm.q00054.smt2	bwz	d2b76502c09fed592266b401d519f373edc5cde7
abstractable.bwz.blis.bli_normfm.q00115.smt2	bwz	e34b85126509cc72cfc809e4c98668383c4043ed
abstractable.bwz.blis.bli_normfm.q00060.smt2	bwz	9aeea9e4ce53875aec3e0c11db923e590875b603
abstractable.bwz.blis.bli_normfm.q00092.smt2	bwz	2d836e1434fedaa0cd37e174979e55a1fd7a4fb8
abstractable.bwz.blis.bli_normfm.q00056.smt2	bwz	576d5fec0630dfeca09a3dd96fe51a2c88cfab15
abstractable.bwz.blis.bli_normfm.q00094.smt2	bwz	8a44521e26c071a18a2746512b3df7bdeb8c9a6a
abstractable.bwz.blis.bli_normfm.q00057.smt2	bwz	d0d09d1273394e580a2027b2550b429e6a3f6eff
abstractable.bwz.blis.bli_normfm.q00058.smt2	bwz	50d32280e2e165c83a83912e053ddb69faeb4c04
abstractable.bwz.blis.bli_normfm.q00110.smt2	bwz	6f00182b1f9e6b74df06d93c80473dfbf2696d21
abstractable.bwz.blis.bli_gemv.q00004.smt2	bwz	31fa193aa738158c6f6f5eeac78555bf717a5460
abstractable.bwz.blis.bli_gemv.q00032.smt2	bwz	d0357fde1fd00666b0285ae33a42fd4346df3102
abstractable.bwz.blis.bli_gemv.q00033.smt2	bwz	6099260b462c963e9301c83c7e84d5896f15f29f
abstractable.bwz.blis.bli_gemv.q00068.smt2	bwz	5b92d7737ded6137fcb8bdece84f030a7339d87c
abstractable.bwz.blis.bli_gemv.q00060.smt2	bwz	941b409513ed75d6120033006036bb1be1437953
abstractable.bwz.blis.bli_gemv.q00051.smt2	bwz	f189b5cc56634196079fcccf00771b26eef399f9
abstractable.bwz.blis.bli_gemv.q00061.smt2	bwz	76ba9db2b4ff3912a55effba7f85ba632ca35528
abstractable.bwz.blis.bli_gemv.q00043.smt2	bwz	271d60d6c92b97795ef9ac4f38ab5a5d818bcf78
abstractable.bwz.blis.bli_gemv.q00009.smt2	bwz	2b3b54ab633458ad5b13c0d5896e4f92010b1275
abstractable.bwz.blis.bli_gemv.q00074.smt2	bwz	bf0f2b8668c601cf0d18d193a8eec383a4ffd2a0
abstractable.bwz.blis.bli_gemv.q00066.smt2	bwz	bf7e332b950c3af12d1a11e0edcfcc4aed3a74df
abstractable.bwz.blis.bli_gemv.q00054.smt2	bwz	cba899bfcf5219b8c8aa8b5e3360d42447257aec
abstractable.bwz.blis.bli_gemv.q00075.smt2	bwz	e63657c420871a2b83674496a328f30809a2c27f
abstractable.bwz.blis.bli_gemv.q00057.smt2	bwz	00373027c77f41eb0e79ffe4bc2a8777f377d916
abstractable.bwz.blis.bli_gemv.q00028.smt2	bwz	69c6fe1ede22df8beac930f181106263c5e1d229
abstractable.bwz.blis.bli_gemv.q00062.smt2	bwz	0caf5f455306bf3fe8e4f95f2e5e498753a683d7
abstractable.bwz.blis.bli_normfm.q00017.smt2	bwz	ec5077882116040d048fa9e2529b1b7373e3ad39
abstractable.bwz.blis.bli_normfm.q00095.smt2	bwz	53cd44f45554bac0a0cd61833351993dd5c24300
abstractable.bwz.blis.bli_normfm.q00059.smt2	bwz	4db02a03f9e8f90898ca8133fda77ded7e1ddf59
abstractable.bwz.blis.bli_normfm.q00035.smt2	bwz	0091f8c96ea0d7b96d6209b86a213949b5ff30fa
abstractable.bwz.blis.bli_normfm.q00078.smt2	bwz	c8181dea4056888a3cc0978a4172e625511056d1
abstractable.bwz.blis.bli_normfm.q00032.smt2	bwz	b19232c8015d3cffd604c34cad713bbaf209a36c
abstractable.bwz.blis.bli_normfm.q00037.smt2	bwz	0f320c790d01b6761879770db6372ef6d88381db
abstractable.bwz.blis.bli_normfm.q00067.smt2	bwz	8f3d1f3764aa90cf9939d483b623495df33fe8d7
abstractable.bwz.blis.bli_normfm.q00081.smt2	bwz	daa74ae3b17fc83e6c5643f92cb6c97be997577c
abstractable.bwz.blis.bli_normfm.q00100.smt2	bwz	81efad9fcd202c9da30fba0dcd72fb147c167564
abstractable.bwz.blis.bli_normfm.q00086.smt2	bwz	2a1e28f6494b91fcfa80534f714ae718caf724c5
abstractable.bwz.blis.bli_normfm.q00101.smt2	bwz	c75f401c02d73ebbaf5e198519dd02c653111609
abstractable.bwz.blis.bli_normfm.q00106.smt2	bwz	1d542e087a6b93c3b43e5414f84e6f5efece4e6f
abstractable.bwz.blis.bli_gemm.q00007.smt2	bwz	9e074b4c8954d42a7352f891517df4fec7a61339
abstractable.bwz.blis.bli_gemm.q00006.smt2	bwz	a16f0ea661b4119e8fcf5552f7ec04c5f055ff3e
abstractable.bwz.blis.bli_gemm.q00005.smt2	bwz	157c59a8445d7752e011914515b5c603a3f3a383
abstractable.bwz.openlibm.lroundf.q00015.smt2	bwz	8d2a89366ad7cc7780e4ed0232c2a8a666dc4f55
abstractable.bwz.openlibm.lroundf.q00008.smt2	bwz	200b22509b175a14cb1eee1e14ff582d0d136673
abstractable.bwz.openlibm.lroundf.q00007.smt2	bwz	440950ed46a5749d472b0a4acd0e03af94ef78af
abstractable.bwz.openlibm.log1pf.q00033.smt2	bwz	62dc5a9b0b4a0411cfec53072800ef978272ab41
abstractable.bwz.openlibm.log1pf.q00032.smt2	bwz	e5a36f293b9daa50e7a3bb365a6aa9d43ddaa4e1
abstractable.bwz.openlibm.log1pf.q00031.smt2	bwz	44159685ea6ed1ea6ed444fb3d48c91b369a0b54
abstractable.bwz.openlibm.log1pf.q00030.smt2	bwz	dfe1cecf27870e48b75df28368eeef09e5c71705
abstractable.bwz.openlibm.log1pf.q00029.smt2	bwz	8caaceabdf2287ed5adc5547d45f4eb24dce0a18
abstractable.bwz.openlibm.log1pf.q00028.smt2	bwz	fddc920a459592748a4f0153e174844646fb725d
abstractable.bwz.openlibm.log1pf.q00027.smt2	bwz	5880e648d8338c984b6ed97af4f472d063216894
abstractable.bwz.openlibm.log1pf.q00026.smt2	bwz	5658e0caf31c392f83ffa02a1032dea89f66fef3
abstractable.bwz.openlibm.log1pf.q00025.smt2	bwz	362b675ca9b18bc5f9f64363efb3ac31bf33ae0d
abstractable.bwz.openlibm.log1pf.q00021.smt2	bwz	0d0616bf5e064e79856d8d156a979656d1054907
abstractable.bwz.openlibm.log1pf.q00020.smt2	bwz	cf6d50a76a1ae21ecf31cef9a8d7e045a9616773
abstractable.bwz.openlibm.log1pf.q00019.smt2	bwz	e4878e62ae473b04d23b33cc797c4ddfeaaf97a2
abstractable.bwz.openlibm.log1pf.q00018.smt2	bwz	97eb8b56c54db61e936e74b91edde7625b6c2596
abstractable.bwz.blis.bli_gemv.q00014.smt2	bwz	2ea5eb0c9bab807956bf61f27987675ad389bf14
abstractable.bwz.blis.bli_gemv.q00055.smt2	bwz	d144193d271e05b954b8cc414c9eb21be71e386d
abstractable.bwz.blis.bli_gemv.q00038.smt2	bwz	1dc412e6f1593642c3c02917b013d187a614d908
abstractable.bwz.blis.bli_gemv.q00065.smt2	bwz	03798eee5880726ed8427132cdf9ec08ca745091
abstractable.bwz.blis.bli_gemv.q00029.smt2	bwz	f09e81bf31633e0a396274eefe15f38494a9f92e
abstractable.bwz.blis.bli_gemv.q00012.smt2	bwz	cdb420c71ca44c27c12ab5b3fe0d825482588307
abstractable.bwz.blis.bli_gemv.q00015.smt2	bwz	35126b606f47d041d95d6d3b9cac6f88303bbfee
abstractable.bwz.blis.bli_gemv.q00045.smt2	bwz	93f6376209c951679f1bfa5b87413c43a642d95d
abstractable.bwz.blis.bli_gemv.q00037.smt2	bwz	253dc0b4e111f8c4207125c3db600d53d5fcba6a
abstractable.bwz.openlibm.pow.q00019.smt2	bwz	6ee1ab1f4dfa238b90d0e35ebb220e77fc3af23f
abstractable.bwz.openlibm.pow.q00018.smt2	bwz	6ddd1846ccc5aa66fd53bbe4f86d7d77ee78eed4
abstractable.bwz.openlibm.pow.q00017.smt2	bwz	efefe0747bb1b7ceaddfda2b430ab78545eda3f0
abstractable.bwz.openlibm.pow.q00016.smt2	bwz	1da537da136727869b4b9f4527ab8c75e58a0da4
abstractable.bwz.openlibm.pow.q00015.smt2	bwz	e398aa7b5dfe0698a3359ebf655070cddcb539e1
abstractable.bwz.openlibm.pow.q00014.smt2	bwz	b36984506078b10eaf688378b2fa87e4ba6752a2
abstractable.bwz.openlibm.lroundf.q00016.smt2	bwz	f7f79d1b95b48c63c1dac406d5bcdde5610b7568
abstractable.bwz.openlibm.log1pf.q00017.smt2	bwz	0f4d48190ed0d2bf34e54b6778e9af15d371e857
abstractable.bwz.openlibm.log1pf.q00016.smt2	bwz	67906246cf9dd92c53814e7ef681b8c44cf7ad4a
abstractable.bwz.openlibm.log1pf.q00015.smt2	bwz	d1c358048aa46f5ed8a72d806c66a0d752f6dbfd
abstractable.bwz.openlibm.log1pf.q00014.smt2	bwz	59799a426edf0379bf9bc561a06816c3714c7edf
abstractable.bwz.openlibm.log1pf.q00013.smt2	bwz	b5d86e91afa4f616f1bedbbf7bf79ca6bfdb6326
abstractable.bwz.openlibm.log1pf.q00007.smt2	bwz	45e75b5c0af3396fc48bd388d9744d487396608b
abstractable.bwz.openlibm.log1p.q00039.smt2	bwz	1d83e77173d523fd18b50669f9d9bfabaea1ecc0
abstractable.bwz.openlibm.log1p.q00012.smt2	bwz	46d0b6c4a3878a830a7858bcd6b0eb570e3b39f8
abstractable.bwz.openlibm.log1p.q00022.smt2	bwz	f53c40c60b98ae0b9e47b3a78485883b2e6eeeba
abstractable.bwz.openlibm.log1p.q00015.smt2	bwz	25388abb96d377a3c2e7b64c3df93b07ac8a3d31
abstractable.bwz.openlibm.log1p.q00014.smt2	bwz	149d386343f605deaa4516da59c4597404dc2a90
abstractable.bwz.openlibm.log1p.q00013.smt2	bwz	bc2ebe430a1118fc0d8f9bc604ed24a037acb53f
abstractable.bwz.openlibm.log1p.q00020.smt2	bwz	ac0d74c5b1943b1fed1b8cfa6dbbc97b041aa59b
abstractable.bwz.openlibm.log1p.q00007.smt2	bwz	786fc5b2d43cec53d00a60f2df34be9f257b155c
abstractable.bwz.openlibm.log1p.q00016.smt2	bwz	c831a136db63a4f409049f96cffca1ad4189b52e
abstractable.bwz.openlibm.log1p.q00029.smt2	bwz	a328e2f73b19a5de1d084ef1b64be9b8d5d1967a
abstractable.bwz.openlibm.log1p.q00023.smt2	bwz	bb93faf2dcca9963964774c62464dd173d0bb84e
abstractable.bwz.openlibm.log1p.q00034.smt2	bwz	899042bb712295c59222816da5f34d1e7cac9173
abstractable.bwz.openlibm.log1p.q00030.smt2	bwz	2ebd18251176e056f946c91b3a5b7f68f0d83cc3
abstractable.bwz.openlibm.log1p.q00021.smt2	bwz	64497cb6af0b94981e133682f6c1664c07638088
abstractable.bwz.openlibm.log1p.q00036.smt2	bwz	72e3a0e144d4c2daad7727f949d3d9f2f178f312
abstractable.bwz.openlibm.log1p.q00019.smt2	bwz	d44c394d45c0fd5ad73e7eef4034f24fd874d306
abstractable.bwz.openlibm.log1p.q00018.smt2	bwz	d127b22722a8cc0a98f6f4ba241b9f55df5d319b
abstractable.bwz.openlibm.log1p.q00017.smt2	bwz	39139eeb1a49302d396c2f85ce30e8585da5d6f3
abstractable.bwz.openlibm.log1p.q00025.smt2	bwz	92dfc77dbff0444a1a9aaf64513c7e4c05379c64
abstractable.bwz.openlibm.log1p.q00024.smt2	bwz	1134d1faf48c1dfe3db37e38d8796498c7b2fd55
abstractable.bwz.openlibm.log1p.q00035.smt2	bwz	9fd3d96402c3461243a4cffb5ee85d55d6174749
abstractable.bwz.openlibm.log1p.q00033.smt2	bwz	f6c921d20e05dc5344afa00cb83c82be27eb3e11
abstractable.bwz.openlibm.log1p.q00032.smt2	bwz	b0599539aa84784f41a2620f301c07b77b4338d4
abstractable.bwz.openlibm.log1p.q00031.smt2	bwz	ed9f0bbeafc3cd7c00a6a609b180aad54440d3c4
abstractable.bwz.openlibm.log1p.q00038.smt2	bwz	935163f92c0179aed96034f797bbc9f73cdad39c
abstractable.bwz.osqp.osqp_warm_start.q00003.smt2	bwz	519bbc961e4b1b8f76d2b4c37ea628e1f5142b76
abstractable.bwz.gsl.gsl_sf_hermite_e.q00009.smt2	bwz	d43f560eb066d6ab2372684cb071789ba246ab37
abstractable.bwz.gsl.gsl_sf_hermite_e.q00008.smt2	bwz	89d10b1a33f23a59660f25f354b19c405509c14e
abstractable.bwz.gsl.gsl_sf_hermite_e.q00006.smt2	bwz	c376838c239ab7ec9c97517c4cee5e3d7972ec48
abstractable.bwz.gsl.gsl_sf_fermi_dirac_mhalf_e.q00015.smt2	bwz	b942788414aeb763bceb643ae360edacd8fb903d
abstractable.bwz.gsl.gsl_sf_fermi_dirac_mhalf_e.q00014.smt2	bwz	8a9b74c61c7854cf4ea98f1218683ce9b2a13947
abstractable.bwz.gsl.gsl_sf_fermi_dirac_mhalf_e.q00013.smt2	bwz	dc43e948a05a69b79303ffd7e3c009940d1cbccc
abstractable.bwz.gsl.gsl_sf_fermi_dirac_mhalf_e.q00012.smt2	bwz	a24ab3ddc53797c3afb546960dde7db3ea97914a
abstractable.bwz.gsl.gsl_sf_fermi_dirac_mhalf_e.q00011.smt2	bwz	e5b8c20e1df4460bd84027d0b04c5c4e647b0b77
abstractable.bwz.gsl.gsl_sf_fermi_dirac_mhalf_e.q00010.smt2	bwz	2d278b206ff5971526bd33f5e55ed136595000d5
abstractable.bwz.gsl.gsl_sf_fermi_dirac_mhalf_e.q00009.smt2	bwz	ef759e141a33b26cbb3c601f2f051f535138e947
abstractable.bwz.gsl.gsl_sf_fermi_dirac_mhalf_e.q00008.smt2	bwz	1f3f0cc74d7cdd31cefdaac7b31a2475ca7b4b7d
abstractable.bwz.gsl.gsl_sf_fermi_dirac_mhalf_e.q00007.smt2	bwz	a68859e9ca1a48dc0546455ba9349ae788727d26
abstractable.bwz.gsl.gsl_sf_fermi_dirac_3half_e.q00017.smt2	bwz	c870e4c134f57b6db4a1953a21ea2eeecd7f49b2
abstractable.bwz.gsl.gsl_sf_fermi_dirac_3half_e.q00016.smt2	bwz	81fa62b3e2306ff909bdcba0737d3e154d5d96d7
abstractable.bwz.gsl.gsl_sf_fermi_dirac_3half_e.q00015.smt2	bwz	2bb1dcc8ecc8ca44f6d33f97bea48b73a4967112
abstractable.bwz.gsl.gsl_sf_fermi_dirac_3half_e.q00014.smt2	bwz	0ce3b9bb647db3b1ef3626aa7996a3b4097b9b65
abstractable.bwz.gsl.gsl_sf_fermi_dirac_3half_e.q00013.smt2	bwz	d79879ea7ec288e4a24966620d2f53350cfc930e
abstractable.bwz.gsl.gsl_sf_fermi_dirac_3half_e.q00012.smt2	bwz	c45e293bedc7fd8567d4a7c2371b5e76afe89be8
abstractable.bwz.gsl.gsl_sf_fermi_dirac_3half_e.q00011.smt2	bwz	5e7fab78540c6569a717bcad7f8af3ea61961646
abstractable.bwz.gsl.gsl_sf_fermi_dirac_3half_e.q00010.smt2	bwz	fc4268d992a974c3b150021af778c8f88bc022a4
abstractable.bwz.gsl.gsl_sf_fermi_dirac_3half_e.q00009.smt2	bwz	ad6e66653a181c7d7ffed215e509215966909f8d
abstractable.bwz.gsl.gsl_sf_fermi_dirac_3half_e.q00008.smt2	bwz	fc1c5568214aba5d3d1a5c57cd8dfc455610f66f
abstractable.bwz.gsl.gsl_sf_fermi_dirac_3half_e.q00007.smt2	bwz	5875392fd7a22a678dafa582d51d2503865e0c72
abstractable.bwz.openlibm.y0.q00006.smt2	bwz	c24235d69c6aaf0637db7c6c3c2ba982d7b309f0
abstractable.bwz.openlibm.y0.q00026.smt2	bwz	e938a254d8d5d1136dc127f94730e84865fe95fb
abstractable.bwz.openlibm.y0.q00007.smt2	bwz	a1af858a20b72702e13bb58fa9da823b1bee8880
abstractable.bwz.openlibm.y0.q00029.smt2	bwz	2f58eed26c7bbbfbcf9c36bd3d59294cb79477dd
abstractable.bwz.openlibm.y0.q00030.smt2	bwz	32a3f256b850d8c4d5819978001cdc3aac0d069b
abstractable.bwz.openlibm.y0.q00018.smt2	bwz	7ad531531d2e6d34edbc0f6a4d5b0f8ff6774663
abstractable.bwz.openlibm.y0.q00009.smt2	bwz	b262d30501257fe34e1cc12717f40036c7ba672d
abstractable.bwz.openlibm.y0.q00019.smt2	bwz	114b8a8dfaac2fa6635c0a3162f43700423a8547
abstractable.bwz.openlibm.y0.q00046.smt2	bwz	e1800b96d3c19b9c4d6474a0872f0a382cf43e3d
abstractable.bwz.osqp.osqp_setup.q00011.smt2	bwz	eb2f780b4154690ca0f2a05fb716d3e7510a980e
abstractable.bwz.gsl.gsl_sf_hermite_e.q00032.smt2	bwz	042fa3470c984782ad6e21db15aceb61f58afc62
abstractable.bwz.gsl.gsl_sf_hermite_e.q00030.smt2	bwz	6b8f1a86de9403a735e3d7eac7b893075b678364
abstractable.bwz.gsl.gsl_sf_hermite_e.q00029.smt2	bwz	4f6c598e911766829ed9112aa1ff6467762da8d6
abstractable.bwz.gsl.gsl_sf_hermite_e.q00027.smt2	bwz	3cce4063ddeea13c3296896bee2dd2a25210c5b2
abstractable.bwz.gsl.gsl_sf_hermite_e.q00026.smt2	bwz	ac26f58edba13f827adf36f162dfc1b044bbc357
abstractable.bwz.gsl.gsl_sf_hermite_e.q00024.smt2	bwz	7b179108bfd041d4543a5bd666b6ee12bd64c8d8
abstractable.bwz.gsl.gsl_sf_hermite_e.q00023.smt2	bwz	e424877614f7ff3204fe7e521467a6a1c0d8e5e8
abstractable.bwz.gsl.gsl_sf_hermite_e.q00021.smt2	bwz	4ff82c89065ec1533962557f2f2e148bd7c6314d
abstractable.bwz.gsl.gsl_sf_hermite_e.q00020.smt2	bwz	4a88c4642baddfd0ed2a8b61a402111287f18b74
abstractable.bwz.gsl.gsl_sf_hermite_e.q00018.smt2	bwz	f910035c28c808102e4bbe25ab761641f9029317
abstractable.bwz.gsl.gsl_sf_hermite_e.q00017.smt2	bwz	93cba10dc6dcb2fc1e244e5b727243b73ea155ed
abstractable.bwz.gsl.gsl_sf_hermite_e.q00015.smt2	bwz	a47c345dc156d622cbb52e3ba4e2d99027bca4ff
abstractable.bwz.gsl.gsl_sf_hermite_e.q00014.smt2	bwz	befc995f45c8b6aa551d15955f91f787bb55d3c0
abstractable.bwz.gsl.gsl_sf_hermite_e.q00012.smt2	bwz	c06f6b8ea179141d6c90fb268b71501379dbd70d
abstractable.bwz.gsl.gsl_sf_hermite_e.q00011.smt2	bwz	ccb0b739945e5a268fe671247fb775fb98fe7b50
abstractable.bwz.openlibm.y0.q00031.smt2	bwz	5d80899f43ddd2b2ddc6fe801a2c9409340f58da
abstractable.bwz.openlibm.y0.q00020.smt2	bwz	fdee1fb5fe72a555f92ee2590731065675c041a3
abstractable.bwz.openlibm.y0.q00043.smt2	bwz	23d9fa693b0b19bb3746fe67807c1fe0ab0892db
abstractable.bwz.openlibm.y0.q00048.smt2	bwz	879ef84892e2abaa0cc54b1545ffd619ca54a2cf
abstractable.bwz.openlibm.y0.q00023.smt2	bwz	892748011758711023bdee27d7371bb8c9fbbc37
abstractable.bwz.openlibm.y0.q00033.smt2	bwz	8f1976a7bc754df7eee881fb60d6cb2f07318b5b
abstractable.bwz.openlibm.y0.q00022.smt2	bwz	b19dfd6f8c95225dd3090ed70bb0ebc587abd3ef
abstractable.bwz.openlibm.y0.q00021.smt2	bwz	20dfa1da2bcc34e3e311246a498b1c8253ea4417
abstractable.bwz.openlibm.y0.q00012.smt2	bwz	e4813ff5757e6cb9804eb333cf665aa6330e6fef
abstractable.bwz.openlibm.y0.q00045.smt2	bwz	5a5d639d1acac5a999b6751bb53ec953e2c79d15
abstractable.bwz.openlibm.y0.q00044.smt2	bwz	43e9366e30baa9cdf6c499a933d51a7627f019e1
abstractable.bwz.openlibm.y0.q00050.smt2	bwz	ccedaaf9ae427144e2175b6a5c504f7122aa2729
abstractable.bwz.openlibm.y0.q00049.smt2	bwz	616a5e025f3cce406d77c65054c411a05c9e647a
abstractable.bwz.openlibm.y0.q00025.smt2	bwz	7ca2dbeae48228c8eeace45eb4cb39cab9238828
abstractable.bwz.openlibm.y0.q00016.smt2	bwz	97c050ffe64e9d228444e9c04f6d63fdb1270058
abstractable.bwz.openlibm.y0.q00053.smt2	bwz	6f58dd53ca479221626e75c9202b2e2327938df0
abstractable.bwz.openlibm.tan.q00007.smt2	bwz	db2c4979c096524f6cac6a7f4cf9783197a116f7
abstractable.bwz.openlibm.tan.q00006.smt2	bwz	0a9c8ab0c6c9443634c0cd414278170274e1a451
abstractable.bwz.openlibm.sincosf.q00029.smt2	bwz	7b24b9e91e254433a0fabe9c5803c2a64558197d
abstractable.bwz.openlibm.sincosf.q00028.smt2	bwz	5d7177be48778928ca8d4951a2ca265b148b71a7
abstractable.bwz.openlibm.scalbln.q00014.smt2	bwz	fdc91128fe9483886943f2a7c2710a555d917333
abstractable.bwz.openlibm.scalbln.q00013.smt2	bwz	2ec6e7f4c2f6416e3c5e8be301d0a313243d8607
abstractable.bwz.openlibm.scalbln.q00012.smt2	bwz	1c2b8f3d5be9707c73bdb0a16529ab80e193eccf
abstractable.bwz.openlibm.scalbln.q00011.smt2	bwz	d9a67860c3b2e58e4f0fd577a8263acf74076899
abstractable.bwz.gsl.gsl_sf_zeta_int.q00010.smt2	bwz	8609d6210371606b21cc2c54464ead24141cef18
abstractable.bwz.gsl.gsl_sf_sin_e.q00002.smt2	bwz	13ec1c435e25acd9876741af4b4d7072088cf72d
abstractable.bwz.gsl.gsl_sf_psi_n_e.q00021.smt2	bwz	7b0499638c36b4b4a7e5758bf9160fe737d9cc8e
abstractable.bwz.gsl.gsl_sf_psi_n_e.q00013.smt2	bwz	22ad41f6a68b4843f09f9292fa6b40cc351bf127
abstractable.bwz.gsl.gsl_sf_psi_n_e.q00006.smt2	bwz	4a6df727867ac2c32bd661b5c5132bc77d466131
abstractable.bwz.gsl.gsl_sf_multiply_e.q00007.smt2	bwz	c51db87aa6a6fa33e8e71fae069df6280a7277c9
abstractable.bwz.gsl.gsl_sf_multiply_e.q00006.smt2	bwz	4e935b1cbe0ee6c1e5c36836d519a49b82f04901
abstractable.bwz.gsl.gsl_sf_multiply_e.q00005.smt2	bwz	4e935b1cbe0ee6c1e5c36836d519a49b82f04901
abstractable.bwz.openlibm.tan.q00023.smt2	bwz	55a14a8661d0f3ab12d9b603d824e2af69dc6d50
abstractable.bwz.openlibm.tan.q00022.smt2	bwz	100bd7e46339ba7c71940430245068f51243f8e0
abstractable.bwz.openlibm.tan.q00021.smt2	bwz	89e010e06578d069751b422bb9259266a43bcd9f
abstractable.bwz.openlibm.tan.q00020.smt2	bwz	aa9b456148c9ca6ba343b64c8b0f31aa2470c69a
abstractable.bwz.openlibm.tan.q00019.smt2	bwz	e4463dab814c62eee9623eb08db1ba0fab58d8b4
abstractable.bwz.openlibm.tan.q00018.smt2	bwz	3b71a62ca00edd4252b948398a3518220cd7752c
abstractable.bwz.openlibm.tan.q00017.smt2	bwz	63bc438e70ec5a17f38f6bf951b9849d0bfcb921
abstractable.bwz.openlibm.tan.q00016.smt2	bwz	98791190dc3a502ec05ac7b9018bca496b46b547
abstractable.bwz.openlibm.tan.q00015.smt2	bwz	c4a4bf9b8378b6708b127892d5c8909c6eb89b70
abstractable.bwz.openlibm.tan.q00014.smt2	bwz	4975b4af15df9b731c036b2d8f613a761ba13beb
abstractable.bwz.openlibm.tan.q00013.smt2	bwz	cb39103ac430ed2341e1cdc9bcaa27ae8cd56d21
abstractable.bwz.openlibm.tan.q00012.smt2	bwz	06e99d986984e8d5b662517e71dee4ba07347ca3
abstractable.bwz.openlibm.tan.q00011.smt2	bwz	90f596155d490fe88066baef5b249019baecb5a5
abstractable.bwz.openlibm.tan.q00010.smt2	bwz	c2d7ac6d34fb45e60018858a0421a6fafeea150c
abstractable.bwz.openlibm.tan.q00009.smt2	bwz	89995a07c49e7f60f546ec78c12ebf472764be78
abstractable.bwz.openlibm.tan.q00008.smt2	bwz	16824ca45c0515a614880dbecf1e443a26fa1695
abstractable.bwz.cmsisdsp-f32.arm_std_f32.q00022.smt2	bwz	f77da0b8f0284930f4d3233ef7f1d9e9bccc0f4c
abstractable.bwz.cmsisdsp-f32.arm_std_f32.q00021.smt2	bwz	8e06347d1d57ad611ca088a58e9dff43f962b7cc
abstractable.bwz.cmsisdsp-f32.arm_std_f32.q00017.smt2	bwz	9b66e7f58349375d9833b8b07fb8b0c64452b077
abstractable.bwz.cmsisdsp-f32.arm_std_f32.q00013.smt2	bwz	c6358e6ce51efa803ca359e9bca0354b1b4f11a7
abstractable.bwz.cmsisdsp-f32.arm_std_f32.q00012.smt2	bwz	7e090bc604ef61db1b05a7f466e0cfaa75e290b8
abstractable.bwz.cmsisdsp-f32.arm_std_f32.q00010.smt2	bwz	f5cb6581a115dfdef9519e2105d7982ac481daff
abstractable.bwz.cmsisdsp-f32.arm_std_f32.q00008.smt2	bwz	398fb5b278f1271012dcbe711d463eb5d46b83cd
abstractable.bwz.cmsisdsp-f32.arm_minkowski_distance_f32.q00006.smt2	bwz	4ea1427ba129b1c03d09187fe8a9966e2a811dd0
abstractable.bwz.cmsisdsp-f32.arm_cmplx_mag_f32.q00006.smt2	bwz	35a2841678cf6b7290f0e82b15c09e91b0da55e3
abstractable.bwz.cmsisdsp-f32.arm_cmplx_mag_f32.q00005.smt2	bwz	bdd85c05008b06229aa5fcb1e993147d4f5acb64
abstractable.bwz.cmsisdsp-f32.arm_cmplx_mag_f32.q00004.smt2	bwz	696dc5063cab2f6bc675b568fc164cc30426515a
abstractable.bwz.cmsisdsp-f32.arm_cmplx_mag_f32.q00003.smt2	bwz	71601ac4a2da50afce3877b4613e812661d46472
abstractable.bwz.cmsisdsp.arm_mat_inverse_f16.q00050.smt2	bwz	5486ab11834511dec5b479a5387bf1b85d8c534c
abstractable.bwz.cmsisdsp.arm_mat_inverse_f16.q00055.smt2	bwz	204fc2c7296396477485e7e7052bd8a928a7cf40
abstractable.bwz.cmsisdsp.arm_mat_inverse_f16.q00056.smt2	bwz	dfefedf392d020e90a8fee203c43b89a263e7ce1
abstractable.bwz.cmsisdsp.arm_mat_inverse_f16.q00053.smt2	bwz	9e519161de4a1bad8613408af4524d1b630b29c3
abstractable.bwz.cmsisdsp.arm_mat_inverse_f16.q00080.smt2	bwz	2808155ba5e7d933fee0f51900deec1a1cec6e76
abstractable.bwz.cmsisdsp.arm_mat_inverse_f16.q00081.smt2	bwz	2808155ba5e7d933fee0f51900deec1a1cec6e76
abstractable.bwz.cmsisdsp.arm_mat_inverse_f16.q00007.smt2	bwz	67655c9c857dfec3cd8e8f8fd55da79795120b26
abstractable.bwz.cmsisdsp.arm_mat_inverse_f16.q00031.smt2	bwz	0d82b9064abc9c2361b401c571f228e5fc2197fc
abstractable.bwz.cmsisdsp.arm_mat_inverse_f16.q00015.smt2	bwz	6fdfdc093c20d3eac07708d8036e540c501cf216
abstractable.bwz.cmsisdsp.arm_mat_inverse_f16.q00011.smt2	bwz	6c7c8385421555fba32d4b282b9cf2d8d1840d0d
abstractable.bwz.cmsisdsp.arm_mat_inverse_f16.q00034.smt2	bwz	22df4e3710ce82b986402cc10452846acf8c9145
abstractable.bwz.cmsisdsp.arm_mat_inverse_f16.q00040.smt2	bwz	8ad71835b6e314aef6d6d5b034fd531eeb1c5ac1
abstractable.bwz.cmsisdsp.arm_mat_inverse_f16.q00035.smt2	bwz	8ad71835b6e314aef6d6d5b034fd531eeb1c5ac1
abstractable.bwz.cmsisdsp.arm_mat_inverse_f16.q00046.smt2	bwz	565292aa9adccf71933ce0149be201099a364c9b
abstractable.bwz.cmsisdsp.arm_mat_inverse_f16.q00071.smt2	bwz	1718a499340f721242968c42396aeb0e183dcbf3
abstractable.bwz.cmsisdsp.arm_mat_inverse_f16.q00063.smt2	bwz	d2b733795095f13fffc7c0cd76b6368772552be9
abstractable.bwz.cmsisdsp.arm_mat_inverse_f16.q00064.smt2	bwz	d2b733795095f13fffc7c0cd76b6368772552be9
abstractable.bwz.cmsisdsp.arm_mat_inverse_f16.q00072.smt2	bwz	dad9a3a6e0383600fc856dbf2da088a25b87e785
abstractable.bwz.cmsisdsp.arm_mat_inverse_f16.q00016.smt2	bwz	2b1fbd4c72d6cb030026f7ecfad6a03e35123078
abstractable.bwz.cmsisdsp.arm_mat_inverse_f16.q00020.smt2	bwz	b8d326fd4f97042ec9a55058b26aacfb6bcf5223
abstractable.bwz.cmsisdsp.arm_householder_f16.q00183.smt2	bwz	6d69bd0a6d0941ae48e6a582ec116f99aed370f7
abstractable.bwz.cmsisdsp.arm_householder_f16.q00182.smt2	bwz	9e0591b9541434cd1e6747e8f9ef45a937747702
abstractable.bwz.cmsisdsp.arm_householder_f16.q00176.smt2	bwz	105eed505dd1b6d9ed98bcb6aa04b02a08d80e42
abstractable.bwz.cmsisdsp.arm_householder_f16.q00168.smt2	bwz	a404f1906682aabe9df6550c318e0ede14bc4737
abstractable.bwz.cmsisdsp.arm_householder_f16.q00167.smt2	bwz	ce88987133b7ecfe5adc7b489181d96d3dbe4f6c
abstractable.bwz.cmsisdsp.arm_householder_f16.q00159.smt2	bwz	46977a7a4d033acdd6b2648d1c2edb32fd7ff746
abstractable.bwz.cmsisdsp.arm_householder_f16.q00150.smt2	bwz	65b9591dfcb2f1a7337ee2f42acb8b4c7618416e
abstractable.bwz.cmsisdsp.arm_householder_f16.q00149.smt2	bwz	1590fd8f6334739785eb05516022c5a446039d7d
abstractable.bwz.cmsisdsp.arm_householder_f16.q00139.smt2	bwz	ade6f97faea3b99b714dd89a6c196e048cd43328
abstractable.bwz.cmsisdsp.arm_householder_f16.q00125.smt2	bwz	0d405ab5459567e8aeed9109da337b4c4ce82897
abstractable.bwz.cmsisdsp.arm_householder_f16.q00124.smt2	bwz	3f0c600d1220955370285a1c86750419f6906e86
abstractable.bwz.cmsisdsp.arm_householder_f16.q00112.smt2	bwz	22665afca881145caa33e884fa03aa9c77d61901
abstractable.bwz.cmsisdsp.arm_householder_f16.q00101.smt2	bwz	b203da88ff0a30aaee64bd3941d26b1f927b44c5
abstractable.bwz.cmsisdsp.arm_householder_f16.q00100.smt2	bwz	c1a676bbeaacf63236c0f9cbf84b98b703ca049d
abstractable.bwz.cmsisdsp.arm_householder_f16.q00086.smt2	bwz	0fd7cac75b46067e76e5ad8e3dc09ae9e075e055
abstractable.bwz.cmsisdsp.arm_householder_f16.q00073.smt2	bwz	1813dcec4e2324e76ca98d87d94ea7b1580e00b4
abstractable.bwz.cmsisdsp.arm_householder_f16.q00072.smt2	bwz	ec19f1dff202c89e7d6ded4117c296accaf950c6
abstractable.bwz.cmsisdsp.arm_householder_f16.q00056.smt2	bwz	14c18ee1efdd7686475e7e16033e7785727c3644
abstractable.bwz.cmsisdsp.arm_householder_f16.q00044.smt2	bwz	d69e2b6e5bae8114c6a219b7276019080de1d3a3
abstractable.bwz.cmsisdsp.arm_householder_f16.q00043.smt2	bwz	d6ddf3914f1e14b60b8e0c9d66b173e453af1e56
abstractable.bwz.cmsisdsp.arm_householder_f16.q00025.smt2	bwz	58f98ad62d7aa7211896146f36808fe69ea07d66
abstractable.bwz.cmsisdsp.arm_householder_f16.q00009.smt2	bwz	a5ca7b001613f29e0796415256051d9be628a210
abstractable.bwz.cmsisdsp.arm_correlation_distance_f16.q00023.smt2	bwz	b7b32d141b592243d8d5c5110ed7c044d320ccf6
abstractable.bwz.cmsisdsp.arm_correlation_distance_f16.q00022.smt2	bwz	173f3758449b467ac2fc4fbdf2a4a81f3d2ece03
abstractable.bwz.cmsisdsp.arm_correlation_distance_f16.q00020.smt2	bwz	099d5feddf18f3918fe860068a9f686eb98a460e
abstractable.bwz.cmsisdsp.arm_correlation_distance_f16.q00016.smt2	bwz	9bc67f784341a14d03d230600fecb685bc97bc0e
abstractable.bwz.cmsisdsp.arm_correlation_distance_f16.q00012.smt2	bwz	45bfb11842af4d44df2deffce4982c6e6f647fd2
abstractable.bwz.cmsisdsp.arm_correlation_distance_f16.q00011.smt2	bwz	ec82e2b8dac78c3ddabd165b5f96226240350c2a
abstractable.bwz.cmsisdsp.arm_correlation_distance_f16.q00009.smt2	bwz	77e76dd0990f93f3c613c86e20d181db10f45e46
abstractable.bwz.cmsisdsp.arm_correlation_distance_f16.q00007.smt2	bwz	f074f935dc87687a2e91961cf797c2baba0549e6
abstractable.bwz.cmsisdsp.arm_vlog_f16.q00003.smt2	bwz	9fe546d531ebed38307f05377aee70d9da79aacb
abstractable.bwz.cmsisdsp.arm_svm_sigmoid_predict_f16.q00025.smt2	bwz	369e1a9654d03b247a432baba153597c977e2a82
abstractable.bwz.cmsisdsp.arm_svm_sigmoid_predict_f16.q00024.smt2	bwz	cac9c1ef23c7a7acb0e9009ac2006f91e7629036
abstractable.bwz.cmsisdsp.arm_svm_sigmoid_predict_f16.q00023.smt2	bwz	28aa735f6295f2bc97ac65899234b62c339a104c
abstractable.bwz.cmsisdsp.arm_svm_sigmoid_predict_f16.q00022.smt2	bwz	fdba82555ac57d72f1000cd94e6ac9b355ba305d
abstractable.bwz.cmsisdsp.arm_svm_sigmoid_predict_f16.q00017.smt2	bwz	deaec6439e444f1dc773b46488830c39ed1fa169
abstractable.bwz.cmsisdsp.arm_svm_sigmoid_predict_f16.q00016.smt2	bwz	815168d2ac19733f3268f714f0e3c211c71adb36
abstractable.bwz.cmsisdsp.arm_svm_sigmoid_predict_f16.q00015.smt2	bwz	7a9af48c533a8a0b5d31fa3b41b9f1631b46576c
abstractable.bwz.cmsisdsp.arm_svm_sigmoid_predict_f16.q00014.smt2	bwz	d364702353eb0a8cab616d14ad61ecafd1da77cf
abstractable.bwz.cmsisdsp.arm_svm_sigmoid_predict_f16.q00009.smt2	bwz	27ca517109a169aa22177c2a4697cd76bdef78cb
abstractable.bwz.cmsisdsp.arm_svm_linear_predict_f16.q00052.smt2	bwz	bce0c6bbd41fff274019ca58a6583b9763bdeb94
abstractable.bwz.cmsisdsp.arm_svm_linear_predict_f16.q00051.smt2	bwz	94cb34a9719acbc7f4cd87dedc54a8ed8bdb232b
abstractable.bwz.cmsisdsp.arm_svm_linear_predict_f16.q00050.smt2	bwz	cb4f3336098ef14c35d46a7b70764764d6377c36
abstractable.bwz.cmsisdsp.arm_svm_linear_predict_f16.q00044.smt2	bwz	c97acd225adb2cea2823e96d54beb44b194ef063
abstractable.bwz.cmsisdsp.arm_svm_linear_predict_f16.q00049.smt2	bwz	f6088b0596fe24a669cc8e3a606c625dee4c8095
abstractable.bwz.cmsisdsp.arm_svm_linear_predict_f16.q00048.smt2	bwz	bdd868fb7355a9e2903ca89c549e5570b06d7427
abstractable.bwz.cmsisdsp.arm_svm_linear_predict_f16.q00032.smt2	bwz	eba28a0faec542da1419bea5c9a023e6c82db8bc
abstractable.bwz.cmsisdsp.arm_svm_linear_predict_f16.q00047.smt2	bwz	fb57ad7b28b0574f778e36d1c31eab333530648e
abstractable.bwz.cmsisdsp.arm_svm_linear_predict_f16.q00043.smt2	bwz	1396e35c2ae5b1b5996a8066840f1bf0971fd4b7
abstractable.bwz.cmsisdsp.arm_svm_linear_predict_f16.q00046.smt2	bwz	7932ac99fc168b6e1dc6832c5b920136e363983b
abstractable.bwz.cmsisdsp.arm_svm_linear_predict_f16.q00045.smt2	bwz	f0e4e1b6891c3edc2a97e6b355b2ea0b3a289dc0
abstractable.bwz.cmsisdsp.arm_svm_linear_predict_f16.q00042.smt2	bwz	ae3b50f232e32d01c11cd3731523a6758bc73d59
abstractable.bwz.cmsisdsp.arm_svm_linear_predict_f16.q00020.smt2	bwz	ba95d72a49c9368bf2625470114e62e73cc57428
abstractable.bwz.cmsisdsp.arm_svm_linear_predict_f16.q00031.smt2	bwz	8fe753dd6785dbdae4a4c81f3bb61a3a73663d85
abstractable.bwz.cmsisdsp.arm_svm_linear_predict_f16.q00041.smt2	bwz	fefd0c77abc9d404ebc1ffb0619a4c6f7e05cf99
abstractable.bwz.cmsisdsp.arm_svm_linear_predict_f16.q00017.smt2	bwz	eab85abf55f708abbd2502b60612a7bd3f383040
abstractable.bwz.cmsisdsp.arm_svm_linear_predict_f16.q00025.smt2	bwz	641f604f0e1abf8ff3e77206c059ba2cd21ae838
abstractable.bwz.cmsisdsp.arm_svm_linear_predict_f16.q00040.smt2	bwz	aee751469966ea85fd5fd7d5888132367edc289e
abstractable.bwz.cmsisdsp.arm_svm_linear_predict_f16.q00016.smt2	bwz	3b42708e0bfac865d3e12cefb0207f1919935aa9
abstractable.bwz.cmsisdsp.arm_svm_linear_predict_f16.q00015.smt2	bwz	47a8415f620d05fc5865a919f8eb7d02904dc5c7
abstractable.bwz.cmsisdsp.arm_svm_linear_predict_f16.q00039.smt2	bwz	1756b75f80db30d0ae9bb4ae853e1aa459e467e2
abstractable.bwz.cmsisdsp.arm_svm_linear_predict_f16.q00019.smt2	bwz	861c63550d473c9b98fc2ed030eb71b0ea0519b3
abstractable.bwz.cmsisdsp.arm_svm_linear_predict_f16.q00029.smt2	bwz	d9471c8615082e3fdc839b7c7677cfd697a8f8bc
abstractable.bwz.cmsisdsp.arm_svm_linear_predict_f16.q00010.smt2	bwz	9753c9d91211801d388cce98477b2405e7190746
abstractable.bwz.cmsisdsp.arm_svm_linear_predict_f16.q00038.smt2	bwz	252403ee6a794b6aaf8d917bc812afde9ab8ea55
abstractable.bwz.cmsisdsp.arm_rms_f16.q00023.smt2	bwz	32d5192adafbfedcc893c129bdc3b3eff2a52dc7
abstractable.bwz.cmsisdsp.arm_rms_f16.q00022.smt2	bwz	0f6f412f66043a7a259962c46062a725bb569f0c
abstractable.bwz.cmsisdsp.arm_rms_f16.q00020.smt2	bwz	5d2726d425b77f006ce7ed27abbf5b6b4ddb2352
abstractable.bwz.cmsisdsp.arm_rms_f16.q00016.smt2	bwz	42df94050df937b310e989831e76ee1e23a9ee44
abstractable.bwz.cmsisdsp.arm_rms_f16.q00012.smt2	bwz	fadcc50a000529401f528146fa022b1285665e82
abstractable.bwz.cmsisdsp.arm_rms_f16.q00011.smt2	bwz	e78c6a4d043101b52427b6ee789039f7f97005c5
abstractable.bwz.cmsisdsp.arm_rms_f16.q00009.smt2	bwz	63149614cb67bc410d6b45e8e1c1eab8c1c3ea9d
abstractable.bwz.cmsisdsp.arm_rms_f16.q00007.smt2	bwz	1e3ebb892a68df47f428797fc55e7b0292d5689b
abstractable.bwz.cmsisdsp-f32.arm_logsumexp_f32.q00030.smt2	bwz	75c35e6529a27418d26f036eacdf3177e27a715a
abstractable.bwz.cmsisdsp-f32.arm_logsumexp_f32.q00029.smt2	bwz	7ee6ecb834dd3dfb71f9d20744712b5997260b9e
abstractable.bwz.cmsisdsp-f32.arm_logsumexp_f32.q00025.smt2	bwz	32cec5335098f3d3039b7bb3007205a45b9cbf1a
abstractable.bwz.cmsisdsp-f32.arm_logsumexp_f32.q00023.smt2	bwz	2e0209026f828123bc9e037d49bc73209f5543ea
abstractable.bwz.cmsisdsp-f32.arm_logsumexp_f32.q00018.smt2	bwz	b1f5d159714020eb44bc8b501d01d5b5577d9450
abstractable.bwz.cmsisdsp-f32.arm_logsumexp_f32.q00016.smt2	bwz	a7ba2761aeeeb318984dbe815ecd4734b1464968
abstractable.bwz.cmsisdsp-f32.arm_logsumexp_f32.q00012.smt2	bwz	8003c8975be2cce2434475f3ca51b186b847358a
abstractable.bwz.cmsisdsp-f32.arm_logsumexp_f32.q00010.smt2	bwz	954648b7a7cf74c6dd09079721040c5610837db5
abstractable.bwz.cmsisdsp-f32.arm_mat_inverse_f32.q00024.smt2	bwz	83dc1ddcc2854eeba76b87809596f3ec16baaa6b
abstractable.bwz.cmsisdsp-f32.arm_mat_inverse_f32.q00023.smt2	bwz	3e1617d68566398f2230598f928b5611a4ec4a6d
abstractable.bwz.cmsisdsp-f32.arm_mat_inverse_f32.q00022.smt2	bwz	3e1617d68566398f2230598f928b5611a4ec4a6d
abstractable.bwz.cmsisdsp-f32.arm_mat_inverse_f32.q00021.smt2	bwz	3e1617d68566398f2230598f928b5611a4ec4a6d
abstractable.bwz.cmsisdsp-f32.arm_mat_inverse_f32.q00020.smt2	bwz	3e1617d68566398f2230598f928b5611a4ec4a6d
abstractable.bwz.cmsisdsp-f32.arm_mat_inverse_f32.q00019.smt2	bwz	3e1617d68566398f2230598f928b5611a4ec4a6d
abstractable.bwz.cmsisdsp-f32.arm_mat_inverse_f32.q00018.smt2	bwz	3e1617d68566398f2230598f928b5611a4ec4a6d
abstractable.bwz.cmsisdsp-f32.arm_mat_inverse_f32.q00017.smt2	bwz	050e7feb805d15ee855bf82ece33179ae5cc96a2
abstractable.bwz.cmsisdsp-f32.arm_mat_inverse_f32.q00016.smt2	bwz	75153b1b1779ac6479905f0aa12e6f1564de7161
abstractable.bwz.cmsisdsp-f32.arm_mat_inverse_f32.q00015.smt2	bwz	cfda78c728914bc39cf4ec8524554a410bd2cce2
abstractable.bwz.cmsisdsp-f32.arm_mat_inverse_f32.q00014.smt2	bwz	af930a047e633933e15bf69cf7b5f93175b80b15
abstractable.bwz.cmsisdsp-f32.arm_mat_inverse_f32.q00013.smt2	bwz	c8979e01355f4487b74f7266c542ed7e651b8bdd
abstractable.bwz.cmsisdsp-f32.arm_mat_inverse_f32.q00012.smt2	bwz	3c9b0cdd416acfe25b56a421f43dbf45d5d0ecb9
abstractable.bwz.cmsisdsp-f32.arm_mat_inverse_f32.q00011.smt2	bwz	86b996eed93b243e41395c214774a01bc791c647
abstractable.bwz.cmsisdsp-f32.arm_mat_inverse_f32.q00010.smt2	bwz	6f1082edb12e7db2af27d82731aadbcfce8a287d
abstractable.bwz.cmsisdsp-f32.arm_mat_inverse_f32.q00009.smt2	bwz	efe41c938d72d3e48e4982e565a3c86a94376809
abstractable.bwz.cmsisdsp-f32.arm_mat_inverse_f32.q00008.smt2	bwz	367c64fe24800efd9facc2238b5e4f4627dd1876
abstractable.bwz.cmsisdsp-f32.arm_mat_inverse_f32.q00007.smt2	bwz	bda43e9e593f19322b5510bd5cac05d97fe4ede3
abstractable.bwz.cmsisdsp-f32.arm_logsumexp_dot_prod_f32.q00067.smt2	bwz	3f8f5dce57798dc4b65207547e1e80efedcedd32
abstractable.bwz.cmsisdsp-f32.arm_logsumexp_dot_prod_f32.q00065.smt2	bwz	008d8ac0c71010e15eefb519e6ee4c8bd5873c1c
abstractable.bwz.cmsisdsp-f32.arm_logsumexp_dot_prod_f32.q00058.smt2	bwz	5a611e30bf7c7dae226d18841fb67110fcd55b6f
abstractable.bwz.cmsisdsp-f32.arm_logsumexp_dot_prod_f32.q00048.smt2	bwz	ca2e255268ebf5845aac6c92bc3a54ddad248483
abstractable.bwz.cmsisdsp-f32.arm_logsumexp_dot_prod_f32.q00040.smt2	bwz	4baf251b35e2fe727aebf8df7bf8a138df21ad37
abstractable.bwz.cmsisdsp-f32.arm_logsumexp_dot_prod_f32.q00033.smt2	bwz	80c14288e80ce41a6c554600040b429e6d4204b1
abstractable.bwz.cmsisdsp-f32.arm_logsumexp_dot_prod_f32.q00025.smt2	bwz	d4b869960b0380448b62039a3e6eeb4d69a80b45
abstractable.bwz.cmsisdsp-f32.arm_logsumexp_dot_prod_f32.q00014.smt2	bwz	1180688cad2469b0b9cd4607c35524a4481d49e9
abstractable.bwz.cmsisdsp-f32.arm_jensenshannon_distance_f32.q00003.smt2	bwz	937da234939d15c0bd7689f03446f900818f5c80
abstractable.bwz.cmsisdsp.arm_cosine_distance_f16.q00023.smt2	bwz	8b76599637eed1a7fb53ded83dc9d97b598ca1b1
abstractable.bwz.cmsisdsp.arm_cosine_distance_f16.q00022.smt2	bwz	196c78109fae47171c3c0bea97b0aada4790a2d4
abstractable.bwz.cmsisdsp.arm_cosine_distance_f16.q00021.smt2	bwz	44270404c4eea5f80abe103c5ad3570eb9d0ab07
abstractable.bwz.cmsisdsp.arm_cosine_distance_f16.q00017.smt2	bwz	faad7e6aa3233dae2bbc1944402dd0bafaceb042
abstractable.bwz.cmsisdsp.arm_cosine_distance_f16.q00013.smt2	bwz	422d2bcfc9a7d04fc18a35fa30f787bdff3e0241
abstractable.bwz.cmsisdsp.arm_cosine_distance_f16.q00012.smt2	bwz	b73e32063d44125dc166364c3beff5ea2625f845
abstractable.bwz.cmsisdsp.arm_cosine_distance_f16.q00010.smt2	bwz	313fb58bfdbace2f265fec16f3ad040e6370746d
abstractable.bwz.cmsisdsp.arm_cosine_distance_f16.q00008.smt2	bwz	34f1ca2710e40e56f0327ecaf2ca7836c886b964
abstractable.bwz.sundials-f16.N_VConstrMask.q00061.smt2	bwz	2625d05d85a029e69fc4cb8e96aad674a57f0e51
abstractable.bwz.sundials-f16.N_VConstrMask.q00056.smt2	bwz	ea2fce66305db7c2dea8a5747ce3d5dcd22fc3e7
abstractable.bwz.sundials-f16.N_VConstrMask.q00051.smt2	bwz	896cfc9aca78c46155dfb5f78e58998a3552ae08
abstractable.bwz.sundials-f16.N_VConstrMask.q00041.smt2	bwz	66ef24545a04b7c59691dfaca1151937a4e82690
abstractable.bwz.sundials-f16.N_VConstrMask.q00057.smt2	bwz	ea2fce66305db7c2dea8a5747ce3d5dcd22fc3e7
abstractable.bwz.sundials-f16.N_VConstrMask.q00047.smt2	bwz	ef406bb9d47e35286fac612ca8e8f961b4d835eb
abstractable.bwz.sundials-f16.N_VConstrMask.q00042.smt2	bwz	66ef24545a04b7c59691dfaca1151937a4e82690
abstractable.bwz.sundials-f16.N_VConstrMask.q00031.smt2	bwz	6c3df83b2707c2d1b5df3e687b3ee94dd7b17072
abstractable.bwz.sundials-f16.N_VConstrMask.q00026.smt2	bwz	33204ed3f98c79fb7560f64844e023429a348d2c
abstractable.bwz.sundials-f16.N_VConstrMask.q00032.smt2	bwz	6c3df83b2707c2d1b5df3e687b3ee94dd7b17072
abstractable.bwz.sundials-f16.N_VConstrMask.q00027.smt2	bwz	33204ed3f98c79fb7560f64844e023429a348d2c
abstractable.bwz.sundials-f16.N_VConstrMask.q00054.smt2	bwz	f0962e120ffb637eab3d2695cbaef55bb2126df4
abstractable.bwz.sundials-f16.N_VConstrMask.q00049.smt2	bwz	9e01bc336df1bd304c36cdafd7cd34b208f1598c
abstractable.bwz.sundials-f16.N_VConstrMask.q00039.smt2	bwz	ae1feb17a63e4ac718fda70bf2d0c8314f0a1802
abstractable.bwz.sundials-f16.N_VConstrMask.q00034.smt2	bwz	fa3ce2216a149e92c2a515ba3e6f3a9a3d8ddaa8
abstractable.bwz.sundials-f16.N_VConstrMask.q00060.smt2	bwz	f980deb706f4307b405fb31d5e8b0855bbd2737b
abstractable.bwz.sundials-f16.N_VConstrMask.q00055.smt2	bwz	7442bde91319a08d84c6a983bec3619461ce4f20
abstractable.bwz.sundials-f16.N_VConstrMask.q00045.smt2	bwz	22884f9eede43540c1ee5829648f0a1ed8e7ec60
abstractable.bwz.sundials-f16.N_VConstrMask.q00040.smt2	bwz	0c1dc3ad47082c301e44438af6dd5bad462a86ed
abstractable.bwz.sundials-f16.N_VConstrMask.q00030.smt2	bwz	1827ed576852aa0fa7bf86688b8126bf9e30bcf1
abstractable.bwz.sundials-f16.N_VConstrMask.q00025.smt2	bwz	58243d5b7f09f83a0a9db25031ef348b6c3bc755
abstractable.bwz.sundials-f16.N_VConstrMask.q00053.smt2	bwz	325aff17aac3eff8db2c174038177a74a94dc4e9
abstractable.bwz.sundials-f16.N_VConstrMask.q00048.smt2	bwz	518a50be50067a86ab3fff7f3f5e05d2232b12f9
abstractable.bwz.sundials-f16.N_VConstrMask.q00038.smt2	bwz	61978efeb5ea76a49c7255c1b48255bca8cb5501
abstractable.bwz.sundials-f16.N_VConstrMask.q00033.smt2	bwz	555b3870fcafd6a2eee30c109c8dd0bd2b755a76
abstractable.bwz.sundials-f16.N_VWrmsNorm.q00001.smt2	bwz	e658af39aa0c2037ea3c7b3710fc2c6be885e5f7
abstractable.bwz.cmsisdsp.arm_cmplx_mag_f16.q00006.smt2	bwz	202a0267e70b97eec5591c72552ee9b08037dd3b
abstractable.bwz.cmsisdsp.arm_cmplx_mag_f16.q00005.smt2	bwz	cfefa7c591c610669b403068d5be02ea050134ab
abstractable.bwz.cmsisdsp.arm_mat_inverse_f16.q00019.smt2	bwz	b8d326fd4f97042ec9a55058b26aacfb6bcf5223
abstractable.bwz.cmsisdsp.arm_mat_inverse_f16.q00028.smt2	bwz	45d57b5d0a3f298a27e28d61cd2325e4ffc1bae6
abstractable.bwz.cmsisdsp.arm_mat_inverse_f16.q00084.smt2	bwz	db18c726b5557643a280adc97ea90147a7038c40
abstractable.bwz.cmsisdsp.arm_mat_inverse_f16.q00067.smt2	bwz	cc0b37d9a8f8248df652c79b799b4739bd05a649
abstractable.bwz.cmsisdsp.arm_mat_inverse_f16.q00069.smt2	bwz	729a14499e8b5ec6d2be2247414fcf826cbfac25
abstractable.bwz.cmsisdsp.arm_mat_cholesky_f16.q00005.smt2	bwz	565f5433f7bb06eef5aa7b692c031e861f4e47f6
abstractable.bwz.cmsisdsp.arm_mat_cholesky_f16.q00004.smt2	bwz	8a27af5429565dbe9cc815974e4a1f0ead4c9f06
abstractable.bwz.cmsisdsp.arm_mat_cholesky_f16.q00003.smt2	bwz	9bc92aefda902eaa77744fa1e2cd8a7720f856ec
abstractable.bwz.cmsisdsp.arm_logsumexp_f16.q00030.smt2	bwz	76c5bff435584104c5abcc85b13bf5f5f477d7c3
abstractable.bwz.cmsisdsp.arm_logsumexp_f16.q00029.smt2	bwz	27d102bd1a42cfdccb41e4d99406dbf3fbc8502c
abstractable.bwz.cmsisdsp.arm_logsumexp_f16.q00025.smt2	bwz	04840d5f0124c904e5e01255ca60f535aa6d3e09
abstractable.bwz.cmsisdsp.arm_logsumexp_f16.q00023.smt2	bwz	1691c5f3b028c0c3a9cd5c4b3276479c35059615
abstractable.bwz.cmsisdsp.arm_logsumexp_f16.q00018.smt2	bwz	34a8eaf4399659cd2cfb5225427e02763452d4dd
abstractable.bwz.cmsisdsp.arm_logsumexp_f16.q00016.smt2	bwz	a7215c7d6a245467cb5fde7549049bcad7802c81
abstractable.bwz.cmsisdsp.arm_logsumexp_f16.q00012.smt2	bwz	a7268dde73ad500219bb32017e515d938198f200
abstractable.bwz.cmsisdsp.arm_logsumexp_f16.q00010.smt2	bwz	f30212c4d8d819333fc46fcb2ca8d8326805ac40
abstractable.stp.f2clapack-f64.dgesv_.q.0018.smt2	stp	57250c8983c0caede8424c7bc07c138c424816a6
abstractable.stp.f2clapack-f64.dgesv_.q.0019.smt2	stp	a93bd26f7ee6b0531e6a237d90ceb5bf3bc83a91
abstractable.stp.f2clapack-f64.dgesv_.q.0027.smt2	stp	1f838a962d19a9098bba5e7de78a995ad1e74a21
abstractable.stp.f2clapack-f64.dgesv_.q.0058.smt2	stp	
abstractable.stp.f2clapack-f64.dgesv_.q.0029.smt2	stp	9c5d67bfdfb63acdf3c1d297c0ef264310f3cf15
abstractable.stp.f2clapack-f64.dgesv_.q.0021.smt2	stp	cc6ded993bc65f261fa47ee5a89f0c4795b64acd
abstractable.stp.f2clapack-f64.dgesv_.q.0031.smt2	stp	76ff5b16f9c06b5b603da1c4a857f4020cd80b6f
abstractable.stp.f2clapack-f64.dgesv_.q.0023.smt2	stp	eab7d0e2ad9c868ca21d76f54d9328f44c118065
abstractable.stp.f2clapack-f64.dgesv_.q.0025.smt2	stp	14f0b9d2f40723917615e33d1fc589c27cd91312
abstractable.stp.f2clapack-f64.dgesv_.q.0102.smt2	stp	694d8c0c13e9531a71faf999db27edfb5f089759
abstractable.stp.f2clapack-f64.dgesv_.q.0067.smt2	stp	
abstractable.stp.f2clapack-f64.dgesv_.q.0045.smt2	stp	060b58086c485bc1329cbe5019a05ae261e96d59
abstractable.stp.f2clapack-f64.dgesv_.q.0052.smt2	stp	795609a78cfee40395380dfd4e1d712d578f0688
abstractable.stp.f2clapack-f64.dgesv_.q.0116.smt2	stp	9c671c478b1100a97ad32966a834fbfa70f947c9
abstractable.stp.f2clapack-f64.dgesv_.q.0065.smt2	stp	
abstractable.stp.f2clapack-f64.dgesv_.q.0063.smt2	stp	
abstractable.bwz.sundials.N_VConstrMask_Serial.q00036.smt2	bwz	4056ceb0cd7d4a51fd04a2f34c14893fb1e1ceb7
abstractable.bwz.sundials.N_VConstrMask_Serial.q00026.smt2	bwz	025b6186f7cfa34c1b1f2d8cd2c4b0220711cbfa
abstractable.bwz.sundials.N_VConstrMask_Serial.q00052.smt2	bwz	5323b9411ff61b397404b06752196b419db74e40
abstractable.bwz.sundials.N_VConstrMask_Serial.q00042.smt2	bwz	e582b9a3218a9f04e85ee8c5ad00a2cf7342298d
abstractable.bwz.sundials.N_VConstrMask_Serial.q00037.smt2	bwz	4056ceb0cd7d4a51fd04a2f34c14893fb1e1ceb7
abstractable.bwz.sundials.N_VConstrMask_Serial.q00032.smt2	bwz	d37e98129d394c9b1ee62df7809ef74af3abd96b
abstractable.bwz.sundials.N_VConstrMask_Serial.q00059.smt2	bwz	56d8623b08ad03d5bd665b0ee5ae06f9d4d12b35
abstractable.bwz.sundials.N_VConstrMask_Serial.q00054.smt2	bwz	dd60039e2caa89180bb03f8290ce9e371e08ac89
abstractable.bwz.sundials.N_VConstrMask_Serial.q00044.smt2	bwz	3590979d0827eee952a7ecd2a99fcc206d217346
abstractable.bwz.sundials.N_VConstrMask_Serial.q00039.smt2	bwz	b5a9aa92bb83ff142ee4b824dab01bccd63e9c69
abstractable.bwz.sundials.N_VConstrMask_Serial.q00029.smt2	bwz	921c997a394879ef70428e47fa86c5592ef32a4c
abstractable.bwz.sundials.N_VConstrMask_Serial.q00060.smt2	bwz	a99f423cc95b08b78a9eed41f49fbc1b8e6553e5
abstractable.bwz.sundials.N_VConstrMask_Serial.q00050.smt2	bwz	54e3289fe3c3be61d782655dc00dcc5a86d145c0
abstractable.bwz.sundials.N_VConstrMask_Serial.q00045.smt2	bwz	35fd4438616d517dcc1ef48c2dc7d8649e3582cf
abstractable.bwz.sundials.N_VConstrMask_Serial.q00040.smt2	bwz	6c458bf192ed0303ac9b0c4ca7977df210cf6d9a
abstractable.bwz.sundials.N_VConstrMask_Serial.q00030.smt2	bwz	5d13eb6e90b56f1e076e1af09bde8d3514181605
abstractable.bwz.sundials.N_VConstrMask_Serial.q00025.smt2	bwz	863f4c0dd82e12cb8cf571acd647c7dcd967807e
abstractable.bwz.sundials.N_VConstrMask_Serial.q00053.smt2	bwz	dd49dec23b687e63a5a5fa7dedf188aea3e4e727
abstractable.bwz.sundials.N_VConstrMask_Serial.q00048.smt2	bwz	913435b316f31de136e9d1c917ee3d0215bd36e5
abstractable.bwz.sundials.N_VConstrMask_Serial.q00038.smt2	bwz	19d894be2a85a44e9f0beec866525fc9f87aafc8
abstractable.bwz.sundials.N_VConstrMask_Serial.q00033.smt2	bwz	f7b1b4f77d5b95c14394f84c7537fbbf6706bca5
abstractable.bwz.f2clapack-f16.htrsv_.q00015.smt2	bwz	8bcbae98fdba24bd7e7b16803d2a8ae31f76ca24
abstractable.bwz.f2clapack-f16.htrsv_.q00014.smt2	bwz	cf6c6c09d73b002be22c79a7517bfb3019d34278
abstractable.bwz.f2clapack-f16.htrsv_.q00013.smt2	bwz	082c6d42a4428664c8974ea0ee423e700813180b
abstractable.bwz.f2clapack-f16.htrsv_.q00012.smt2	bwz	9ca99d52f63c4946455abf950c8a01feab1d911d
abstractable.bwz.f2clapack-f16.htrsv_.q00011.smt2	bwz	57a190b755734d90890541e9ef924519be2fa79c
abstractable.bwz.f2clapack-f16.htrsv_.q00010.smt2	bwz	35b2887f0798de151e36955293dcd00746672130
abstractable.bwz.f2clapack-f16.htrsv_.q00009.smt2	bwz	4c6ce404623c5de23a24b2b3f951d29f95982f02
abstractable.bwz.f2clapack-f16.htrsv_.q00008.smt2	bwz	5d65a5a538e68e6755686c901f92e2b57b7d0472
abstractable.bwz.f2clapack-f16.htrsv_.q00007.smt2	bwz	b86ef90a27d77b05d15616a7321ebcd362a200a6
abstractable.bwz.f2clapack-f16.htrsv_.q00006.smt2	bwz	0a14080fab4c436250311dbb7b3632499d07870b
abstractable.bwz.f2clapack-f16.htrsv_.q00005.smt2	bwz	42fa377429c8425decf092936e0db93b4545d175
abstractable.bwz.f2clapack-f16.htrsm_.q00019.smt2	bwz	88f064f4c0790831b89ebb8a0f9ceb6f78a57f2c
abstractable.bwz.f2clapack-f16.htrsm_.q00198.smt2	bwz	d9e8988d77d5b412eb74011be82966c9029099a0
abstractable.bwz.f2clapack-f16.htrsm_.q00092.smt2	bwz	fff67258bf39651ec62b7f72b3edc2689787f708
abstractable.bwz.f2clapack-f16.htrsm_.q00065.smt2	bwz	2b27d1be322774eb77f9402a899fc8234026eeb8
abstractable.bwz.f2clapack-f16.htrsm_.q00200.smt2	bwz	6f8725b26d9d75802f39a3a682a5346f5e1a0e0b
abstractable.bwz.f2clapack-f16.htrsm_.q00053.smt2	bwz	b94b07f31f59d2978cb22a93e268b4942db74e2c
abstractable.bwz.f2clapack-f16.htrsm_.q00051.smt2	bwz	6dcd8d5faaeb1deaf5146e0237358c7aef5886e0
abstractable.bwz.f2clapack-f16.htrsm_.q00209.smt2	bwz	4b07f4d5585074e0de7923bdaf439cc2e20be749
abstractable.bwz.f2clapack-f16.htrsm_.q00037.smt2	bwz	86099bb7eede11fa710ba96e0ab7961b440a627c
abstractable.bwz.f2clapack-f16.htrsm_.q00238.smt2	bwz	4a9941d7104ea5a8ae2e241049104887c41e1edd
abstractable.bwz.f2clapack-f16.htrsm_.q00054.smt2	bwz	8b3c11cb41a9d1ea78d8f438f11a9936e5a89053
abstractable.bwz.f2clapack-f16.htrsm_.q00177.smt2	bwz	258b9f396678370e83d76d74d1c6f13048faff2c
abstractable.bwz.f2clapack-f16.htrsm_.q00204.smt2	bwz	c2daaf2aad4ca8893dd40e07add576655f8eff43
abstractable.bwz.f2clapack-f16.htrsm_.q00106.smt2	bwz	9477fc63d10a5113905bb2d731d5a77015f19b3f
abstractable.bwz.f2clapack-f16.htrsm_.q00138.smt2	bwz	3f1e21701aa00b42c4c0a361bfc19967950648ae
abstractable.bwz.f2clapack-f16.htrsm_.q00075.smt2	bwz	cf5d1febae03508da9bea2a235741fa80493e97b
abstractable.bwz.f2clapack-f16.htrsm_.q00097.smt2	bwz	a783428d31c2f8d8859c6bf7702d1f9c533b1eac
abstractable.bwz.f2clapack-f16.htrsm_.q00155.smt2	bwz	8ff5dcd544426edc0d57c584b5b45023d48a5f47
abstractable.bwz.f2clapack-f16.htrsm_.q00131.smt2	bwz	e1014c0a479fbe9c87c856616ae9bd298e9c3831
abstractable.bwz.f2clapack-f16.htrsm_.q00232.smt2	bwz	2348de624348d7456dfa36c16b0ea82d7420a651
abstractable.bwz.f2clapack-f16.htrsm_.q00139.smt2	bwz	4ad980f1071947741e8e03facca3f3c0cf89f9df
abstractable.bwz.f2clapack-f16.htrsm_.q00108.smt2	bwz	5933861255d5f5e2780ee0a0eb28c8ef97df98bb
abstractable.bwz.f2clapack-f16.htrsm_.q00158.smt2	bwz	1466cfcad912cf7e05afa37978e7919cf2094229
abstractable.bwz.f2clapack-f16.htrsm_.q00172.smt2	bwz	24f1562422da37d033ccb1bd8a86d70922b498d9
abstractable.bwz.f2clapack-f16.htrsm_.q00236.smt2	bwz	4bc4b1230104e9f43a939af349047b587ccf8346
abstractable.bwz.f2clapack-f16.htrtrs_.q00022.smt2	bwz	a65293b506c9e2fc74e2e494c2db9f9f68b34373
abstractable.bwz.f2clapack-f16.htrtrs_.q00034.smt2	bwz	5a290287cf5b36cf701bf60f23ff26904e462db2
abstractable.bwz.f2clapack-f16.htrtrs_.q00032.smt2	bwz	f552781dfe97ac7f65860104bc1293ab4b37e0d6
abstractable.bwz.f2clapack-f16.htrtrs_.q00042.smt2	bwz	733954172791166186c295fc9c01ec0c57c589c3
abstractable.bwz.f2clapack-f16.htrtrs_.q00259.smt2	bwz	303355bb1dbbbfaa0a1e5eea371a53d859d372ba
abstractable.bwz.f2clapack-f16.htrtrs_.q00082.smt2	bwz	f7d57fb7ee91b78018477e31f4bbbbb5b38ceea4
abstractable.bwz.f2clapack-f16.htrtrs_.q00229.smt2	bwz	f4147ac7e5db3efdf66e4c1dd578ccccb7d1f426
abstractable.bwz.f2clapack-f16.htrtrs_.q00162.smt2	bwz	228d84207d704781e2cdb240b50178d3c608c235
abstractable.bwz.f2clapack-f16.htrtrs_.q00123.smt2	bwz	dc79f599c4d7b60896892813d7840f89c3a856fd
abstractable.bwz.f2clapack-f16.htrtrs_.q00228.smt2	bwz	39bacde230e07bfd41585b504280b76c2468fe8f
abstractable.bwz.f2clapack-f16.htrtrs_.q00263.smt2	bwz	212379da29888e81dc22713264a3f7fde42883ce
abstractable.bwz.f2clapack-f16.htrtrs_.q00046.smt2	bwz	af6f6c5a79eae7461cfbcb8b07b60e52b1625ab8
abstractable.bwz.f2clapack-f16.htrtrs_.q00247.smt2	bwz	91c45f6d0c2cf62911bfe589ea6523b77084aae2
abstractable.bwz.f2clapack-f16.htrtrs_.q00156.smt2	bwz	188f028e7f9d9fcdb520c2610b05cd8614bcc8f2
abstractable.bwz.f2clapack-f16.htrtrs_.q00179.smt2	bwz	e302bccfb9b2c2f11dd8ee2b454985a6b7a169d8
abstractable.bwz.f2clapack-f16.htrtrs_.q00067.smt2	bwz	e08737f39bfcde6d4888bb7e83d2b225c9fe6831
abstractable.bwz.f2clapack-f16.htrtrs_.q00087.smt2	bwz	6cedacecf263ec774dc6df66f7da13a41e2dceae
abstractable.bwz.f2clapack-f16.htrtrs_.q00172.smt2	bwz	971ebdd6b1cedb4cd25858443d1985344a40f7f1
abstractable.bwz.f2clapack-f16.htrtrs_.q00048.smt2	bwz	94a867f182b5774f7e7df05381df8ac048f88a78
abstractable.bwz.f2clapack-f16.htrtrs_.q00265.smt2	bwz	26828271217a5c104956ed2dd96e84cf944bb689
abstractable.bwz.f2clapack-f16.htrtrs_.q00257.smt2	bwz	f91849860ad1f0d5bb040e8d891beff5511ca1e0
abstractable.bwz.f2clapack-f16.htrtrs_.q00182.smt2	bwz	cdaba4dc7b32cbfca0cb97d73dadafa6acab28ba
abstractable.bwz.f2clapack-f16.htrtrs_.q00218.smt2	bwz	a83d05f1a5f3db5d90282b70045808a50aac91a6
abstractable.bwz.f2clapack-f16.htrtrs_.q00105.smt2	bwz	8e206babf36986786fbc48e6bdb80d632923564c
abstractable.bwz.f2clapack-f16.htrtrs_.q00258.smt2	bwz	741783c3a27841ec263181c46fecaa2a06bfb921
abstractable.bwz.f2clapack-f16.hpotrs_.q00001.smt2	bwz	dd5a723631d0fb7efc0674fa579c792c6f6536b9
abstractable.bwz.f2clapack-f16.hpotrs_.q00002.smt2	bwz	33d93f307cdcb01f50bab906e380d4809756fb71
abstractable.bwz.f2clapack-f16.hpotrs_.q00003.smt2	bwz	31cded85926b28142660ebe1fc34a2f87099b22e
abstractable.bwz.f2clapack-f16.hpotrs_.q00004.smt2	bwz	0400e9939f8d1d18147e111258d8de6e0d94a7f6
abstractable.bwz.f2clapack-f16.hpotrs_.q00006.smt2	bwz	3eeff20e3e87f3b10a2e8eedca4942fe091e06f1
abstractable.bwz.f2clapack-f16.hpotrs_.q00007.smt2	bwz	a993951d01ede2175f08e358a0e18930acfaf339
abstractable.bwz.f2clapack-f16.hpotrs_.q00008.smt2	bwz	1cec781a8ab1d05aecec06070ec001a6339b8e1d
abstractable.bwz.f2clapack-f16.hpotrs_.q00009.smt2	bwz	9a25f632a59f279c7a1d0b32a19fe0c0e3311d29
abstractable.bwz.f2clapack-f16.hpotrs_.q00011.smt2	bwz	7e68224de9bc13da0a5aa65be2ae018742cafe24
abstractable.bwz.f2clapack-f16.hpotrs_.q00012.smt2	bwz	256c3fe44b4ade06e79d5224c761676e34c386d1
abstractable.bwz.f2clapack-f16.hpotrs_.q00028.smt2	bwz	3fd31fac18236762ffcc7b870932d6f718c50e3e
abstractable.bwz.f2clapack-f16.hpotrs_.q00029.smt2	bwz	eb487083f55fa238461d85ec2cf2d07101a45f98
abstractable.bwz.f2clapack-f16.hpotrs_.q00014.smt2	bwz	38ebb14545afa46bf64f034ac6142fb2d4f5f005
abstractable.bwz.f2clapack-f16.hpotrs_.q00030.smt2	bwz	6983313dc1f14841884cbbbf5f7db4c6efbd3c6a
abstractable.bwz.f2clapack-f16.hpotrs_.q00015.smt2	bwz	ffddc19ad0697733cfbac92b64d89897478655d1
abstractable.bwz.f2clapack-f16.hpotrs_.q00016.smt2	bwz	f5a19f4ae40f1abbf0078698c7c92c7a20188b21
abstractable.bwz.f2clapack-f16.hpotrs_.q00021.smt2	bwz	3a422aa7f882bc71ac7d7cba92d5150d28080f02
abstractable.bwz.f2clapack-f16.hpotrs_.q00018.smt2	bwz	0d848d0643be76515ca7f42c908ffd5d7e3e11df
abstractable.bwz.f2clapack-f16.hpotrs_.q00019.smt2	bwz	71f320c19be01f9c9853547ed177cb41f4afce6b
abstractable.bwz.f2clapack-f16.hpotrs_.q00032.smt2	bwz	6a60cc112c24c6a71f8ea7941666756b2562f0a7
abstractable.bwz.f2clapack-f16.hpotrs_.q00017.smt2	bwz	a45da06d6aa11730dd7f67192b6f380d6851bd6e
abstractable.bwz.f2clapack-f16.hpotrs_.q00023.smt2	bwz	6e2d9e192e7051be10ae7bfc215132174c427edc
abstractable.bwz.f2clapack-f16.hpotrs_.q00020.smt2	bwz	98b9b2fe4bebe5ea65c6059d3b3dbb29e410594a
abstractable.bwz.f2clapack-f16.hpotrs_.q00026.smt2	bwz	a59ded3ebc123e0b4bba49ff9776dee4d1d28673
abstractable.bwz.f2clapack-f16.hpotrs_.q00024.smt2	bwz	4e2e63027fe6baa1123eda1bea4c97f39dc73c61
abstractable.bwz.f2clapack-f16.hpotrf_.q00012.smt2	bwz	0125a38524a6ed3a31e71ae7a162247d10f0271f
abstractable.bwz.f2clapack-f16.hpotrf_.q00011.smt2	bwz	d8ccd79f7336af1b114c0f754c1ebb12d5557d8c
abstractable.bwz.f2clapack-f16.hpotrf_.q00010.smt2	bwz	d8ccd79f7336af1b114c0f754c1ebb12d5557d8c
abstractable.bwz.f2clapack-f16.hpotrf_.q00009.smt2	bwz	21a086d16e0752882de6bfb30623bd8e39dd7f84
abstractable.bwz.f2clapack-f16.hpotrf_.q00008.smt2	bwz	fa8e3ff0dd25b7a6cf415424fc5b54680921bd6a
abstractable.bwz.f2clapack-f16.hpotrf_.q00007.smt2	bwz	fa8e3ff0dd25b7a6cf415424fc5b54680921bd6a
abstractable.bwz.f2clapack-f16.hpotrf_.q00006.smt2	bwz	0020aa607f2812cfddbb86a7e707158f0cf90267
abstractable.bwz.f2clapack-f16.hpotrf_.q00005.smt2	bwz	703854dbaa93d4a5b8c2e13b3b9ce7ad26c93c47
abstractable.bwz.f2clapack-f16.hpotrf_.q00004.smt2	bwz	703854dbaa93d4a5b8c2e13b3b9ce7ad26c93c47
abstractable.bwz.f2clapack-f16.hlascl_.q00020.smt2	bwz	d4fa416b7cc207ece21149cbd7d0b1ec94db4889
abstractable.bwz.f2clapack-f16.hlascl_.q00019.smt2	bwz	e69fed6fbcd119d31355c80d20400258ed639fd6
abstractable.bwz.f2clapack-f16.hlascl_.q00018.smt2	bwz	cf441a96d2f725627149788bac025e19386c643d
abstractable.bwz.f2clapack-f16.hlascl_.q00017.smt2	bwz	14a19d2ac5d5228594c04b073b6e21f6421b746a
abstractable.bwz.f2clapack-f16.hlascl_.q00016.smt2	bwz	8dcea8fbbe34d3696bba3069c8744e70f62276e1
abstractable.bwz.f2clapack-f16.hlascl_.q00015.smt2	bwz	9e9906a207747d0adf491caad7d6d94816d997d7
abstractable.bwz.f2clapack-f16.hlascl_.q00014.smt2	bwz	93e67661ba29cd5b7cd502b98ed0f43caca51986
abstractable.bwz.f2clapack-f16.hlascl_.q00013.smt2	bwz	374a9912b91e8542864d01557b666d88bcbd0a5c
abstractable.bwz.f2clapack-f16.hlascl_.q00012.smt2	bwz	67ccf1161cffc45a8b74e986025da5bc0cb224a5
abstractable.bwz.f2clapack-f16.hlascl_.q00011.smt2	bwz	16e8e37fd1439ca53079995b7d75ce1a3adbc3a6
abstractable.bwz.f2clapack-f16.hlascl_.q00010.smt2	bwz	ffd221e5942ec61a2725e98c55ed261bc0ba7257
abstractable.bwz.f2clapack-f16.hlascl_.q00009.smt2	bwz	7054ea317b3d97d2f70fce4cfc3371006e0588b9
abstractable.bwz.f2clapack-f16.hlascl_.q00008.smt2	bwz	f0909975f564bb9acd3ed683c08cc34953d7408b
abstractable.bwz.f2clapack-f16.hlascl_.q00007.smt2	bwz	b5ab8f322908222cde622f295ff3da5c79d36bac
abstractable.bwz.f2clapack-f16.hlascl_.q00006.smt2	bwz	7183802c8059f80ad37d650602d7933c4ea25481
abstractable.bwz.f2clapack-f16.hlascl_.q00005.smt2	bwz	fdfacef6c144b9448f669b53d3a4e24f23ade991
abstractable.bwz.f2clapack-f16.hlascl_.q00004.smt2	bwz	aa2742a0e1a9dacea1a095000d055de30dfa03ae
abstractable.bwz.f2clapack-f16.hgesv_.q00181.smt2	bwz	ee8ca34fc378a4b7f0024cea541ff4433239ae4a
abstractable.bwz.f2clapack-f16.hgesv_.q00183.smt2	bwz	62b2ad9385257ecd380b6899bb1d824cc6c57765
abstractable.bwz.f2clapack-f16.hgesv_.q00221.smt2	bwz	9d8687422152f41249da2104e653cf42c8bfc2b2
abstractable.bwz.f2clapack-f16.hgesv_.q00222.smt2	bwz	b8ba174ba4318f19f83f7d345fa442d8246b2fc8
abstractable.bwz.f2clapack-f16.hgesv_.q00094.smt2	bwz	d12852401b599a51d28a33ff60513c48eae083cb
abstractable.bwz.f2clapack-f16.hgesv_.q00179.smt2	bwz	c0e5bc019e43996bc7ce6dba1c2c4c7e33381ff8
abstractable.bwz.f2clapack-f16.hgesv_.q00176.smt2	bwz	38505bd2726d2cbce07d0a168f4c878f53e88b73
abstractable.bwz.f2clapack-f16.hgesv_.q00185.smt2	bwz	57662d5c53797899b1e9dbce351dde26fe8ed1d2
abstractable.bwz.f2clapack-f16.hgesv_.q00100.smt2	bwz	97412abf33e77b8f152c43f0ca6ee1356a8b91d7
abstractable.bwz.f2clapack-f16.hgesv_.q00144.smt2	bwz	8ff8fd86ac584f9f72d7cc92b2efbb98f244849f
abstractable.bwz.f2clapack-f16.hgesv_.q00246.smt2	bwz	5794b53ef0068818f8cd50ca9c363890bce9af4c
abstractable.bwz.f2clapack-f16.hgesv_.q00159.smt2	bwz	0b0245e9d91ae76be477724ab024979e2a154bd8
abstractable.bwz.f2clapack-f16.hgesv_.q00205.smt2	bwz	99c49a150a86a9c9db46edfd815acc0d6c72ee27
abstractable.bwz.f2clapack-f16.hgesv_.q00290.smt2	bwz	cab40b4af4b21be783c0aa6d72750a8f14e34110
abstractable.bwz.f2clapack-f16.hgesv_.q00080.smt2	bwz	de3b0885f4900ea55775aca981c6525d2781134d
abstractable.bwz.f2clapack-f16.hgesv_.q00215.smt2	bwz	7e86414d5a97164e46095be22a87f341d1680518
abstractable.bwz.f2clapack-f16.hgesv_.q00210.smt2	bwz	9667e8db61f590eb5603cecd8f53c851715fa9e6
abstractable.bwz.f2clapack-f16.hgesv_.q00243.smt2	bwz	81f6745dea4993b189777bc4eea31f0ab8c4f300
abstractable.bwz.f2clapack-f16.hgesv_.q00237.smt2	bwz	48b1b876e66b65eff54497920b5ea9557f74a5df
abstractable.bwz.f2clapack-f16.hgesv_.q00291.smt2	bwz	558ed908a0f1a56d7f72cd9c95efa87296306c90
abstractable.bwz.f2clapack-f16.hgesv_.q00112.smt2	bwz	43fdce1314bbb3c488dbf4e1314968b4cdbce77d
abstractable.bwz.f2clapack-f16.hgesv_.q00169.smt2	bwz	0311d59a5bb3201bd572ba3f085c341201483f86
abstractable.bwz.f2clapack-f16.hgesv_.q00163.smt2	bwz	523bd919b7771c10c179760640b110cdb3506e3a
abstractable.bwz.f2clapack-f16.hgesv_.q00109.smt2	bwz	935634932818636445b6a86198bc8999b5892f19
abstractable.bwz.f2clapack-f16.hgesv_.q00282.smt2	bwz	b25fd5238fdb9b0465f43530d5c528b60838923b
abstractable.bwz.f2clapack-f16.hgetf2_.q00061.smt2	bwz	6bd17b970b373ea0bb79364f3c422fcbe13e532a
abstractable.bwz.f2clapack-f16.hgetf2_.q00478.smt2	bwz	2be3d4d1b2366ea84404974b08c7e3602e6be817
abstractable.bwz.f2clapack-f16.hgetf2_.q00114.smt2	bwz	5227480215afa0da48ad52027b03dfe9f8c50858
abstractable.bwz.f2clapack-f16.hgetf2_.q00038.smt2	bwz	d40374102ef17b8f605460b4ba72f1ba63891d69
abstractable.bwz.f2clapack-f16.hgetf2_.q00348.smt2	bwz	0283f0641a8c9b608b9b942ca0ccb9fef4e3cdab
abstractable.bwz.f2clapack-f16.hgetf2_.q00116.smt2	bwz	cf410a59f64eef09fa349a0ca953f313d65aa66b
abstractable.bwz.f2clapack-f16.hgetf2_.q00402.smt2	bwz	e8a78994438f7f79e751025b529363800f7a8cae
abstractable.bwz.f2clapack-f16.hgetf2_.q00378.smt2	bwz	aad7da9409974e03b8ffacc987e79e4938bec75b
abstractable.bwz.f2clapack-f16.hgetf2_.q00283.smt2	bwz	780316249fa7af33036ce0304a4516c43f1040db
abstractable.bwz.f2clapack-f16.hgetf2_.q00334.smt2	bwz	dce97857833f8dd34fca75725b5b4db7e9aac6b4
abstractable.bwz.f2clapack-f16.hgetf2_.q00236.smt2	bwz	929d3ef8320e842c553e76ccc34bab2a18f7d13a
abstractable.bwz.f2clapack-f16.hgetf2_.q00047.smt2	bwz	5292e9b57da47a57faccfd8ebb03dbac155cd4f4
abstractable.bwz.f2clapack-f16.hgetf2_.q00081.smt2	bwz	4ee199024dc723a713b8980dff3fddb9357da443
abstractable.bwz.f2clapack-f16.hgetf2_.q00362.smt2	bwz	f9fcec2dbf74f1e9078c1b39a4faa4d73fb28b7a
abstractable.bwz.f2clapack-f16.hgetf2_.q00226.smt2	bwz	be002ef7f97097e412ab22c7797161514c35d43e
abstractable.bwz.f2clapack-f16.hgetf2_.q00231.smt2	bwz	8fbed10cea74f06454145e2bec755ab08bc31144
abstractable.bwz.f2clapack-f16.hgetf2_.q00297.smt2	bwz	73302350895e62531552d90c93839736a8cf293d
abstractable.bwz.f2clapack-f16.hgetf2_.q00189.smt2	bwz	4dfb0dffef4a97c17e07b4bb21ccd23fc965fd12
abstractable.stp.f2clapack-f64.dgetrf_.q.0072.smt2	stp	
abstractable.stp.f2clapack-f64.dgetrf_.q.0056.smt2	stp	2a7a141a76dc4c40143fb6d3c36b98e1ba17f598
abstractable.stp.f2clapack-f64.dgetrf_.q.0066.smt2	stp	
abstractable.stp.f2clapack-f64.dgetrf_.q.0049.smt2	stp	d489719555978c4558d4282558e1d4008fbef7cd
abstractable.bwz.gsl.gsl_sf_mathieu_a.q00011.smt2	bwz	e3b7529a7aa62d00deefe8e920148895f6e0b1c4
abstractable.bwz.gsl.gsl_sf_mathieu_a.q00059.smt2	bwz	467fdf67fbd0feb349fd26777e1bccb7915245c5
abstractable.bwz.gsl.gsl_sf_mathieu_a.q00107.smt2	bwz	93c05a1784601bb5086cc4de85ae541b22058df6
abstractable.bwz.gsl.gsl_sf_mathieu_a.q00156.smt2	bwz	012ba0092cef1507d25ad849dd7f6c778c093a5f
abstractable.bwz.gsl.gsl_sf_mathieu_a.q00204.smt2	bwz	15adef7638679af894d2ddacfbc0cbf71bca7de7
abstractable.bwz.gsl.gsl_sf_mathieu_a.q00252.smt2	bwz	ecf03e7256150e4ea6143f260af181161e7cb938
abstractable.bwz.gsl.gsl_sf_mathieu_a.q00301.smt2	bwz	b854f49496e5b864daf204154c7b3878a895a6e0
abstractable.bwz.gsl.gsl_sf_mathieu_a.q00349.smt2	bwz	61f6baaa705623a657ce5b292e0a58e8aa21f15b
abstractable.bwz.gsl.gsl_sf_mathieu_a.q00397.smt2	bwz	61cda84462401ed06e28c0ce33b31f89ab490851
abstractable.bwz.gsl.gsl_sf_mathieu_a.q00446.smt2	bwz	dadae76d3f283efeb3d898eef09a5a25a21402d9
abstractable.bwz.gsl.gsl_sf_mathieu_a.q00494.smt2	bwz	d45640c96bc8dffafe3858fb46309133e1a88e71
abstractable.bwz.gsl.gsl_sf_mathieu_a.q00542.smt2	bwz	e229b4353325b89c9b89320f4b97a744efa7ed38
abstractable.bwz.f2clapack-f16.hgetrf_.q00014.smt2	bwz	ddf33332bc5b42c8113ae46b8b6a4360b4016e4e
abstractable.bwz.f2clapack-f16.hgetrf_.q00017.smt2	bwz	05f9d5e54fe55daacd24491c5686117ba6e4594b
abstractable.bwz.f2clapack-f16.hgetrf_.q00311.smt2	bwz	f80691331d9d3955547f1c8d5f8a1e9a20ce6ed4
abstractable.bwz.f2clapack-f16.hgetrf_.q00314.smt2	bwz	8ff55c68caa912102a2a67dc53738fbfa7259a4a
abstractable.bwz.f2clapack-f16.hgetrf_.q00075.smt2	bwz	81c1f9b9dda7f642617ce3b0b7c706b30c8b4949
abstractable.bwz.f2clapack-f16.hgetrf_.q00021.smt2	bwz	2ad51d16b73ec4b5c78aaa996345242c86bfb408
abstractable.bwz.f2clapack-f16.hgetrf_.q00022.smt2	bwz	39e9c88cee992aba0e0668ef80affc68e57bfd2a
abstractable.bwz.f2clapack-f16.hgetrf_.q00035.smt2	bwz	75193cbcc7aca43fc3e68ca631d62394c2093b1e
abstractable.bwz.f2clapack-f16.hgetrf_.q00043.smt2	bwz	d680fcdf61a22deedc2d4168d82b996459cfce76
abstractable.bwz.f2clapack-f16.hgetrf_.q00039.smt2	bwz	e945132bca1e467368cba14180fea0e9e07763fb
abstractable.bwz.f2clapack-f16.hgetrf_.q00037.smt2	bwz	5a14f83b2ed80cc700b7206d448d5392180cb233
abstractable.bwz.f2clapack-f16.hgetrf_.q00073.smt2	bwz	5a0a5f5c1ab7511b5affc227950d7bdcf2194f82
abstractable.bwz.f2clapack-f16.hgetrf_.q00068.smt2	bwz	ed7c9d2e06b2ca0d3c5034db5163bbff393b4ed6
abstractable.bwz.f2clapack-f16.hgetrf_.q00066.smt2	bwz	f52e8090a624f5d9fa0527d71ed6841f548ea3ad
abstractable.bwz.f2clapack-f16.hgetrf_.q00027.smt2	bwz	3465f2ca8eed3e9db58d2c0baf9b9c729bd22233
abstractable.bwz.f2clapack-f16.hgetrf_.q00300.smt2	bwz	d6b3bbbdd8cb9bc9e7be23a1b590277ad05983f0
abstractable.bwz.f2clapack-f16.hlange_.q00015.smt2	bwz	b8bab3f534a0e0e20c5ebecac687f64ddd4bb25c
abstractable.bwz.f2clapack-f16.hlange_.q00014.smt2	bwz	31ec066cbc513e62a54fd671dcb7d0bea53e7b0f
abstractable.bwz.f2clapack-f16.hlange_.q00013.smt2	bwz	e220550c2a711c6a67577665ecb0b79bc9087dea
abstractable.bwz.f2clapack-f16.hlange_.q00012.smt2	bwz	ca6c64bb105fff3b361e86bbac8b9d91e9b41f0e
abstractable.bwz.f2clapack-f16.hlange_.q00011.smt2	bwz	5173cbd67114bc259039a003ca05b40652d93463
abstractable.bwz.f2clapack-f16.hlange_.q00010.smt2	bwz	cfec67352111c51d21edb4cfc6f4c941bb8d99ab
abstractable.bwz.f2clapack-f16.hlange_.q00009.smt2	bwz	85b75f1417952948d4d22d635dd45ca1f1064b35
abstractable.bwz.f2clapack-f16.hlange_.q00008.smt2	bwz	db8a177fc85e5bec4abd13bda7b25aa5c2f0c011
abstractable.bwz.f2clapack-f16.hlange_.q00007.smt2	bwz	e65f6b050027fe0b9bc964c2069cf6abcccac0c4
abstractable.bwz.f2clapack-f16.hlange_.q00006.smt2	bwz	2819b23810128242c5e65b019334b724ae3eec95
abstractable.bwz.f2clapack-f16.hlange_.q00005.smt2	bwz	53ecd3423d29c85a3423ed1f506f786ee9a5d7e5
abstractable.bwz.f2clapack-f16.hlange_.q00004.smt2	bwz	928ab8f072426a1c50c3352677ec741bf51b9881
abstractable.bwz.f2clapack-f16.hlange_.q00003.smt2	bwz	0b4b9212c379039c80a76f67df37920970dde32b
abstractable.bwz.f2clapack-f16.hlange_.q00002.smt2	bwz	0f4cab0c054318f72dd1ca6aba769d0c3ba88e6a
abstractable.bwz.f2clapack-f16.hlange_.q00001.smt2	bwz	2dec03db5d3efab48246c342b9a864f2eacdba6c
abstractable.bwz.f2clapack-f32.strsm_.q00023.smt2	bwz	a1696bd6a3f080064d8a84c4f69f1859131f4d58
abstractable.bwz.f2clapack-f32.strsm_.q00019.smt2	bwz	d79b039794e31ec196ffac3266373e2e824ceb2e
abstractable.bwz.f2clapack-f32.strsm_.q00030.smt2	bwz	0999844bccbc973b478e8036f30b5be4fd75e385
abstractable.bwz.f2clapack-f32.strsm_.q00031.smt2	bwz	c02ed3a982358ef8102a4128a8865fd9e72560ff
abstractable.bwz.f2clapack-f32.strsm_.q00021.smt2	bwz	afe9c2dc5911f73378bce0418c9eb7f8491d2653
abstractable.bwz.f2clapack-f32.strsm_.q00049.smt2	bwz	7c02a80084b1706e3967efa796797ecc528307eb
abstractable.bwz.f2clapack-f32.strsm_.q00022.smt2	bwz	7766ea6dfe2b5aa9a5a88e70f39e5fa6cd1ca72c
abstractable.bwz.f2clapack-f32.strsm_.q00065.smt2	bwz	cea96936eb888bb4e2902b21f9b77ed43d9daa57
abstractable.bwz.f2clapack-f32.strsm_.q00032.smt2	bwz	86fdca9d5c86f63c15115a0d339cc8ca96412d25
abstractable.bwz.f2clapack-f32.strsm_.q00033.smt2	bwz	8e7c860b3a22d8ed86135879f47d9c444f1137f4
abstractable.bwz.f2clapack-f32.strsm_.q00026.smt2	bwz	dda916a5ec94f9fcad2903155ac3c39d3cced974
abstractable.bwz.f2clapack-f32.strsm_.q00050.smt2	bwz	6c658a447eae1221af97b321d4e1dcd8cdb81d70
abstractable.bwz.f2clapack-f32.strsm_.q00061.smt2	bwz	27bcc7b4e3b2d54c76e375a366fcca8a03fe1fb2
abstractable.bwz.f2clapack-f32.strsm_.q00053.smt2	bwz	9dba6bfc403d895285ec15bfd6181e61911df5ec
abstractable.bwz.f2clapack-f32.strsm_.q00059.smt2	bwz	30b6dc34b7bc5e187ecf77d47b817a54a254500a
abstractable.bwz.f2clapack-f32.strsm_.q00034.smt2	bwz	453c423e1ddcc25e80edaed0309eb5dc0b5992cf
abstractable.bwz.f2clapack-f32.strsm_.q00069.smt2	bwz	4e4780db3c1a4abf25a289324f5ac064efa2ac1a
abstractable.bwz.f2clapack-f32.strsm_.q00037.smt2	bwz	3e6c65d793cc1ce8918671eff1f5ec1579f9f116
abstractable.bwz.f2clapack-f32.strsm_.q00044.smt2	bwz	60022bfed1868570b2a517c732483dac6d044860
abstractable.bwz.f2clapack-f32.strsm_.q00060.smt2	bwz	755963d69d15d3624bc19674051634ffa0dbebfa
abstractable.bwz.f2clapack-f32.strsm_.q00052.smt2	bwz	54943580252aa0752f7540578b7a610f780a9c6a
abstractable.bwz.f2clapack-f32.strsm_.q00072.smt2	bwz	75131f38e7938fed4b093a37c63865afcbdfbfa3
abstractable.bwz.f2clapack-f32.strsm_.q00055.smt2	bwz	1fba58b510abb04a20cdce273e9b2b0a80ef7216
abstractable.bwz.f2clapack-f32.strsm_.q00046.smt2	bwz	11b72cdc9dd48722131772d39a08839fdd2b8fed
abstractable.bwz.f2clapack-f32.strsm_.q00073.smt2	bwz	bcc88e53d9e1e3bcafa9c6dd98c65badb5366e7d
abstractable.bwz.f2clapack-f32.strsv_.q00015.smt2	bwz	bea9b743fd89d56a1d3116b6434f0281a6fb8b4c
abstractable.bwz.f2clapack-f32.strsv_.q00014.smt2	bwz	56fe2da8db40c49d1d18e543daefcffb7a2650d2
abstractable.bwz.f2clapack-f32.strsv_.q00013.smt2	bwz	b940f347d9d380278dd44ec62c97651946f5a81f
abstractable.bwz.f2clapack-f32.strsv_.q00012.smt2	bwz	b6c4c9dbe007bc878633791e742353c1cafc7476
abstractable.bwz.f2clapack-f32.strsv_.q00011.smt2	bwz	8146a6ab77ada219838b2f8921f5bb2b1494db2c
abstractable.bwz.f2clapack-f32.strsv_.q00010.smt2	bwz	158c69e4ac66e7452dc656535eae84c16b416c86
abstractable.bwz.f2clapack-f32.strsv_.q00009.smt2	bwz	e2021886b26e04efffd303d843defd9a29b53af5
abstractable.bwz.f2clapack-f32.strsv_.q00008.smt2	bwz	a5331b043c3af945b1c675aa7c91f1f05e1b65e4
abstractable.bwz.f2clapack-f32.strsv_.q00007.smt2	bwz	6e65aa7d4ec2a9463e78c682a7233d5a62d31b48
abstractable.bwz.f2clapack-f32.strsv_.q00006.smt2	bwz	2436a095b3dc8995d8d024350f4326b5dc1029fd
abstractable.bwz.f2clapack-f32.strsv_.q00005.smt2	bwz	c27760f2cc55d7ea01d96bea4b650afef6c86f92
abstractable.bwz.f2clapack-f32.strtrs_.q00029.smt2	bwz	002de205fb32a2038703fa27164790e0ed437311
abstractable.bwz.f2clapack-f32.strtrs_.q00022.smt2	bwz	6195938c033643d240449e907a17c4f9384d6c62
abstractable.bwz.f2clapack-f32.strtrs_.q00040.smt2	bwz	447f6409888381bdc731d291082791720c41ba20
abstractable.bwz.f2clapack-f32.strtrs_.q00034.smt2	bwz	31b64bf4532f56800939ac30e74304622080083b
abstractable.bwz.f2clapack-f32.strtrs_.q00041.smt2	bwz	0070b6dae78873ab46bd2776bad27437e8d27cfd
abstractable.bwz.f2clapack-f32.strtrs_.q00059.smt2	bwz	c5af4843acb1c57bcc6d77a2afb6b6e510ae912e
abstractable.bwz.f2clapack-f32.strtrs_.q00070.smt2	bwz	87cc599f7c10808a7f7aebf16fb719929ec28351
abstractable.bwz.f2clapack-f32.strtrs_.q00050.smt2	bwz	e69d7d284b10311098a6b7554c892cc47929f824
abstractable.bwz.f2clapack-f32.strtrs_.q00027.smt2	bwz	b6c41142e2a3f43cede20b315533ed095ab92600
abstractable.bwz.f2clapack-f32.strtrs_.q00081.smt2	bwz	e6547ce501460d8465aa82f10d194b2db17ce793
abstractable.bwz.f2clapack-f32.strtrs_.q00037.smt2	bwz	e98d3f3cb0383e7a0e47a8f9411cd75409fa4f95
abstractable.bwz.f2clapack-f32.strtrs_.q00082.smt2	bwz	a30ac901710bc1d357ae7bec94ec83a4d1e9fa5a
abstractable.bwz.f2clapack-f32.strtrs_.q00033.smt2	bwz	574f1d805cb4d2ca578c2aae728b2660791c8425
abstractable.bwz.f2clapack-f32.strtrs_.q00053.smt2	bwz	e33b17ce6c025bc2f82ddb11c9ca8f2e4b168f55
abstractable.bwz.f2clapack-f32.strtrs_.q00045.smt2	bwz	d8f6cbf7e3a7fdf6a81f26b83b6b7129922f2918
abstractable.bwz.f2clapack-f32.strtrs_.q00036.smt2	bwz	242e2bc92e75fe77e4d4cd13390285c442dfe842
abstractable.bwz.f2clapack-f32.strtrs_.q00052.smt2	bwz	bf5243f105e3d4cde92044ec6df37a1e7f4a63d6
abstractable.bwz.f2clapack-f32.strtrs_.q00085.smt2	bwz	53689fcabab855359813dd8666f3cbd2cb49b082
abstractable.bwz.f2clapack-f32.strtrs_.q00055.smt2	bwz	a8ae2c12b10fbf09334cde0033a258a9923e4ca4
abstractable.bwz.f2clapack-f32.strtrs_.q00074.smt2	bwz	e2b640a16688a6490ad5092583bc4b2ebe5943c6
abstractable.bwz.f2clapack-f32.strtrs_.q00064.smt2	bwz	df65c7c816c097a68deef1e8ad1d84cd2d5f3e93
abstractable.bwz.f2clapack-f32.strtrs_.q00086.smt2	bwz	72897729ae1e7469614c902e67c18d5122135ab8
abstractable.bwz.f2clapack-f32.strtrs_.q00068.smt2	bwz	ec99e909d0385f4fae3518ca605f132e3106623a
abstractable.bwz.f2clapack-f32.strtrs_.q00077.smt2	bwz	e146f5a949b110a1a26235ff02d91cb55bbf35a2
abstractable.bwz.f2clapack-f32.strtrs_.q00048.smt2	bwz	32430b7c9304dace0ea83ceead00d39b2ec07784
abstractable.bwz.f2clapack-f32.spotrs_.q00020.smt2	bwz	8f4b4126b311cd3c5d627a2792979a9f6dc2a4b9
abstractable.bwz.f2clapack-f32.spotrs_.q00019.smt2	bwz	e161a55a44d5f22eb26a7cbab893eb61f5a97091
abstractable.bwz.f2clapack-f32.spotrs_.q00018.smt2	bwz	7a8e29eadb20f9d7071a8bfac8e531645964cc1f
abstractable.bwz.f2clapack-f32.spotrs_.q00017.smt2	bwz	276534f8c4dd0b6d752950f86bbd60ace3fc8c92
abstractable.bwz.f2clapack-f32.spotrs_.q00016.smt2	bwz	8b44791e62262acbac812c26d3bb9b6f0be1af10
abstractable.bwz.f2clapack-f32.spotrs_.q00015.smt2	bwz	979d13a38b522d8a14f46e05da700f7c96aeebc4
abstractable.bwz.f2clapack-f32.spotrs_.q00014.smt2	bwz	1a5241be887a94d17a394ae74c01d56276e1fffc
abstractable.bwz.f2clapack-f32.spotrs_.q00013.smt2	bwz	080e834df3caaf0c3a93c930ddabc6661479fb31
abstractable.bwz.f2clapack-f32.spotrs_.q00012.smt2	bwz	d98754c31918fbd23d95970684faa2f3cf8a0017
abstractable.bwz.f2clapack-f32.spotrs_.q00011.smt2	bwz	71c10517ce8d479659ff2e25529b9fc0b6a15f03
abstractable.bwz.f2clapack-f32.spotrs_.q00010.smt2	bwz	a6cbac246a48f641bc564cf1dfa4a88808c716d7
abstractable.bwz.f2clapack-f32.spotrs_.q00009.smt2	bwz	1a099255b8a59cc5193e7a7b439d9282fc797d4e
abstractable.bwz.f2clapack-f32.spotrs_.q00008.smt2	bwz	dc91fdd82507e11dcbaba9882a6d9be7e5609b79
abstractable.bwz.f2clapack-f32.spotrs_.q00007.smt2	bwz	7256bc646a8687476b04d8b84c5601c8bbddfb11
abstractable.bwz.f2clapack-f32.spotrs_.q00006.smt2	bwz	6ef052751ba7d7f52e1a081b795e74333fa14a07
abstractable.bwz.f2clapack-f32.spotrs_.q00005.smt2	bwz	4d3e5b9688074200cac0ed2d2a72061aa22ff455
abstractable.bwz.f2clapack-f32.spotrs_.q00004.smt2	bwz	0e1a560538fd2feea7d1bf63694092c833c042ca
abstractable.bwz.f2clapack-f32.spotrs_.q00003.smt2	bwz	2c22c3f8109a4d50b720c3b1e1d38c9aaf5ab026
abstractable.bwz.f2clapack-f32.spotrs_.q00002.smt2	bwz	8114205470a799f3a2a9be37120201320fb5eeaa
abstractable.bwz.f2clapack-f32.spotrs_.q00001.smt2	bwz	1b438fe1a1e524624828befdbdeb4329d0f8860f
abstractable.bwz.f2clapack-f16.hgels_.q00047.smt2	bwz	c91a89c18ca0a6abb19baa7dd171a86fba59f8c4
abstractable.bwz.f2clapack-f16.hgels_.q00584.smt2	bwz	9800a78d98e0cce42cd12e1e3d5face68bf09a1d
abstractable.bwz.f2clapack-f16.hgels_.q00572.smt2	bwz	44ed29918ca24a3845ec0eb7389db7cbf51b5911
abstractable.bwz.f2clapack-f16.hgels_.q00563.smt2	bwz	37ed872a57e1f5efc22400495ed26a28cf0df5e7
abstractable.bwz.f2clapack-f16.hgels_.q00481.smt2	bwz	9e8fa6043a4fdc6b2ed2e63dd85c6d0774d1c32b
abstractable.bwz.f2clapack-f16.hgels_.q00252.smt2	bwz	be86b913ec453408b3e2a127ab108e14d111b7aa
abstractable.bwz.f2clapack-f16.hgels_.q00408.smt2	bwz	0289ce0771b7b667a0afad8f88647a4c014edb31
abstractable.bwz.f2clapack-f16.hgels_.q00397.smt2	bwz	abb597a4b706490679ddda26e9614c110775fec0
abstractable.bwz.f2clapack-f16.hgels_.q00330.smt2	bwz	3aa1b3391e0f228f33a7188e97618db833f5a799
abstractable.bwz.f2clapack-f16.hgels_.q00249.smt2	bwz	56eb3a9971c45fa3c4204b4afb5efff639e34f5e
abstractable.bwz.f2clapack-f16.hgels_.q00173.smt2	bwz	aa2a3b0893447a28133ac98210115ec2321fd998
abstractable.bwz.f2clapack-f16.hgels_.q00250.smt2	bwz	c4ad77dc9c283d20688ad97396d7d1bf1608f347
abstractable.bwz.f2clapack-f16.hgels_.q00225.smt2	bwz	57fd46a0d7049030008180ac29edc45cab6913d0
abstractable.bwz.f2clapack-f16.hgels_.q00493.smt2	bwz	4e8cf6bf8dc01bc0d8b34b530ef9f1959b411833
abstractable.bwz.f2clapack-f16.hgels_.q00185.smt2	bwz	e8ad861ea90e08eb6cb6ea2eca790a66bc8e8a17
abstractable.bwz.f2clapack-f16.hgels_.q00401.smt2	bwz	9b94c822f8208c0f919a965dc3fe40c47fc401d6
abstractable.bwz.f2clapack-f16.hgels_.q00413.smt2	bwz	31e2d135e205c6bc3d9c059f74d1826c6c3d1055
abstractable.bwz.f2clapack-f16.hgels_.q00338.smt2	bwz	418d632e48d3d041b70d5994dab68816aeb191a4
abstractable.bwz.f2clapack-f16.hgels_.q00248.smt2	bwz	c0bbcb44757eee04e294b0bc205a2208647cb9ab
abstractable.bwz.f2clapack-f16.hgels_.q00176.smt2	bwz	47476ebb6593ca2b0e3df04d121462a57703cf53
abstractable.bwz.f2clapack-f16.hgels_.q00600.smt2	bwz	2168a347eb391045c4d8baf45b0c2a20964a7cf8
abstractable.bwz.f2clapack-f16.hgels_.q00208.smt2	bwz	9be2ae86947db50983512db7de3d6f6974b915b9
abstractable.bwz.f2clapack-f16.hgels_.q00605.smt2	bwz	46be778e6aaf8ab59416680f59bd916aeb6d5946
abstractable.bwz.f2clapack-f16.hgels_.q00499.smt2	bwz	cc816d1a19e55c7a310946ab5304d069652c7d52
abstractable.bwz.f2clapack-f16.hgels_.q00067.smt2	bwz	67bed96f7d7a38ea1d78730004aae3189b3652fb
abstractable.bwz.f2clapack-f16.hgeqr2_.q00048.smt2	bwz	5f52716e8d00a3fabfbb7b3d16d4c94ef64ebb65
abstractable.bwz.f2clapack-f16.hgeqr2_.q00011.smt2	bwz	7dfb2891aa33563b826d9e2392a42e38ce067ee4
abstractable.bwz.f2clapack-f16.hgeqr2_.q00017.smt2	bwz	df78095ba0eb94c6256fac8d6df985806a9e290a
abstractable.bwz.f2clapack-f16.hgeqr2_.q00267.smt2	bwz	983ac03dff60b10e76d1f7d6719772f8404f9637
abstractable.bwz.f2clapack-f16.hgeqr2_.q00304.smt2	bwz	e193e17c4cf1e793173b6f4990608de0d50a150e
abstractable.bwz.f2clapack-f16.hgeqr2_.q00257.smt2	bwz	29541f22eb2f5739db42f353f739e52815fc4eef
abstractable.bwz.f2clapack-f16.hgeqr2_.q00161.smt2	bwz	eddd6c9acbc8cd775e37306b22559d4ff893df5c
abstractable.bwz.f2clapack-f16.hgeqr2_.q00262.smt2	bwz	0261f3613917f4b8c5b2547f31260cfbbb871edf
abstractable.bwz.f2clapack-f16.hgeqr2_.q00173.smt2	bwz	aa95a885144a4929a12c9c1893ade11b29ed2106
abstractable.bwz.f2clapack-f16.hgeqr2_.q00062.smt2	bwz	f433be87661f9e1af3286cef4ff804347b789447
abstractable.bwz.f2clapack-f16.hgeqr2_.q00185.smt2	bwz	bb813c7565c04c3045a6429f341d8f226acb5b44
abstractable.bwz.f2clapack-f16.hgeqr2_.q00064.smt2	bwz	7858d7984242c724ce73c2b93c5ed5947e3932e8
abstractable.bwz.f2clapack-f16.hgeqr2_.q00152.smt2	bwz	c727a95a31dc58557e0742c855ebd4aa877d841c
abstractable.bwz.f2clapack-f16.hgeqr2_.q00279.smt2	bwz	ba2c5ac076f3d114f63791337e631c0ce1022f43
abstractable.bwz.f2clapack-f16.hgeqr2_.q00097.smt2	bwz	42bec640fa98032d914f39c449f05a897e39283e
abstractable.bwz.f2clapack-f16.hgeqr2_.q00098.smt2	bwz	c5bc5a9551130f484d6ea7a685506489a0eb77c0
abstractable.bwz.f2clapack-f16.hgeqr2_.q00263.smt2	bwz	029f41b5d64e03875121c0631f0938671b28103a
abstractable.bwz.f2clapack-f16.hgeqr2_.q00176.smt2	bwz	de3d6c33708744022cb57cbc9857caa30972ef26
abstractable.bwz.f2clapack-f16.hgeqr2_.q00335.smt2	bwz	c9fc3e3cfa8a8598ce3f83632f91aefd791e0316
abstractable.bwz.f2clapack-f16.hgeqr2_.q00111.smt2	bwz	aebedc5ebe2cc80073b0a1c8af36a6acaae8a102
abstractable.bwz.f2clapack-f16.hgeqr2_.q00101.smt2	bwz	bd1d8f037f248a657e5a2c5959dd9800ad968350
abstractable.bwz.f2clapack-f16.hgeqr2_.q00084.smt2	bwz	0ec89aa7b47621048c102f8dd819939aa399bcef
abstractable.bwz.f2clapack-f16.hgeqr2_.q00222.smt2	bwz	a06e170088af3a7cb35071338cfdbd7a74f56030
abstractable.bwz.f2clapack-f16.hgeqr2_.q00354.smt2	bwz	c0562c0d6995f2a15b050ce55432aecffb3fb7ac
abstractable.bwz.f2clapack-f16.hgeqr2_.q00127.smt2	bwz	be8a651a28f8bb794e4f0e4f5787b64518d10250
abstractable.bwz.f2clapack-f64.dtrsv_.q00015.smt2	bwz	73beb9749b2398bd9f56c0103a63f2f4262a9437
abstractable.bwz.f2clapack-f64.dtrsv_.q00014.smt2	bwz	475f435bfa7537a0048b46f544d6cc4c52a42b2d
abstractable.bwz.f2clapack-f64.dtrsv_.q00013.smt2	bwz	114a6be4e8b5858b73d773c3ac00a41556097a8c
abstractable.bwz.f2clapack-f64.dtrsv_.q00012.smt2	bwz	2fb99cc6a87374d5847a396077f6b54996e9da2e
abstractable.bwz.f2clapack-f64.dtrsv_.q00011.smt2	bwz	80760e0aba22ab55d4b71ca2ce4b6567b1caba22
abstractable.bwz.f2clapack-f64.dtrsv_.q00010.smt2	bwz	5cda50ff5ccde6d53a0608b1e2777e4ea44f1ab1
abstractable.bwz.f2clapack-f64.dtrsv_.q00009.smt2	bwz	28ae8884cb1678b25204358d76ad3e812830cff0
abstractable.bwz.f2clapack-f64.dtrsv_.q00008.smt2	bwz	7e19ef79d513f9e2b87cb6b017506635f68a043d
abstractable.bwz.f2clapack-f64.dtrsv_.q00007.smt2	bwz	0df2b92a200db9d1da46d1037e365e26cb9bd8af
abstractable.bwz.f2clapack-f64.dtrsv_.q00006.smt2	bwz	72adec7bd23372a72ce6a225a81d7960ac216ca6
abstractable.bwz.f2clapack-f64.dtrsv_.q00005.smt2	bwz	40a778ab91b748b489b5ccce6358ab602146f3ca
abstractable.bwz.f2clapack-f64.dtrtrs_.q00058.smt2	bwz	47da315f3eff990e05dbdda90b5ec71382e49468
abstractable.bwz.f2clapack-f64.dtrtrs_.q00040.smt2	bwz	405037bb197ddd7efe97e7a40146fcb7d59d2ada
abstractable.bwz.f2clapack-f64.dtrtrs_.q00024.smt2	bwz	1038543899e89c3a9af1ba7692c911c2e0ba996d
abstractable.bwz.f2clapack-f64.dtrtrs_.q00029.smt2	bwz	62c839b39178b7f98d241bc2681af459d3179ae6
abstractable.bwz.f2clapack-f64.dtrtrs_.q00041.smt2	bwz	f8ac7952de0238d079375342574ab73ccdc04795
abstractable.bwz.f2clapack-f64.dtrtrs_.q00026.smt2	bwz	f89a1d7d525f40adff8bd04ab5dda495ec037ea3
abstractable.bwz.f2clapack-f64.dtrtrs_.q00059.smt2	bwz	c2082a219d2bd48f287174e9565e8f087e41719d
abstractable.bwz.f2clapack-f64.dtrtrs_.q00025.smt2	bwz	876383a386fda7631676f2a3ff2573eed8953713
abstractable.bwz.f2clapack-f64.dtrtrs_.q00060.smt2	bwz	7c4280ed3a6a5fcfbfb09972ab143caa9d0670da
abstractable.bwz.f2clapack-f64.dtrtrs_.q00031.smt2	bwz	5acfb48b8b8424d446756f78ce018bf93c7a13e4
abstractable.bwz.f2clapack-f64.dtrtrs_.q00050.smt2	bwz	b21f42172816ff2e04052ddaa863a1e465a25929
abstractable.bwz.f2clapack-f64.dtrtrs_.q00027.smt2	bwz	976fa8c35558dd4805ffe272bcd9d7107e5d5997
abstractable.bwz.f2clapack-f64.dtrtrs_.q00035.smt2	bwz	a5fae61706ecbf89aa8fb59eb6e50eff77b8c15c
abstractable.bwz.f2clapack-f64.dtrtrs_.q00043.smt2	bwz	907c13ad3991fc3aebc11ea1a866a4be5c616da6
abstractable.bwz.f2clapack-f64.dtrtrs_.q00037.smt2	bwz	a3117313d65614be2532c2af7b9c2550c1e3f832
abstractable.bwz.f2clapack-f64.dtrtrs_.q00033.smt2	bwz	88e8d2359951edbf4e7be8f36c75b72d2e4d36e5
abstractable.bwz.f2clapack-f64.dtrtrs_.q00063.smt2	bwz	02e2f8dd7a200a0d55e42071bf267da6005cca8f
abstractable.bwz.f2clapack-f64.dtrtrs_.q00045.smt2	bwz	e5b1858c55e21572d9975ff9719e47db74669387
abstractable.bwz.f2clapack-f64.dtrtrs_.q00062.smt2	bwz	1a8deaf31a8718f56f7e1119d12eac3c068b55a9
abstractable.bwz.f2clapack-f64.dtrtrs_.q00052.smt2	bwz	7c0e981fd033cf9deec8de8261cb2ae1fc8a7dec
abstractable.bwz.f2clapack-f64.dtrtrs_.q00055.smt2	bwz	f00089de9e4c19067781d219a96039378f20c3d5
abstractable.bwz.f2clapack-f64.dtrtrs_.q00047.smt2	bwz	26b3b7bac707d9d0d64544945c657e7f6d0745a5
abstractable.bwz.f2clapack-f64.dtrtrs_.q00064.smt2	bwz	53f9a04f5b78ad72ad3d9611606d03c8114e4728
abstractable.bwz.f2clapack-f64.dtrtrs_.q00054.smt2	bwz	5bb365d0ded01387559375371d28f524569965e7
abstractable.bwz.f2clapack-f64.dtrtrs_.q00056.smt2	bwz	571da01c0aafc5c8e5023df2fd11c4b5cc700c05
abstractable.bwz.f2clapack-f64.dtrsm_.q00030.smt2	bwz	8ebd0a9c60116ef48770a9e2a74debf415e16758
abstractable.bwz.f2clapack-f64.dtrsm_.q00019.smt2	bwz	55ff11a9193a76acbfa28a31d46e1f438e0a6f5d
abstractable.bwz.f2clapack-f64.dtrsm_.q00020.smt2	bwz	b510f29d6b6b4f8dd3edaf7f0616c402931de9cc
abstractable.bwz.f2clapack-f64.dtrsm_.q00023.smt2	bwz	60322d8b025342bca2bdaf6ab7b7ea75f3af1a4b
abstractable.bwz.f2clapack-f64.dtrsm_.q00039.smt2	bwz	c9de6574442b94f5878a85ace2065894de5781ef
abstractable.bwz.f2clapack-f64.dtrsm_.q00031.smt2	bwz	eb5275f605f55a2bbf4b8bcaa24c204c13ffb706
abstractable.bwz.f2clapack-f64.dtrsm_.q00021.smt2	bwz	a440c0d39815a619085a0ee89eb292d850fe5b16
abstractable.bwz.f2clapack-f64.dtrsm_.q00024.smt2	bwz	61cabe6d05733b371add45745c704adf4d4331b3
abstractable.bwz.f2clapack-f64.dtrsm_.q00025.smt2	bwz	21ad9be5a7ad3ca4efc0b5e001ce05de49897552
abstractable.bwz.f2clapack-f64.dtrsm_.q00027.smt2	bwz	f15cc3f7eb07f6e29e407b65a02c5b5866cd7463
abstractable.bwz.f2clapack-f64.dtrsm_.q00040.smt2	bwz	3b47113b06fded11b0217eb939fa529d472afeaa
abstractable.bwz.f2clapack-f64.dtrsm_.q00032.smt2	bwz	289d0ec382d25e8bbf399e0cec7020a52e17e80f
abstractable.bwz.f2clapack-f64.dtrsm_.q00041.smt2	bwz	8fd65333aa5492d08141957c93b904b67ebd0928
abstractable.bwz.f2clapack-f64.dtrsm_.q00033.smt2	bwz	fa97f65be88043964dcf97796116b2cbc93c8909
abstractable.bwz.f2clapack-f64.dtrsm_.q00026.smt2	bwz	a5a8272ec3fa82c56c5f932483d4e8a31a5367e1
abstractable.bwz.f2clapack-f64.dtrsm_.q00043.smt2	bwz	72209bdddb976d9c777b186f746f3212728547e2
abstractable.bwz.f2clapack-f64.dtrsm_.q00035.smt2	bwz	ec1dd07da6347553ef5db748ad249b90b0f6c021
abstractable.bwz.f2clapack-f64.dtrsm_.q00042.smt2	bwz	16f8323cae79865761208dbc9bfd1d84908e7bcf
abstractable.bwz.f2clapack-f64.dtrsm_.q00034.smt2	bwz	fddcd768d79a005d5ef1c970dc8300fead5f77d1
abstractable.bwz.f2clapack-f64.dtrsm_.q00045.smt2	bwz	b1dd77c30e0a557ee9d28b5c52006fb1d114ae16
abstractable.bwz.f2clapack-f64.dtrsm_.q00037.smt2	bwz	c04d735d62b47d83d0e0b70d714bdeb0706a9685
abstractable.bwz.f2clapack-f64.dtrsm_.q00029.smt2	bwz	9025ca13607c615c582e40fd915ee48fbb86dc57
abstractable.bwz.f2clapack-f64.dtrsm_.q00044.smt2	bwz	580ade1b79f7a594ffa52863191091deb2b5ba68
abstractable.bwz.f2clapack-f64.dtrsm_.q00036.smt2	bwz	e445595c923254029c44202281e4735aeb0bc6ac
abstractable.bwz.f2clapack-f64.dtrsm_.q00046.smt2	bwz	d820c640a9a11a23b5bad31be3b3c715a835ad78
abstractable.bwz.f2clapack-f32.spotrf_.q00012.smt2	bwz	d8a023a3e24c292d3ed6332891454ba5dbb4191c
abstractable.bwz.f2clapack-f32.spotrf_.q00011.smt2	bwz	40ff4a552f5abd82bcdd236946b3267e1b98838b
abstractable.bwz.f2clapack-f32.spotrf_.q00010.smt2	bwz	40ff4a552f5abd82bcdd236946b3267e1b98838b
abstractable.bwz.f2clapack-f32.spotrf_.q00009.smt2	bwz	622855fb32849968a51cd64567e5afbf22bd117c
abstractable.bwz.f2clapack-f32.spotrf_.q00008.smt2	bwz	109435919f5fe9fd7c2cfd651400444bfc95c4a7
abstractable.bwz.f2clapack-f32.spotrf_.q00007.smt2	bwz	109435919f5fe9fd7c2cfd651400444bfc95c4a7
abstractable.bwz.f2clapack-f32.spotrf_.q00006.smt2	bwz	f5c652d8c9ddc8abb19ced00e4a6ad9c23616581
abstractable.bwz.f2clapack-f32.spotrf_.q00005.smt2	bwz	1640d9d18f3a37f1b8921943f6d62a62fbdeef61
abstractable.bwz.f2clapack-f32.spotrf_.q00004.smt2	bwz	1640d9d18f3a37f1b8921943f6d62a62fbdeef61
abstractable.bwz.f2clapack-f32.spotf2_.q00012.smt2	bwz	3c2d488a81f590e5cd30803cc255f4f1d93af0d9
abstractable.bwz.f2clapack-f32.spotf2_.q00011.smt2	bwz	0149f3eaeccab28e011fb8a0e8921d7e4601af6a
abstractable.bwz.f2clapack-f32.spotf2_.q00010.smt2	bwz	0149f3eaeccab28e011fb8a0e8921d7e4601af6a
abstractable.bwz.f2clapack-f32.spotf2_.q00009.smt2	bwz	6a975ffb3b955f7ae4b63951d1290672a09f10d7
abstractable.bwz.f2clapack-f32.spotf2_.q00008.smt2	bwz	fde4377dfae958413fb9ffce2f215c9a309e0cab
abstractable.bwz.f2clapack-f32.spotf2_.q00007.smt2	bwz	fde4377dfae958413fb9ffce2f215c9a309e0cab
abstractable.bwz.f2clapack-f32.spotf2_.q00006.smt2	bwz	f6805379c3926464d5a244af81cedffe35980e61
abstractable.bwz.f2clapack-f32.spotf2_.q00005.smt2	bwz	565afa5df3349ecf4853e7a6577c5ffc85dd41f5
abstractable.bwz.f2clapack-f32.spotf2_.q00004.smt2	bwz	565afa5df3349ecf4853e7a6577c5ffc85dd41f5
abstractable.bwz.f2clapack-f32.spotf2_.q00003.smt2	bwz	1bc9b53070c86f6350772e41f26661b91f92063c
abstractable.bwz.f2clapack-f32.spotf2_.q00002.smt2	bwz	c9eefbfe020812a6cf388ec40a1e6fee3700f90c
abstractable.bwz.f2clapack-f32.spotf2_.q00001.smt2	bwz	c9eefbfe020812a6cf388ec40a1e6fee3700f90c
abstractable.bwz.f2clapack-f32.slascl_.q00021.smt2	bwz	1c735b85e315019dab494ecf143e30e40492b242
abstractable.bwz.f2clapack-f32.slascl_.q00020.smt2	bwz	8db5683a79eb9cf090f8fc5fb811c1d4b13d97e2
abstractable.bwz.f2clapack-f32.slascl_.q00019.smt2	bwz	bd5467cfb7e0b56580903042a0fb713f25e449df
abstractable.bwz.f2clapack-f32.slascl_.q00018.smt2	bwz	1589fd19cd19ee0848ec64350b411657fec8031b
abstractable.bwz.f2clapack-f32.slascl_.q00017.smt2	bwz	01d5f2e342a1909cca916f031928a6c356fc5ddc
abstractable.bwz.f2clapack-f32.slascl_.q00016.smt2	bwz	18fb48f00f6c18d299a9660b16b9382fb313800d
abstractable.bwz.f2clapack-f32.slascl_.q00015.smt2	bwz	d283dfc79225962f580c833eb854e5aa99d8a14d
abstractable.bwz.f2clapack-f32.slascl_.q00014.smt2	bwz	589966a91bf902b8d38b5341adda5fe6152402c3
abstractable.bwz.f2clapack-f32.slascl_.q00013.smt2	bwz	95325090236ca95a266907e0524772e059a10f40
abstractable.bwz.f2clapack-f32.slascl_.q00012.smt2	bwz	4c952d56022c0638e30b0d5d6e1ecabaf6ea6e53
abstractable.bwz.f2clapack-f32.slascl_.q00011.smt2	bwz	bcdfc5112b04099c3afc7b49203ee7ff5db04c37
abstractable.bwz.f2clapack-f32.slascl_.q00010.smt2	bwz	91f2f3275d4b7cc616d83d91fd0316907f0353a1
abstractable.bwz.f2clapack-f32.slascl_.q00009.smt2	bwz	64465f52c45a01b8e112f864c05d394443e40f6b
abstractable.bwz.f2clapack-f32.slascl_.q00008.smt2	bwz	7e34b1e309b7142d3987b9003297e9a4c0a24e2c
abstractable.bwz.f2clapack-f32.slascl_.q00007.smt2	bwz	81979ba4529ec884a8eac84a204a42d4b80d57c6
abstractable.bwz.f2clapack-f32.slascl_.q00006.smt2	bwz	03307e51b900e529b28fcc252e7cb21de528fc45
abstractable.bwz.f2clapack-f32.slascl_.q00005.smt2	bwz	67084703fc80de854db6f9c3d0e732050768d2c6
abstractable.bwz.f2clapack-f32.slascl_.q00004.smt2	bwz	b5de199529d399a47ff44ad5fabf74cc8d2e1845
abstractable.bwz.f2clapack-f32.sgesv_.q00096.smt2	bwz	e1c736812deeb33e64dd02c99596547689985244
abstractable.bwz.f2clapack-f32.sgesv_.q00045.smt2	bwz	8aecc4e10dc71854992b0ef3094a957a691157c0
abstractable.bwz.f2clapack-f32.sgesv_.q00088.smt2	bwz	314b51c5fe26c96bf170579f822bc4cfd430aad2
abstractable.bwz.f2clapack-f32.sgesv_.q00050.smt2	bwz	bedd127db692e45dc9185986bb4249b933ea5b32
abstractable.bwz.f2clapack-f32.sgesv_.q00051.smt2	bwz	5ebd35b3b3c87a23f52e96747d5476672812190b
abstractable.bwz.f2clapack-f32.sgesv_.q00095.smt2	bwz	d93ca535223de0bde87f6ab23adb835ac2cddca3
abstractable.bwz.f2clapack-f32.sgesv_.q00052.smt2	bwz	9245ca953df06c71c088f309095d8393a35bb713
abstractable.bwz.f2clapack-f32.sgesv_.q00090.smt2	bwz	7a6c62ac2deb9fdbf3b581b7b8631eea68566f1f
abstractable.bwz.f2clapack-f32.sgesv_.q00055.smt2	bwz	265e78feaa8e0981bc8a54cf42b5656cdab02108
abstractable.bwz.f2clapack-f32.sgesv_.q00056.smt2	bwz	5f3c9020205874881b1f09f461e1cd614383c24c
abstractable.bwz.f2clapack-f32.sgesv_.q00098.smt2	bwz	8e5115876dccb72716e6674c0b7d3bea5a9346db
abstractable.bwz.f2clapack-f32.sgesv_.q00103.smt2	bwz	cfb65b0507429b3043dcd8fce613c66898634990
abstractable.bwz.f2clapack-f32.sgesv_.q00101.smt2	bwz	b35156d88c37c4910fc4eec948182e7e62b7031b
abstractable.bwz.f2clapack-f32.sgesv_.q00075.smt2	bwz	dce29615a3a2d7965355f2e0dda406bb2d93f40d
abstractable.bwz.f2clapack-f32.sgesv_.q00105.smt2	bwz	1acf1bda8045958f2fec1f1606917b96115103b7
abstractable.bwz.f2clapack-f32.sgesv_.q00063.smt2	bwz	5e5e6aac57ae95b3bdfc4aee9a8830fd65c8aff7
abstractable.bwz.f2clapack-f32.sgesv_.q00077.smt2	bwz	e4d28e709cd08d686288dbec27ac6adbc21ac658
abstractable.bwz.f2clapack-f32.sgesv_.q00084.smt2	bwz	3d4a86499dbd36b66a6fcf334c5956a6c7621467
abstractable.bwz.f2clapack-f32.sgesv_.q00081.smt2	bwz	08d7eea72673d88a8baa36afe28165b4e1e1ad86
abstractable.bwz.f2clapack-f32.sgesv_.q00078.smt2	bwz	d748ba5d0d6384ef7d217135f3ea48371fd3ebbc
abstractable.bwz.f2clapack-f32.sgesv_.q00073.smt2	bwz	339806e073ba21ffdb5a75562b1ad1904a5bdbf5
abstractable.bwz.f2clapack-f32.sgesv_.q00070.smt2	bwz	39a083b87cc0bfe1097fb22a219d21e75053c413
abstractable.bwz.f2clapack-f32.sgesv_.q00067.smt2	bwz	4e45235a58391630e19d929d3b0f742ab95a5627
abstractable.bwz.f2clapack-f32.sgesv_.q00112.smt2	bwz	5805ed3b3e2e757970622da9608b1a48bca417d7
abstractable.bwz.f2clapack-f32.sgesv_.q00110.smt2	bwz	4c6cca5e51788bb203851929885a10278f766a01
abstractable.bwz.f2clapack-f32.sgetf2_.q00061.smt2	bwz	9e41d57ed621d7d0c98b47381d11585ea7b07639
abstractable.stp.sundials-f16.N_VConstrMask.q.0060.smt2	stp	41d700ac0af1e9c14ee0afa8ebcdad822eba5c97
abstractable.stp.sundials-f16.N_VConstrMask.q.0050.smt2	stp	339cc39b6f66bd6924aa8f4227f12bc4e76e8dbf
abstractable.stp.sundials-f16.N_VConstrMask.q.0045.smt2	stp	2f323f79339a2f5f67e9b4e2c064d1b2b89e8226
abstractable.stp.sundials-f16.N_VConstrMask.q.0035.smt2	stp	12584fdfb091fd5a21765ba4aae7e31286b5d378
abstractable.stp.sundials-f16.N_VConstrMask.q.0030.smt2	stp	ba2c936965b1602d98163ae2b7c39929b73fa1f3
abstractable.stp.sundials-f16.N_VConstrMask.q.0054.smt2	stp	790504e5b540db3d39b9a70d6ac5d6647eb54f84
abstractable.stp.sundials-f16.N_VConstrMask.q.0049.smt2	stp	39705292ca8e8efef178e261b2237698ca686d8a
abstractable.stp.sundials-f16.N_VConstrMask.q.0039.smt2	stp	1f6a80ef340cd3cafedc3f1a2f6c90d70284ba7e
abstractable.stp.sundials-f16.N_VConstrMask.q.0034.smt2	stp	664069fd8418569f37729c088b94aacd1a287c12
abstractable.stp.sundials-f16.SUNLinSolSetup_Dense.q.0025.smt2	stp	
abstractable.stp.sundials-f16.SUNLinSolSetup_Dense.q.0031.smt2	stp	
abstractable.stp.sundials-f16.SUNLinSolSetup_Dense.q.0035.smt2	stp	
abstractable.stp.sundials-f16.SUNLinSolSetup_Dense.q.0042.smt2	stp	
abstractable.stp.sundials-f16.SUNLinSolSetup_Dense.q.0026.smt2	stp	1cd77f6bcb14d1bdaaa2dab6a1a894e15a9e44b7
abstractable.stp.sundials-f16.SUNLinSolSetup_Dense.q.0050.smt2	stp	
abstractable.stp.sundials-f16.SUNLinSolSetup_Dense.q.0051.smt2	stp	
abstractable.stp.f2clapack-f32.sgesv_.q.0183.smt2	stp	3db19e7819a8231dfc1b50105f0cc5ff5b22738c
abstractable.stp.f2clapack-f32.sgesv_.q.0042.smt2	stp	836861123426283177944dd5a27758ab41d43e5c
abstractable.stp.f2clapack-f32.sgesv_.q.0092.smt2	stp	5cebd298556e059e61da1e55648e64983cd31d2d
abstractable.stp.f2clapack-f32.sgesv_.q.0201.smt2	stp	
abstractable.stp.f2clapack-f32.sgesv_.q.0024.smt2	stp	2a902fdb0beabe39cfcea7e1da9a6c8e7068f6c0
abstractable.stp.f2clapack-f32.sgesv_.q.0103.smt2	stp	1489ccdb28d205e5afd97ee31e081ff232db81d1
abstractable.stp.f2clapack-f32.sgesv_.q.0024.smt2	stp	2a902fdb0beabe39cfcea7e1da9a6c8e7068f6c0
abstractable.stp.f2clapack-f32.sgesv_.q.0167.smt2	stp	eb9c7ad68ee1cceb94970d0ee8ecaee2db6dc49c
abstractable.stp.f2clapack-f32.sgesv_.q.0060.smt2	stp	
abstractable.stp.f2clapack-f32.sgesv_.q.0046.smt2	stp	cd7d3b0e4ddeb2410f724187ab93195f562800c9
abstractable.stp.f2clapack-f32.sgesv_.q.0123.smt2	stp	78fe10ddb885b57c93d10f6e435d0bd394c40d37
abstractable.stp.f2clapack-f32.sgesv_.q.0048.smt2	stp	9e027d91430a6ea1f19e853f8a3102f3eecf1714
abstractable.stp.f2clapack-f32.sgesv_.q.0073.smt2	stp	
abstractable.stp.f2clapack-f32.sgesv_.q.0065.smt2	stp	
abstractable.stp.f2clapack-f32.sgesv_.q.0119.smt2	stp	bd0136793613f7d7376cf1dc0e9ee5adcce8afb9
abstractable.stp.f2clapack-f32.sgesv_.q.0066.smt2	stp	
abstractable.bwz.f2clapack-f32.sgeqr2_.q00039.smt2	bwz	22cd2d14bfeff6aa9e39b12913e195dcbbcf8b2d
abstractable.bwz.f2clapack-f32.sgeqr2_.q00092.smt2	bwz	6bd57edca79251272a504e372651984047ad855d
abstractable.bwz.f2clapack-f32.sgeqr2_.q00049.smt2	bwz	b417f82820dcd7c22af76a9ad6de9c939604e2c9
abstractable.bwz.f2clapack-f32.sgeqr2_.q00042.smt2	bwz	5251576d7e8fb0992ee31caaab4589df182df397
abstractable.bwz.f2clapack-f32.sgeqr2_.q00094.smt2	bwz	da71c79a848b26987732a683ad300e22d524c786
abstractable.bwz.f2clapack-f32.sgeqr2_.q00045.smt2	bwz	29b3e2a81444af8e9200534665def5fef231b157
abstractable.bwz.f2clapack-f32.sgeqr2_.q00043.smt2	bwz	5dd44f7e0054820b6089595aa8ed0dadb491b5d2
abstractable.bwz.f2clapack-f32.sgeqr2_.q00076.smt2	bwz	748c26fe3cace5113957ab45020e383d8adf1d20
abstractable.bwz.f2clapack-f32.sgeqr2_.q00102.smt2	bwz	aa185d2cc3eb66d5dda2fbe545bfdb25d26bf298
abstractable.bwz.f2clapack-f32.sgeqr2_.q00080.smt2	bwz	bba762ddffb7df329bf944471b6fe62fee44b2f3
abstractable.bwz.f2clapack-f32.sgeqr2_.q00167.smt2	bwz	1f80c34aafd54a8f9c02554f04e6641467c52d27
abstractable.bwz.f2clapack-f32.sgeqr2_.q00100.smt2	bwz	c72d0656394ececdc75bea0bb88b422339508aea
abstractable.bwz.f2clapack-f32.sgeqr2_.q00131.smt2	bwz	e91385150a0fba008a2f90daef630a551720b39a
abstractable.bwz.f2clapack-f32.sgeqr2_.q00058.smt2	bwz	f508ba162f1c9aefdc6d9a698f1da886e7303188
abstractable.bwz.f2clapack-f32.sgeqr2_.q00190.smt2	bwz	2fee711315083db851c22ec7aa5759c0542a7e51
abstractable.bwz.f2clapack-f32.sgeqr2_.q00136.smt2	bwz	d69ad893e7e43e2ec98c3ec635bc11db9580e14d
abstractable.bwz.f2clapack-f32.sgeqr2_.q00201.smt2	bwz	11c8faf5c8da619a5cb78a8035f61a682dc6a3bd
abstractable.bwz.f2clapack-f16.hposv_.q00022.smt2	bwz	6c1b74e671cc497caf535bba006d445c315eac07
abstractable.bwz.f2clapack-f16.hposv_.q00021.smt2	bwz	4f94f8bc9051f52cd0fa37f1364cd3c2c6a43713
abstractable.bwz.f2clapack-f16.hposv_.q00020.smt2	bwz	7289a55626e4d19d07f2c394db157d67b8b88099
abstractable.bwz.f2clapack-f16.hposv_.q00019.smt2	bwz	53d0a728578ace683c7dda440cf77b2d6462f6ee
abstractable.bwz.f2clapack-f16.hposv_.q00018.smt2	bwz	ba209d4abd103529dd4c2b6a43a9c86d27f9925b
abstractable.bwz.f2clapack-f16.hposv_.q00017.smt2	bwz	319cab0bdb4f86a65b2616a7e08bab188f133457
abstractable.bwz.f2clapack-f16.hposv_.q00016.smt2	bwz	cb1a718b1f1ed6d94a08cf0f5683ee4ec4e6bd68
abstractable.bwz.f2clapack-f16.hposv_.q00015.smt2	bwz	036537b9b44ce5258d84f28973273d26427f190b
abstractable.bwz.f2clapack-f16.hposv_.q00014.smt2	bwz	b48ffe38f1daa7f66c070ba637357b0d3774e12f
abstractable.bwz.f2clapack-f16.hposv_.q00013.smt2	bwz	0dbf63897a108c0edc8f5dd8d2d7901b55c609d8
abstractable.bwz.f2clapack-f16.hposv_.q00012.smt2	bwz	0125a38524a6ed3a31e71ae7a162247d10f0271f
abstractable.bwz.f2clapack-f16.hposv_.q00011.smt2	bwz	d8ccd79f7336af1b114c0f754c1ebb12d5557d8c
abstractable.bwz.f2clapack-f16.hposv_.q00010.smt2	bwz	d8ccd79f7336af1b114c0f754c1ebb12d5557d8c
abstractable.bwz.f2clapack-f16.hposv_.q00009.smt2	bwz	21a086d16e0752882de6bfb30623bd8e39dd7f84
abstractable.bwz.f2clapack-f16.hposv_.q00008.smt2	bwz	fa8e3ff0dd25b7a6cf415424fc5b54680921bd6a
abstractable.bwz.f2clapack-f16.hposv_.q00007.smt2	bwz	fa8e3ff0dd25b7a6cf415424fc5b54680921bd6a
abstractable.bwz.f2clapack-f16.hposv_.q00006.smt2	bwz	0020aa607f2812cfddbb86a7e707158f0cf90267
abstractable.bwz.f2clapack-f16.hposv_.q00005.smt2	bwz	703854dbaa93d4a5b8c2e13b3b9ce7ad26c93c47
abstractable.bwz.f2clapack-f16.hposv_.q00004.smt2	bwz	703854dbaa93d4a5b8c2e13b3b9ce7ad26c93c47
abstractable.bwz.f2clapack-f16.hgecon_.q00040.smt2	bwz	5fa23f3e7521cd46e19784c4fa74196d3b9a6178
abstractable.bwz.f2clapack-f16.hgecon_.q00041.smt2	bwz	2239e8e9d50fa3c689ae478ea2cb8aa548809636
abstractable.bwz.f2clapack-f16.hgecon_.q00019.smt2	bwz	191804eeb6c2d816ce3c20f7ee01eaa26311c6f8
abstractable.bwz.f2clapack-f16.hgecon_.q00005.smt2	bwz	39336e0aa8b589c67f36897089264dde0e1fd6a1
abstractable.bwz.f2clapack-f16.hgecon_.q00007.smt2	bwz	b0f9e1174bf5d0411c250f2a98d2182e873adaea
abstractable.bwz.f2clapack-f16.hgecon_.q00011.smt2	bwz	4a99cbfb0856fe3afebf846f093941b94be3b081
abstractable.bwz.f2clapack-f16.hgecon_.q00013.smt2	bwz	46fb258a1b339731c6d6a08ecc8c50a72a3a182e
abstractable.bwz.f2clapack-f16.hgecon_.q00017.smt2	bwz	50f4d3bd94ba5ba006fcc006eae2402c54723671
abstractable.bwz.f2clapack-f16.hgecon_.q00023.smt2	bwz	b6906878c938e91b04236a5ec0b5c09424debff1
abstractable.bwz.f2clapack-f16.hgecon_.q00022.smt2	bwz	4e6239a8da60a2ee472216039a44e6783b7cfe0a
abstractable.bwz.f2clapack-f16.hgecon_.q00028.smt2	bwz	9f607d2b17bf8e61f2aef66db0c2329f4afbff07
abstractable.bwz.f2clapack-f16.hgecon_.q00030.smt2	bwz	c0e264ca8a8c035f36a61adc863d878cc14febc2
abstractable.bwz.f2clapack-f16.hgecon_.q00031.smt2	bwz	a28bd90d108cb2f61610f7a57c7812695439ce8d
abstractable.bwz.f2clapack-f16.hgecon_.q00036.smt2	bwz	67daf860ce57b18586c0114ccc084af2144d6a0a
abstractable.bwz.f2clapack-f16.hgecon_.q00068.smt2	bwz	41523c15d336e2ce9d9781dc28d699f4a9638974
abstractable.bwz.f2clapack-f16.hgecon_.q00056.smt2	bwz	95e8ee51b8a333d0640295205ed7f6b305b43153
abstractable.bwz.f2clapack-f16.hgecon_.q00044.smt2	bwz	017922853fa3855f0e03285af0e7cb233e949e85
abstractable.bwz.f2clapack-f16.hgecon_.q00049.smt2	bwz	c00405c2872d3fb25ae97e5b9ba0da793322b90e
abstractable.bwz.f2clapack-f16.hgecon_.q00045.smt2	bwz	c84271303f3f7b7399ac06266a3a5fe094243de6
abstractable.bwz.f2clapack-f16.hgecon_.q00050.smt2	bwz	838426248283b9ec7acaa03adcedff857b1c91c3
abstractable.bwz.f2clapack-f16.hgecon_.q00048.smt2	bwz	121f1b0a209d1604b42c3afcc7c09dfd9e7bb833
abstractable.bwz.f2clapack-f16.hgecon_.q00052.smt2	bwz	1838960cb7945c385a36b87567f2ed14d34a84e0
abstractable.bwz.f2clapack-f16.hgecon_.q00072.smt2	bwz	178cd2480d7beb9237f31084c176362ee1de5818
abstractable.bwz.f2clapack-f16.hgecon_.q00066.smt2	bwz	86b9012f1a65679870e0c3aa38d73fbf7d4b86cd
abstractable.bwz.f2clapack-f16.hgecon_.q00079.smt2	bwz	08224bc11c4b75f83a6eefd7c00de7c015dea247
abstractable.bwz.f2clapack-f64.dpotrf_.q00012.smt2	bwz	b88a289b0016fe18cc242d8cea516a5d4cce0147
abstractable.bwz.f2clapack-f64.dpotrf_.q00011.smt2	bwz	2e178c5574f85cce529ba938152ccddcaf700fad
abstractable.bwz.f2clapack-f64.dpotrf_.q00010.smt2	bwz	2e178c5574f85cce529ba938152ccddcaf700fad
abstractable.bwz.f2clapack-f64.dpotrf_.q00009.smt2	bwz	ae1c3f564f2821788d5935f2b7d25018e15c9f3a
abstractable.bwz.f2clapack-f64.dpotrf_.q00008.smt2	bwz	5c031d45d73998c47c25865e3b90f19eef76ec9b
abstractable.bwz.f2clapack-f64.dpotrf_.q00007.smt2	bwz	5c031d45d73998c47c25865e3b90f19eef76ec9b
abstractable.bwz.f2clapack-f64.dpotrf_.q00006.smt2	bwz	d57781d9099d83883a0568087772c934a8c74a01
abstractable.bwz.f2clapack-f64.dpotrf_.q00005.smt2	bwz	ed6e7c2731841e2096e049a351c4b218a744f97b
abstractable.bwz.f2clapack-f64.dpotrf_.q00004.smt2	bwz	ed6e7c2731841e2096e049a351c4b218a744f97b
abstractable.bwz.f2clapack-f64.dpotrs_.q00010.smt2	bwz	8aa90b3afc70fe17889fb0cfdac89f6199dd2ec0
abstractable.bwz.f2clapack-f64.dpotrs_.q00009.smt2	bwz	ec01958242439591b3060248f19f558a78f9083c
abstractable.bwz.f2clapack-f64.dpotrs_.q00008.smt2	bwz	2320f9ea6450c21af3d2b7995ba06800414a623c
abstractable.bwz.f2clapack-f64.dpotrs_.q00007.smt2	bwz	ca1c232dd28de0ef80d6b92b5d4a173fa893b13e
abstractable.bwz.f2clapack-f64.dpotrs_.q00006.smt2	bwz	5bd8ddbc3edbf52218b0d97e0ead394d8d908821
abstractable.bwz.f2clapack-f64.dpotrs_.q00005.smt2	bwz	3744e1a4e15102008b73fa961b1c69235061751e
abstractable.bwz.f2clapack-f64.dpotrs_.q00004.smt2	bwz	d6beb422e260c2c70c2423ddeace1cf1fc544cf5
abstractable.bwz.f2clapack-f64.dpotrs_.q00003.smt2	bwz	e23581f6c5e9478a672ba12174ecd64e45e970f9
abstractable.bwz.f2clapack-f64.dpotrs_.q00002.smt2	bwz	31d4da370796cee8d7b43e1fa9989cf80ec72ecf
abstractable.bwz.f2clapack-f64.dpotrs_.q00001.smt2	bwz	3fe9ec5610e6c88d681f2a5a69ed84b9dfe336d5
abstractable.bwz.f2clapack-f64.dposv_.q00012.smt2	bwz	b88a289b0016fe18cc242d8cea516a5d4cce0147
abstractable.bwz.f2clapack-f64.dposv_.q00011.smt2	bwz	2e178c5574f85cce529ba938152ccddcaf700fad
abstractable.bwz.f2clapack-f64.dposv_.q00010.smt2	bwz	2e178c5574f85cce529ba938152ccddcaf700fad
abstractable.bwz.f2clapack-f64.dposv_.q00009.smt2	bwz	ae1c3f564f2821788d5935f2b7d25018e15c9f3a
abstractable.bwz.f2clapack-f64.dposv_.q00008.smt2	bwz	5c031d45d73998c47c25865e3b90f19eef76ec9b
abstractable.bwz.f2clapack-f64.dposv_.q00007.smt2	bwz	5c031d45d73998c47c25865e3b90f19eef76ec9b
abstractable.bwz.f2clapack-f64.dposv_.q00006.smt2	bwz	d57781d9099d83883a0568087772c934a8c74a01
abstractable.bwz.f2clapack-f64.dposv_.q00005.smt2	bwz	ed6e7c2731841e2096e049a351c4b218a744f97b
abstractable.bwz.f2clapack-f64.dposv_.q00004.smt2	bwz	ed6e7c2731841e2096e049a351c4b218a744f97b
abstractable.bwz.f2clapack-f64.dgeqr2_.q00048.smt2	bwz	4e9da88b9c2676ff652b65871e7f9f79e710f387
abstractable.bwz.f2clapack-f64.dgeqr2_.q00024.smt2	bwz	d4f89dd218161081b82ae27195654255a0d04bfe
abstractable.bwz.f2clapack-f64.dgeqr2_.q00011.smt2	bwz	81517c86ab6636c98d579976fbca03863a79a8a0
abstractable.bwz.f2clapack-f64.dgeqr2_.q00012.smt2	bwz	e358a084f7f1df14698fb2e81342426970b89349
abstractable.bwz.f2clapack-f64.dgeqr2_.q00015.smt2	bwz	e98fb12e44136aa6938f541a16723c283a41e8ba
abstractable.bwz.f2clapack-f64.dgeqr2_.q00070.smt2	bwz	b409bbef91c3bf3ce628e763e04040dcc6a605af
abstractable.bwz.f2clapack-f64.dgeqr2_.q00063.smt2	bwz	9ad2b79c758093fcd692aebc1fba51ed2d818aca
abstractable.bwz.f2clapack-f64.dgeqr2_.q00028.smt2	bwz	dbfe1116a42add84375c0c9962c652ac6570a68e
abstractable.bwz.f2clapack-f64.dgeqr2_.q00069.smt2	bwz	92ed76560cc2e7862a154fc2b7c5c6797451654d
abstractable.bwz.f2clapack-f64.dgeqr2_.q00019.smt2	bwz	2fafc6cd0b143110314d485c2ef3a96035f07de4
abstractable.bwz.f2clapack-f64.dgeqr2_.q00050.smt2	bwz	c4961cac882e901d31ba4a27c2b53557a34d9973
abstractable.bwz.f2clapack-f64.dgeqr2_.q00039.smt2	bwz	09aa889d30c0c6844d2243c50a856760ffe55f36
abstractable.bwz.f2clapack-f64.dgeqr2_.q00026.smt2	bwz	64104e7fafc656d76bcb14ed36b468f61693b157
abstractable.bwz.f2clapack-f64.dgeqr2_.q00034.smt2	bwz	aa1e0021ef1442ee602fb6613f883865ade753b6
abstractable.bwz.f2clapack-f64.dgeqr2_.q00049.smt2	bwz	7f811ae1c6a73fa9275878942fa2181dd720f167
abstractable.bwz.f2clapack-f64.dgeqr2_.q00068.smt2	bwz	e0b388f1ed6af8d2d96e5741864d6f051697e524
abstractable.bwz.f2clapack-f64.dgeqr2_.q00041.smt2	bwz	f0a0a05d6caed04c8582ae4b90dce7c779ae89a8
abstractable.bwz.f2clapack-f64.dgeqr2_.q00073.smt2	bwz	6fcd85de2f3fa9315c55376efe4775a92f6e3555
abstractable.bwz.f2clapack-f64.dgeqr2_.q00042.smt2	bwz	ea37fe0e0cda0a88c985d19fc6d0dbf1c3f1cbc8
abstractable.bwz.f2clapack-f64.dgeqr2_.q00074.smt2	bwz	484ffcf31951cac2828da960f1bc24cc351e8b08
abstractable.bwz.f2clapack-f64.dgeqr2_.q00053.smt2	bwz	c82a2b94b46f163e1edf166b21cd603dd9b33a60
abstractable.bwz.f2clapack-f64.dgeqr2_.q00076.smt2	bwz	0e2089a991e4f5ef6f6cf297b1527c9194954f0f
abstractable.bwz.f2clapack-f64.dgeqr2_.q00080.smt2	bwz	7646aa703ced1f9cb0d026a813562c1d12f79070
abstractable.stp.f2clapack.qgesv_.q.0019.smt2	stp	fb846d43479923da2ecb1dbaa78b8b96f7267270
abstractable.stp.f2clapack.qgesv_.q.0018.smt2	stp	a8130483276cc83b288a193df54ec2b4b8aac544
abstractable.stp.f2clapack.qgesv_.q.0017.smt2	stp	f1ed3a28d0bc433283b56a7d57520e2f4816c43c
abstractable.stp.f2clapack.qgesv_.q.0016.smt2	stp	23321aebb9da1ee63e790520d60beb74105a1093
abstractable.stp.f2clapack.qgesv_.q.0015.smt2	stp	73b8ce4aa0e9a4e3b68cf83c096b0ec26ccc17ac
abstractable.stp.f2clapack.qgesv_.q.0014.smt2	stp	a129679a956e752e4daf1258f9207952bc63d9ee
abstractable.stp.f2clapack.qgesv_.q.0013.smt2	stp	fa1ac2931f003cde12cc468666a3fb02d22936d8
abstractable.stp.f2clapack.qgesv_.q.0011.smt2	stp	88f6a5f8fc42ab1240faed597418129459e274f6
abstractable.stp.cuba.Divonne.q.0098.smt2	stp	
abstractable.stp.sundials-f128.SUNLinSolSetup.q.0039.smt2	stp	
abstractable.stp.sundials-f128.SUNLinSolSetup.q.0038.smt2	stp	
abstractable.stp.sundials-f128.SUNLinSolSetup.q.0037.smt2	stp	
abstractable.stp.sundials-f128.SUNLinSolSetup.q.0036.smt2	stp	
abstractable.stp.sundials-f128.SUNLinSolSetup.q.0035.smt2	stp	
abstractable.stp.sundials-f128.SUNLinSolSetup.q.0034.smt2	stp	
abstractable.stp.sundials-f128.SUNLinSolSetup.q.0033.smt2	stp	ab99288b4f1759c5b9cf76768329b8e5813651e4
abstractable.bwz.f2clapack-f64.dgeqr2_.q00055.smt2	bwz	a2d2f85f2a0bce111553cc5a16ec7eb0d6d27d10
abstractable.bwz.f2clapack-f64.dgeqr2_.q00056.smt2	bwz	aaf4e4726c33e1da15e20e6b3b3349b088655b9f
abstractable.bwz.f2clapack-f32.sgels_.q00047.smt2	bwz	ee8c68e803087f48d78c881684a5fdd0be11d3d8
abstractable.bwz.f2clapack-f32.sgels_.q00434.smt2	bwz	0f6be07d62b711a0e9bdd0c110b8a822d28a7de2
abstractable.bwz.f2clapack-f32.sgels_.q00328.smt2	bwz	ed3cc92d0c0cf55494d40a9849bd842cd651fb33
abstractable.bwz.f2clapack-f32.sgels_.q00253.smt2	bwz	1d90398a09c381998cde6e9a161e66572dc92480
abstractable.bwz.f2clapack-f32.sgels_.q00400.smt2	bwz	d5a01ac640cefdcaf2ef8606235569fdfd1d4ef4
abstractable.bwz.f2clapack-f32.sgels_.q00245.smt2	bwz	6a6c57067fa8ae048023bb009fdb42e5004a0bcd
abstractable.bwz.f2clapack-f32.sgels_.q00135.smt2	bwz	7f74361f0f2fd0cab3ca951ead09e4a3944796ab
abstractable.bwz.f2clapack-f32.sgels_.q00325.smt2	bwz	c7a71ac953fe846d98276396e3f37fbc6617f953
abstractable.bwz.f2clapack-f32.sgels_.q00346.smt2	bwz	9dd1dc1294aacc5d2a56ff0a0bbb75d5fafef1af
abstractable.bwz.f2clapack-f32.sgels_.q00136.smt2	bwz	b6d59b0ac42db771bfc4aaa3cb4b64de3af8c3af
abstractable.bwz.f2clapack-f32.sgels_.q00243.smt2	bwz	4b92797eab0afdb1d5c7d59d8ba9b8d670bc3e28
abstractable.bwz.f2clapack-f32.sgels_.q00187.smt2	bwz	67d765c7b443afc009b1a347d8d9eed6ffd207e8
abstractable.bwz.f2clapack-f32.sgels_.q00221.smt2	bwz	f3c5201a69e86f9c43c530454f1b70e4834ae09e
abstractable.bwz.f2clapack-f32.sgels_.q00188.smt2	bwz	97e2925a11eac4cca6f41a101edca54a690f7b08
abstractable.bwz.f2clapack-f16.hpotf2_.q00007.smt2	bwz	4fd3fd194e61a1f6f8b2eeade19078a2eb6cac21
abstractable.bwz.f2clapack-f16.hpotf2_.q00006.smt2	bwz	f1bdffeede2b182f89c8bac6354d00614ab35519
abstractable.bwz.f2clapack-f16.hpotf2_.q00005.smt2	bwz	55710f485b2c0c0b446bcfcf60e055ebf1748295
abstractable.bwz.f2clapack-f16.hpotf2_.q00004.smt2	bwz	55710f485b2c0c0b446bcfcf60e055ebf1748295
abstractable.bwz.f2clapack-f16.hpotf2_.q00003.smt2	bwz	503e8163eafb037a8f84fb7df0fb82b31dfa1d20
abstractable.bwz.f2clapack-f16.hpotf2_.q00002.smt2	bwz	7f4d1e46aea67ed741992421ad2bd325185fd8fe
abstractable.bwz.f2clapack-f16.hpotf2_.q00001.smt2	bwz	7f4d1e46aea67ed741992421ad2bd325185fd8fe
abstractable.bwz.f2clapack-f32.sgecon_.q00037.smt2	bwz	6e897133467c0a3e829aa53cfe0ac74dd7bdd3e6
abstractable.bwz.f2clapack-f32.sgecon_.q00030.smt2	bwz	35de74ced15325ea1acf460a6829b2cd875ab39b
abstractable.bwz.f2clapack-f32.sgecon_.q00035.smt2	bwz	9d45fc5e227ffc380ecbbcb2a4f5aa724953d212
abstractable.bwz.f2clapack-f32.sgecon_.q00019.smt2	bwz	a166c80768adffb573750c31900e6d41c15fbafb
abstractable.bwz.f2clapack-f32.sgecon_.q00005.smt2	bwz	eb24ac5ac8348aba3220b11ba73f1ccaa1a0e994
abstractable.bwz.f2clapack-f32.sgecon_.q00007.smt2	bwz	76366f1807b4143a73d63e0bc690a72b92e388aa
abstractable.bwz.f2clapack-f32.sgecon_.q00010.smt2	bwz	1a1554c9c75ec0d6622d84f96e3f5527aa75fa24
abstractable.bwz.f2clapack-f32.sgecon_.q00011.smt2	bwz	6d7c1195f8b6d0c72cd98f8d9902c59e77ea8322
abstractable.bwz.f2clapack-f32.sgecon_.q00013.smt2	bwz	2021b796c9c4bdfa832f0df01cd59ec0a87cf796
abstractable.bwz.f2clapack-f32.sgels_.q00099.smt2	bwz	08771ac6e38ae983c6ab97ff56854e72051d7eca
abstractable.bwz.f2clapack-f32.sgels_.q00340.smt2	bwz	e8384f853e255b265aaa1ba4db3998e140bdd64f
abstractable.bwz.f2clapack-f32.sgels_.q00428.smt2	bwz	ee26ef409a50c07496b9f35eccda83d722373d5b
abstractable.bwz.f2clapack-f32.sgels_.q00326.smt2	bwz	7163062b825d4221196a84e96e0f67fae9276b3c
abstractable.bwz.f2clapack-f32.sgels_.q00262.smt2	bwz	6a4bb67a85526aa5ea0686f255412af6ff8ff130
abstractable.bwz.f2clapack-f32.sgels_.q00266.smt2	bwz	7aaa849885c8475c2e059f54d8c0904999306846
abstractable.bwz.f2clapack-f32.sgels_.q00230.smt2	bwz	2480e46aa09f789fbccd68b922236d512e6d330b
abstractable.bwz.f2clapack-f32.sgels_.q00161.smt2	bwz	e7645911e15a58cc128b9853488e2bc2177e4733
abstractable.bwz.f2clapack-f32.sgels_.q00357.smt2	bwz	101adb7a5eb426e6c04391458ece6e3326119026
abstractable.bwz.f2clapack-f32.sgels_.q00073.smt2	bwz	e7c41dd489dd3935c25bda48f6400f2abd279fca
abstractable.bwz.f2clapack-f32.sgels_.q00078.smt2	bwz	490edf6c0063287b84aa6640d93925b9ecb00e1b
abstractable.bwz.f2clapack-f16.hpotf2_.q00012.smt2	bwz	5c653f39508afbb0e084e52d154d66f2cb2019db
abstractable.bwz.f2clapack-f16.hpotf2_.q00011.smt2	bwz	beb874cbfdcd6a5ae470a5ff22b5cc381fc2a064
abstractable.bwz.f2clapack-f16.hpotf2_.q00010.smt2	bwz	beb874cbfdcd6a5ae470a5ff22b5cc381fc2a064
abstractable.bwz.f2clapack-f16.hpotf2_.q00009.smt2	bwz	4dfaf0abb92b3ebe0dd2cd029d50f99e16b409d0
abstractable.bwz.f2clapack-f16.hpotf2_.q00008.smt2	bwz	4fd3fd194e61a1f6f8b2eeade19078a2eb6cac21
abstractable.bwz.f2clapack-f32.sgecon_.q00016.smt2	bwz	fa955bc9784ace546c1720fb3c40e631056724b2
abstractable.bwz.f2clapack-f32.sgecon_.q00018.smt2	bwz	74cb9f76f33b741156d39f2118650a5c6b0a9ae9
abstractable.bwz.f2clapack-f32.sgecon_.q00022.smt2	bwz	d150268165c9f7ce2247cb18c794014393b5dd3a
abstractable.bwz.f2clapack-f32.sgecon_.q00025.smt2	bwz	ec981c07f5c62563f8aa73e5c81b6d36bf162db7
abstractable.bwz.f2clapack-f32.sgecon_.q00026.smt2	bwz	66712baf2c1cc5137dbfe87f37ed55e83e0b0082
abstractable.bwz.f2clapack-f32.sgecon_.q00036.smt2	bwz	e0cb480ba2eef21d5194a427f52b04f36f2ff9be
abstractable.bwz.f2clapack-f32.sgecon_.q00051.smt2	bwz	1a35747af07062b5ee7ea1cabc89d2e855d69355
abstractable.bwz.f2clapack-f32.sgecon_.q00033.smt2	bwz	2688d65388f325e7418b7be501e786ced013a618
abstractable.bwz.f2clapack-f32.sgecon_.q00040.smt2	bwz	63f89c5f61e6a7281b774f151b52db5589f74ae1
abstractable.bwz.f2clapack-f32.sgecon_.q00053.smt2	bwz	473dfdd09065d0d943aa3145aee432990899f64e
abstractable.bwz.f2clapack-f32.sgecon_.q00041.smt2	bwz	6fc99cef110ace4d9aec4c9d8c64e50fa4531472
abstractable.bwz.f2clapack-f32.sgecon_.q00046.smt2	bwz	5e19d07432207f3cc29669b9bbd4b11188b785ce
abstractable.bwz.f2clapack-f32.sgecon_.q00056.smt2	bwz	ea6d3d44a559dff75344b77e465c51eea72a80b0
abstractable.bwz.f2clapack-f32.sgecon_.q00047.smt2	bwz	84a2be80110bd5f2d0ef9c40b9db2a019c5e53de
abstractable.bwz.f2clapack-f32.sgecon_.q00055.smt2	bwz	ccc7dc185b74bccda75561094bc7ef6e48b39dd6
abstractable.bwz.f2clapack-f32.sgecon_.q00043.smt2	bwz	b158127711beaa82ffb77a98a9d679ca88a5e9cc
abstractable.bwz.f2clapack-f32.sgetrf_.q00005.smt2	bwz	aa8d0ebada7ad1b142b4902d4b9e0165773eee68
abstractable.bwz.f2clapack-f32.sgetrf_.q00006.smt2	bwz	6421ce871de6abaf76b6a9bd66b80bdc47e714ac
abstractable.bwz.f2clapack-f32.sgetrf_.q00008.smt2	bwz	3a5fbf2a3fb208163cb47e6ef246b0c24680a38c
abstractable.bwz.f2clapack-f32.sgetrf_.q00009.smt2	bwz	ad20aafa3ddf961b89fa7a807362c619dda6743c
abstractable.bwz.f2clapack-f32.sgetrf_.q00011.smt2	bwz	1ebe1beba7cc12e8aac8d341e76e66495369997b
abstractable.bwz.f2clapack-f32.sgetrf_.q00013.smt2	bwz	b82d1fc8c2328845be9277276f747e4356812803
abstractable.bwz.f2clapack-f32.sgetrf_.q00015.smt2	bwz	aaae7cc78e1ec22bfd15fef60675bcf401a72990
abstractable.bwz.f2clapack-f32.sgetrf_.q00014.smt2	bwz	c0f34abbe705bcb8c0f790838cea57cf2897c197
abstractable.bwz.f2clapack-f32.sgetrf_.q00017.smt2	bwz	e468c42c5358edf4967d8c26afb28e0abf72fd08
abstractable.bwz.f2clapack-f32.sgetrf_.q00019.smt2	bwz	aa1c927b6a9b042f91ec3d8fe593046e2bb2865e
abstractable.bwz.f2clapack-f32.sgetrf_.q00033.smt2	bwz	ea10e94c16b7ca9783bc90b6ed8047e80c5640d5
abstractable.bwz.f2clapack-f32.sgetrf_.q00020.smt2	bwz	0b75999d6e3407c7db5b55b97b2b972a42b9d262
abstractable.bwz.f2clapack-f32.sgetrf_.q00021.smt2	bwz	a9cba8399d0a0e8d4e4f24758a9547fba29f8dff
abstractable.bwz.f2clapack-f32.sgetrf_.q00040.smt2	bwz	8e814086dac25adf4845dcf459565afe0f3d1510
abstractable.bwz.f2clapack-f32.sgetrf_.q00022.smt2	bwz	6ed7582649bd24558fa4c9df8f5f83a3df65a29b
abstractable.bwz.f2clapack-f32.sgetrf_.q00043.smt2	bwz	7c4df9c8db6b9dc2b6f7f49bc8eec91fdf17b745
abstractable.bwz.f2clapack-f32.sgetrf_.q00042.smt2	bwz	04320102b053066ab26690c4e7840eb3c7ded418
abstractable.bwz.f2clapack-f32.sgetrf_.q00039.smt2	bwz	e155f61c3a762b96df160341b3b2e87a544f3104
abstractable.bwz.f2clapack-f32.sgetrf_.q00038.smt2	bwz	e155f61c3a762b96df160341b3b2e87a544f3104
abstractable.bwz.f2clapack-f32.sgetrf_.q00036.smt2	bwz	c3f6fb8e9f975a2543b129c64fbf462d48bef668
abstractable.bwz.f2clapack-f32.sgetrf_.q00023.smt2	bwz	f7a1c6721aa96eb82b969c231f8e67d5f3638f52
abstractable.bwz.f2clapack-f32.sgetrf_.q00031.smt2	bwz	22a6c67a46789dbdeb3bf1a5982c95392debaf3a
abstractable.bwz.f2clapack-f32.sgetrf_.q00029.smt2	bwz	c6f859fa3b442e328e17d69d95ede3e8cdd7ba35
abstractable.bwz.f2clapack-f32.sgetrf_.q00028.smt2	bwz	c6f859fa3b442e328e17d69d95ede3e8cdd7ba35
abstractable.bwz.f2clapack-f32.sgetrf_.q00025.smt2	bwz	e34cb1ee68eeeaa793da39700acb9699be86a19a
abstractable.bwz.f2clapack-f32.sgeqrf_.q00203.smt2	bwz	182b55537c2983bf67e239ee53c7d4f86cc8dd01
abstractable.bwz.f2clapack-f32.sgeqrf_.q00202.smt2	bwz	de314c8709101eb7268f77bfea5ef3bf13a771da
abstractable.bwz.f2clapack-f64.dlascl_.q00021.smt2	bwz	2681e93be4fd44d56e8b4ab601d2b341087002a9
abstractable.bwz.f2clapack-f64.dlascl_.q00020.smt2	bwz	d22b375b7825994dfd29ed0beb2b0caa335faff7
abstractable.bwz.f2clapack-f64.dlascl_.q00019.smt2	bwz	6fe28160ea4b75a13049e0ad8e50ff471e27c514
abstractable.bwz.f2clapack-f64.dlascl_.q00018.smt2	bwz	cf25bd114a7130a42c20b328afab9311354e730b
abstractable.bwz.f2clapack-f64.dlascl_.q00017.smt2	bwz	90a237b69f79bf62803f478cdcf52288ee41b331
abstractable.bwz.f2clapack-f64.dlascl_.q00016.smt2	bwz	0209d5f72db09824eb780760f3610585781b103a
abstractable.bwz.f2clapack-f64.dlascl_.q00015.smt2	bwz	75e4c65ac8df1760b5084cdf91854773056c1707
abstractable.bwz.f2clapack-f64.dlascl_.q00014.smt2	bwz	e5037777f94e80428bbebab5e5be81443940b881
abstractable.bwz.f2clapack-f64.dlascl_.q00013.smt2	bwz	7453f748fcace6f408ff3d5df9c4b262a43e80a0
abstractable.bwz.f2clapack-f64.dlascl_.q00012.smt2	bwz	8853c2eac847f987342d56a91eec95c2ed6539cf
abstractable.bwz.f2clapack-f64.dlascl_.q00011.smt2	bwz	726cdc2777eb80748f0476ecfd45fc3ca5732fcb
abstractable.bwz.f2clapack-f64.dlascl_.q00010.smt2	bwz	bb35b661b155572d19c5a5ce8fa3ce84ab1ac245
abstractable.bwz.f2clapack-f64.dlascl_.q00009.smt2	bwz	f67c48f65190a94142bd5900a4e592768fbc11b9
abstractable.bwz.f2clapack-f64.dlascl_.q00008.smt2	bwz	8f905e8a8cc01697c792966c4de27b85039ff341
abstractable.bwz.f2clapack-f64.dlascl_.q00007.smt2	bwz	aa81de6bcef98fce413e53ddfef5abc67378af94
abstractable.bwz.f2clapack-f64.dlascl_.q00006.smt2	bwz	631a86214650b6e4d2a6712cb02f2037a769c4bf
abstractable.bwz.f2clapack-f64.dlascl_.q00005.smt2	bwz	ad12276c0d1213af375aa90a23407b05572a8baf
abstractable.bwz.f2clapack-f64.dlascl_.q00004.smt2	bwz	2c8afceebc2a0fa06ca94a3ea58da1559aa8983b
abstractable.bwz.f2clapack-f64.dgesv_.q00005.smt2	bwz	4e169f89ae7578a21050882f3fb5d5a0831f04a6
abstractable.bwz.f2clapack-f64.dgesv_.q00007.smt2	bwz	65ecaa7c5579c33addd64281aaefa6df94e4dc4e
abstractable.bwz.f2clapack-f64.dgesv_.q00010.smt2	bwz	007b89721a36af09b2964bc00db9d7b3f7d6aaf8
abstractable.bwz.f2clapack-f64.dgesv_.q00036.smt2	bwz	1afac1cd57f0fc18d9760a5a13471142263cb81f
abstractable.bwz.f2clapack-f64.dgesv_.q00027.smt2	bwz	9de7d42a73a96b78c97d5c995cbac621198ff899
abstractable.bwz.f2clapack-f64.dgesv_.q00068.smt2	bwz	ffcd6416b67dd3ba5022816aaa5be97447d15766
abstractable.bwz.f2clapack-f64.dgesv_.q00030.smt2	bwz	bfd5f18a5140b907cb675a5088a118e56429ccb7
abstractable.bwz.f2clapack-f64.dgesv_.q00065.smt2	bwz	9c7862e991cc19ea1b7f5d04c7a8481c0b9f1e5a
abstractable.bwz.f2clapack-f64.dgesv_.q00026.smt2	bwz	43b2ec6980bc383921581a9569689798004e6d12
abstractable.bwz.f2clapack-f64.dgecon_.q00034.smt2	bwz	f3c1f1afd148bd5e8e85e078fa23e526043c55cc
abstractable.bwz.f2clapack-f64.dgecon_.q00030.smt2	bwz	3aeb0e2dfe8e0d9682477b957ee7cd683fc10166
abstractable.bwz.f2clapack-f64.dgecon_.q00035.smt2	bwz	8788256868aae6678a75bb3a5808fb37a7e6d90e
abstractable.bwz.f2clapack-f64.dgecon_.q00019.smt2	bwz	c543f24542da620f79316ba76b6ed781bff6ca80
abstractable.bwz.f2clapack-f64.dgecon_.q00003.smt2	bwz	3bed66cba4faa9b1fa91ca6f9f97495dc5f5e825
abstractable.bwz.f2clapack-f64.dgecon_.q00004.smt2	bwz	0757209c5a04018b64203091556f94b25dc4788a
abstractable.bwz.f2clapack-f64.dgecon_.q00006.smt2	bwz	9dce7ca7ba4e10f9cb86ca8cd1760eae47419138
abstractable.bwz.f2clapack-f64.dgecon_.q00007.smt2	bwz	0a1c989cc71cc8499e1e5c017713906a5ee7c275
abstractable.bwz.f2clapack-f64.dgecon_.q00008.smt2	bwz	d9d2a7fda0cfb59484dd7a0a57781482543c51bc
abstractable.bwz.f2clapack-f64.dgecon_.q00009.smt2	bwz	d20ab40c1626bada56a6af80f91e3d88e1dcec2d
abstractable.bwz.f2clapack-f64.dgecon_.q00011.smt2	bwz	f08f3de7c06d62f7706a2cfac5ed8e9065b54a60
abstractable.bwz.f2clapack-f64.dgecon_.q00012.smt2	bwz	617f99b0267a113b825726625a0d6e40948c0674
abstractable.bwz.f2clapack-f64.dgecon_.q00013.smt2	bwz	90d0467c24f1540be35e19303f41c4a5b5314ec8
abstractable.bwz.f2clapack-f64.dgecon_.q00015.smt2	bwz	fabac2e3bef1efd1d198eb6635ea08eb6ea98cc1
abstractable.bwz.f2clapack-f64.dgecon_.q00017.smt2	bwz	82d0d18cf8592ab21350dfa58bdb163a9c8d7434
abstractable.bwz.f2clapack-f64.dgecon_.q00018.smt2	bwz	d1f0711e93accbba4ab23e27f24b86fe548b1fde
abstractable.bwz.f2clapack-f64.dgecon_.q00020.smt2	bwz	826ae05a2cb25ce96914da7eef8f8b3be579ef1d
abstractable.bwz.f2clapack-f64.dgecon_.q00022.smt2	bwz	0c6924258f83881d7f9cc6d3808cbf8d3b132698
abstractable.bwz.f2clapack-f64.dgecon_.q00023.smt2	bwz	6017a7ab0969c390ae06191365336175f2a2a039
abstractable.bwz.f2clapack-f64.dgecon_.q00025.smt2	bwz	32274edac680e2b2b11574633f1e362995549610
abstractable.bwz.f2clapack-f64.dgecon_.q00026.smt2	bwz	e64d0384944daa85db41ca011a3e807834800321
abstractable.bwz.f2clapack-f64.dgecon_.q00027.smt2	bwz	3237b7a60263f434a837c997ec01bb22185fb947
abstractable.bwz.f2clapack-f64.dgecon_.q00036.smt2	bwz	6082b4480c6b3b01a16de35c5b6d4826e3a00c7f
abstractable.bwz.f2clapack-f64.dgecon_.q00028.smt2	bwz	570c6b3eb9de654b93cdd706ba9129881beef8f0
abstractable.bwz.f2clapack-f64.dgecon_.q00033.smt2	bwz	ed4cd8805189c35f589eb1ad13e0dbc2ed61cb8e
abstractable.bwz.f2clapack-f64.dlange_.q00015.smt2	bwz	d77d2e7574b496804a6c5fca1aca4d968478b6e0
abstractable.bwz.f2clapack-f64.dlange_.q00014.smt2	bwz	b34b94bf342c162b24802e94942d117e4d5fba05
abstractable.bwz.f2clapack-f64.dlange_.q00013.smt2	bwz	be3f1516140312cc40c1b6d4be07435b36442ffe
abstractable.bwz.f2clapack-f64.dlange_.q00012.smt2	bwz	bf05c5fc72ae9d85d4dac7e32b3e9cc5a06a33ac
abstractable.bwz.f2clapack-f64.dlange_.q00011.smt2	bwz	8a281e39cdfb3863f58c77d4f391646ef0b2103d
abstractable.bwz.f2clapack-f64.dlange_.q00010.smt2	bwz	a9861e5db3a4f62699a7cb10e23c8e87ea0fcc8a
abstractable.bwz.f2clapack-f64.dlange_.q00009.smt2	bwz	46284d4d9628dff6311e25089a682fc999fb589c
abstractable.bwz.f2clapack-f64.dlange_.q00008.smt2	bwz	0f2c48b4c82c06035cb689757ba52d8d823748cd
abstractable.bwz.f2clapack-f64.dlange_.q00007.smt2	bwz	06eb99b66760ff7b2e1f7d1048fb16739d569977
abstractable.bwz.f2clapack-f64.dlange_.q00006.smt2	bwz	8c97973e7937b3ad4f22f5ad015ef201ccc4041b
abstractable.bwz.f2clapack-f64.dlange_.q00005.smt2	bwz	dfe4a090a97503d091e938c17ae8534c2d88261f
abstractable.bwz.f2clapack-f64.dlange_.q00004.smt2	bwz	1bd62ad1c53b55307ecd3ef9dea88abced01ee0d
abstractable.bwz.f2clapack-f64.dlange_.q00003.smt2	bwz	e1f93339a2da8de0fcbb3d70627f99c1eacd69b5
abstractable.bwz.f2clapack-f64.dlange_.q00002.smt2	bwz	6561ca3c0e15a015559fb0b999d05f7a277e8427
abstractable.bwz.f2clapack-f64.dlange_.q00001.smt2	bwz	bd044084ea46b2b4435579f8e7a9b861df99cf25
abstractable.bwz.f2clapack-f64.dgels_.q00047.smt2	bwz	0278eac07aad1f5c168d0d25c21e1f02e0b52303
abstractable.bwz.f2clapack-f64.dgels_.q00063.smt2	bwz	57f047163eb63972b0276cc63bcb577062f35f9c
abstractable.bwz.f2clapack-f64.dgesv_.q00012.smt2	bwz	ca21c1324bcb42a145e299666ae49559ba39028a
abstractable.bwz.f2clapack-f64.dgesv_.q00046.smt2	bwz	72f4f43140c0045c58269879b9028bad27c7139a
abstractable.bwz.f2clapack-f64.dgesv_.q00048.smt2	bwz	c4128c7b49b78e817fa3d7cf01914a9f846244c1
abstractable.bwz.f2clapack-f64.dgesv_.q00052.smt2	bwz	c890618d61a5df03ee60039c869993dc244318d0
abstractable.bwz.f2clapack-f64.dgesv_.q00013.smt2	bwz	c58468f2fb4ac38195768de66549aa12c0ea54ea
abstractable.bwz.f2clapack-f64.dgesv_.q00055.smt2	bwz	345b322c6bcee6f34960249c94eb5924c29f5832
abstractable.bwz.f2clapack-f64.dgesv_.q00057.smt2	bwz	6fc11b5c0f4d4aa2fd7e8d17bea46c37055949aa
abstractable.bwz.f2clapack-f64.dgesv_.q00017.smt2	bwz	2e71cf2418ccc277483fa98f0f49db730aeee073
abstractable.bwz.f2clapack-f64.dgesv_.q00059.smt2	bwz	437c19dd0dee6c4471dfac55a426360f3caf3d42
abstractable.bwz.f2clapack-f64.dgesv_.q00061.smt2	bwz	1d2a46fa468e181d67906033bcc0c9fbe6e2d34e
abstractable.bwz.f2clapack-f64.dgesv_.q00033.smt2	bwz	496c7407c35c513a92440a93ef16d9d73df8adcf
abstractable.bwz.f2clapack-f64.dgesv_.q00034.smt2	bwz	cd17bc024a3bca4250af860a2f1da4daa96a7aab
abstractable.bwz.f2clapack-f64.dgesv_.q00040.smt2	bwz	5594f1bbde5ee7ba776caf490a5cb4aaff614d98
abstractable.bwz.f2clapack-f64.dgesv_.q00022.smt2	bwz	6ed7cbee2642da15de30fd15e49ec987b957912e
abstractable.bwz.f2clapack-f64.dgesv_.q00042.smt2	bwz	c7108c3767679a0c1eb57bf6bf017547d7ea8ae5
abstractable.bwz.f2clapack-f64.dgesv_.q00039.smt2	bwz	e8e63406b85d8064170723ca1bcc41440f486375
abstractable.bwz.f2clapack-f64.dgels_.q00056.smt2	bwz	c5adee62f0010beeb3679241ad29f49de024a5c8
abstractable.bwz.f2clapack-f64.dgels_.q00182.smt2	bwz	06136c3f42fe998cca83616953f422ba2ecc4bad
abstractable.bwz.f2clapack-f64.dgels_.q00139.smt2	bwz	84d0fd186bcc0ee71b51e316992a264c3d70421a
abstractable.bwz.f2clapack-f64.dgels_.q00064.smt2	bwz	9711e699600dd46f1be0b06de83c51229795d288
abstractable.bwz.f2clapack-f64.dgels_.q00155.smt2	bwz	8206e2a4f65ce1308d347728acf09dee2d7f5f3a
abstractable.bwz.f2clapack-f64.dgels_.q00177.smt2	bwz	b168cad19a9511ace83331d1296c037f24845e7a
abstractable.bwz.f2clapack-f64.dgels_.q00232.smt2	bwz	d349bfd0505f63104404362f682d1646b98de94c
abstractable.bwz.f2clapack-f64.dgels_.q00187.smt2	bwz	1d5bed818ba327da677c2a4db3e8ba9bc7c9fd54
abstractable.bwz.f2clapack-f64.dgels_.q00137.smt2	bwz	43379762ee350d61a4c75d88052bda40765f3358
abstractable.bwz.f2clapack-f64.dgels_.q00184.smt2	bwz	b095977510c4c47b0c6fa452946b3ab535caeba9
abstractable.bwz.f2clapack-f64.dgels_.q00203.smt2	bwz	d5ff7dc372c75bc2e0a83efcf11f594d81398a1b
abstractable.bwz.f2clapack-f64.dgels_.q00160.smt2	bwz	1ffa0189748ee315aa4b207da9ed72cac54d3f2f
abstractable.bwz.f2clapack-f64.dgels_.q00153.smt2	bwz	4036f9b0ff9675070b0105409ac9e1cfc8cd7c09
abstractable.bwz.f2clapack-f64.dgels_.q00149.smt2	bwz	4991bc28572f890bbb37403ed51c880468054cb9
abstractable.bwz.f2clapack-f64.dgels_.q00205.smt2	bwz	9031c06e41f2a3861a0fbe0346bcbe9deb61ab3d
abstractable.bwz.f2clapack-f64.dgels_.q00141.smt2	bwz	a3c407bce3e988e1832c44e94af528530b69c39d
abstractable.bwz.openlibm.remquof.q01755.smt2	bwz	4dd7821cc9e3ee4ed38b4f13eb0d4f7786528deb
abstractable.bwz.openlibm.remquof.q01615.smt2	bwz	fe3e545d7cae7063406a01e489a6627814754b39
abstractable.bwz.openlibm.remquof.q00404.smt2	bwz	6147dd6556b020e4fe3ffda02e3daadb1850733d
abstractable.bwz.openlibm.remquof.q01930.smt2	bwz	7fa905272926a40a239595b725d86ad872fc3cd0
abstractable.bwz.openlibm.remquof.q01790.smt2	bwz	9eabf50a93261a6247906f265b9af70db6eb2220
abstractable.bwz.openlibm.remquof.q02290.smt2	bwz	0954352c21b1e96b88c1ca39f7f2a665ff6bad23
abstractable.bwz.openlibm.remquof.q01946.smt2	bwz	f48c9b6392f0374c1be55dc3f31898f85239c5fd
abstractable.bwz.openlibm.remquof.q02020.smt2	bwz	b8dcb6d1cb99823bcd7d6a1203657f06811ad503
abstractable.bwz.openlibm.remquof.q00673.smt2	bwz	cccd67b78fc50b3348913e9e4ea3fc0ea1d66343
abstractable.bwz.openlibm.remquof.q01951.smt2	bwz	0de9bff6db65f9e2a5c76914263dd2abb467852f
abstractable.bwz.openlibm.remquof.q02137.smt2	bwz	2d980d6286fb55eaefadd01d92171c1b18a153e6
abstractable.bwz.openlibm.remquof.q02245.smt2	bwz	5b4067e0055af90407ae27766a8549e9fa3b4361
abstractable.bwz.openlibm.remquof.q00871.smt2	bwz	fb72154688f0155594fa6e652f2d26bd2d2dd0a0
abstractable.bwz.openlibm.remquof.q02430.smt2	bwz	9d3468227c952749f8440eef4afd0bc0c2fd62f9
abstractable.bwz.openlibm.remquof.q01234.smt2	bwz	
abstractable.bwz.openlibm.remquof.q02365.smt2	bwz	12843d99d3b99fbc024590544e2d47abc6b0fc31
abstractable.bwz.f2clapack-f32.slange_.q00015.smt2	bwz	aae7c563947702fc4218055f403a6e6cd69de342
abstractable.bwz.f2clapack-f32.slange_.q00014.smt2	bwz	124d5008360f06564dee08f15e89a6456371b5da
abstractable.bwz.f2clapack-f32.slange_.q00013.smt2	bwz	625d34c96eb40dbc168880f328e10c1111cee227
abstractable.bwz.f2clapack-f32.slange_.q00012.smt2	bwz	ef9077d138d9c27a243b26977a71d2af57723b22
abstractable.bwz.f2clapack-f32.slange_.q00011.smt2	bwz	798f1852269cf1d2f440d8a03d6c1cd1e02b094a
abstractable.bwz.f2clapack-f32.slange_.q00010.smt2	bwz	66bc2d97684ae217a86c065e294b04c4d544d4e4
abstractable.bwz.f2clapack-f32.slange_.q00009.smt2	bwz	1d528aa9745fedb438d794ac68aadbae10e4bfab
abstractable.bwz.f2clapack-f32.slange_.q00008.smt2	bwz	d97c38cadef80023f138f7a07a8fc5c14d3ed061
abstractable.bwz.f2clapack-f32.slange_.q00007.smt2	bwz	db49c1ae4fda6e32cec6d8729e7f11d76db9881d
abstractable.bwz.f2clapack-f32.slange_.q00006.smt2	bwz	3944a5c17fe87ec3187b50694b72f2cffeff175d
abstractable.bwz.f2clapack-f32.slange_.q00005.smt2	bwz	51f2c17c0443992ee8984b94aae9bffaf0d36f50
abstractable.bwz.f2clapack-f32.slange_.q00004.smt2	bwz	a134d05fff9eee50cab968d6522d9538547d70f8
abstractable.bwz.f2clapack-f32.slange_.q00003.smt2	bwz	58cf90c962e6dc6bf5b2ab8e108fcb6927261055
abstractable.bwz.f2clapack-f32.slange_.q00002.smt2	bwz	8a4e5c237f2632a703c75fb59346c8a62bcbd23e
abstractable.bwz.f2clapack-f32.slange_.q00001.smt2	bwz	d60e4e69367aab6a9f617600aa25039051e857c7
abstractable.bwz.f2clapack-f64.dgetf2_.q00059.smt2	bwz	df09f813dc5cb016e3014d9a9bdf0ba020b3ba09
abstractable.bwz.f2clapack-f64.dgetf2_.q00058.smt2	bwz	8ab66fdc79c419c70cdf88cdefc709b4a00dfa4f
abstractable.bwz.f2clapack-f64.dgetf2_.q00057.smt2	bwz	794a13d8ccb03f3ccfb615daa880a3578435c810
abstractable.bwz.f2clapack-f64.dgetf2_.q00054.smt2	bwz	15bf7206390c6d5b46bc309d22f996024636969e
abstractable.bwz.f2clapack-f64.dgetf2_.q00053.smt2	bwz	8d5b37d7d58cd52685e701aa3b3892ad06cfe1e9
abstractable.bwz.f2clapack-f64.dgetf2_.q00052.smt2	bwz	927519fba18adf338a39fbc49bd1217303b03190
abstractable.bwz.f2clapack-f64.dgetf2_.q00051.smt2	bwz	652fa5084d6ea80bfd0274f4c90ec6c7b8a254db
abstractable.bwz.f2clapack-f64.dgetf2_.q00050.smt2	bwz	48157a457f3e84dd02450105cbbbb612a8d97171
abstractable.bwz.f2clapack-f64.dgetf2_.q00049.smt2	bwz	827fbf7e5584d6d58557c5c7c548c5c034390890
abstractable.bwz.f2clapack-f64.dgetf2_.q00048.smt2	bwz	df191cb76bd558cb5d5921bf6c424ec03074d712
abstractable.bwz.f2clapack-f64.dgetf2_.q00047.smt2	bwz	652fa5084d6ea80bfd0274f4c90ec6c7b8a254db
abstractable.bwz.f2clapack-f64.dgetf2_.q00046.smt2	bwz	a66e5c300f68ccfd3356a058302a5ca024589bcb
abstractable.bwz.f2clapack-f64.dgetf2_.q00045.smt2	bwz	a66e5c300f68ccfd3356a058302a5ca024589bcb
abstractable.bwz.f2clapack-f64.dgetf2_.q00044.smt2	bwz	a66e5c300f68ccfd3356a058302a5ca024589bcb
abstractable.bwz.f2clapack-f64.dgetf2_.q00043.smt2	bwz	a66e5c300f68ccfd3356a058302a5ca024589bcb
abstractable.bwz.f2clapack-f64.dgetf2_.q00042.smt2	bwz	081c3dbd1fdbfe45be2d1cb9a384f69d5f70072e
abstractable.bwz.f2clapack-f64.dgetf2_.q00041.smt2	bwz	afc1941046bf133d0ee3a66dd0b5cdd89bff9378
abstractable.bwz.f2clapack-f64.dgetf2_.q00040.smt2	bwz	0b9424392b5b0fd703b4d12ec8f7f707a8561cdb
abstractable.bwz.f2clapack-f64.dgetf2_.q00039.smt2	bwz	324a985a3b147b51e3e2a82f9932a735acb95c36
abstractable.bwz.f2clapack-f64.dgetf2_.q00038.smt2	bwz	262430e3db5c3ae996ad8580084e94156aa2cabe
abstractable.bwz.f2clapack-f64.dgetf2_.q00036.smt2	bwz	279896f096befb0c3c6d19b15e364a3a4dc8d356
abstractable.bwz.f2clapack-f64.dgetf2_.q00032.smt2	bwz	5a5d392a13cb8d0d83001c77845a2d95c8c651bd
abstractable.bwz.f2clapack-f64.dgetf2_.q00027.smt2	bwz	2efda00bf8866fde40bc6a76f4fa896caf8892a3
abstractable.bwz.f2clapack-f64.dgetf2_.q00023.smt2	bwz	313ca4c77318d99f4b4f1ca73c3a8d848544e343
abstractable.bwz.f2clapack-f64.dgetf2_.q00014.smt2	bwz	6aa493a19b7a2e62432b8f40f321a700d20a4416
abstractable.bwz.f2clapack-f64.dpotf2_.q00012.smt2	bwz	3f741e3ac9caffc6f40eb6e0771e11c4ac2d91e2
abstractable.bwz.f2clapack-f64.dpotf2_.q00011.smt2	bwz	6c5e0ca40cfc7a78a9be9a93488e7ef8bf67ecdd
abstractable.bwz.f2clapack-f64.dpotf2_.q00010.smt2	bwz	6c5e0ca40cfc7a78a9be9a93488e7ef8bf67ecdd
abstractable.bwz.f2clapack-f64.dpotf2_.q00009.smt2	bwz	b901c9e891ae7cecf323737fd16e4a0b76241eec
abstractable.bwz.f2clapack-f64.dpotf2_.q00008.smt2	bwz	f976cf1e629e940a74db71e999ccd26409369118
abstractable.bwz.f2clapack-f64.dpotf2_.q00007.smt2	bwz	f976cf1e629e940a74db71e999ccd26409369118
abstractable.bwz.f2clapack-f64.dpotf2_.q00006.smt2	bwz	bc7060b766b3b3692f4140bfbea886a9f50d0ea1
abstractable.bwz.f2clapack-f64.dpotf2_.q00005.smt2	bwz	2579cdff8377961bc9d18227a2c61ceafccaa55c
abstractable.bwz.f2clapack-f64.dpotf2_.q00004.smt2	bwz	2579cdff8377961bc9d18227a2c61ceafccaa55c
abstractable.bwz.f2clapack-f64.dpotf2_.q00003.smt2	bwz	9305182ff240936b6973e9d3d654c7ab6994a511
abstractable.bwz.f2clapack-f64.dpotf2_.q00002.smt2	bwz	bec6e4d10af5e7a2a0eef9b42aa44baa3e7a742b
abstractable.bwz.f2clapack-f64.dpotf2_.q00001.smt2	bwz	bec6e4d10af5e7a2a0eef9b42aa44baa3e7a742b
control.stp.gmp.mpf_add_ui.q.0786.smt2	stp	d9d4c9446c8945398067ee7120e3048a74b0a9e0
control.stp.gmp.mpf_add.q.1520.smt2	stp	553367640e5c0b3d96d099915d928a740fa03e37
control.stp.gmp.mpf_cmp_si.q.0023.smt2	stp	09411dd7a3d96e6eb2dee5eb5e523b17fcb5cd1c
control.stp.gmp.mpf_eq.q.0403.smt2	stp	542866156a69fc3d17f9c180844b097b1ab2076e
control.stp.gmp.mpf_get_d.q.0924.smt2	stp	f4410a4a6957c9eaaf284e737966898a35294bdf
control.stp.gmp.mpf_abs.q.0041.smt2	stp	6c0d367e686402fcd3dfda0b5ae6c4c892c10712
control.stp.gmp.mpf_add.q.2044.smt2	stp	14f4585ef78323fde12305140e5eb753547f7908
control.stp.gmp.mpq_get_d.q.0333.smt2	stp	e3bd8bb38780ec44e5aea2a3035128b0b4cd2c99
control.stp.gmp.mpf_get_d_2exp.q.0127.smt2	stp	b54a3ab8dfa87424f87f59479c56de9474567896
control.stp.gmp.mpf_add.q.1391.smt2	stp	5dfae9fbe9e0cf7081de0ab4c8d01306ac0e9375
control.stp.gmp.mpf_add_ui.q.0471.smt2	stp	4f064dc9a66fa1d3e21e97c0205b4f1a627191e8
control.stp.gmp.mpf_sub_ui.q.0823.smt2	stp	bd14d14cbf8ac595ad859c74a63e3008e418eb34
control.stp.gmp.mpf_sub_ui.q.0238.smt2	stp	00ee57b0fe35a045709c8ffe3d410c357daa54e1
control.stp.gmp.mpf_add_ui.q.1665.smt2	stp	aca25d503cfc582a85a5477ae9c7a881feb20572
control.stp.gmp.mpf_sub_ui.q.1200.smt2	stp	74760bcb2ff293f832c0fe6b3b4f461e441223de
control.stp.gmp.mpf_neg.q.0262.smt2	stp	3f02495603cc72b70d90e965785ec66a6c5c4e37
control.stp.gmp.mpq_get_d.q.0323.smt2	stp	df04ea0ce3970d36bb4ff8c4bc4fc50206540c7a
control.stp.gmp.mpf_get_d_2exp.q.0597.smt2	stp	b74cdbee0e9f741d8d95376e0e4b09502b116939
control.stp.gmp.mpf_cmp_d.q.0151.smt2	stp	0bfe9c6578de4394666ce8a36facb61a36d610be
control.stp.gmp.mpf_get_d_2exp.q.1174.smt2	stp	91d3a5625776455a10f9aba22e2a3b1b1fb34dbc
control.stp.gmp.mpf_eq.q.0169.smt2	stp	1165d19cfd642090eb031ddb52addbd48b30257e
control.stp.gmp.mpf_neg.q.0318.smt2	stp	db2c3202fd504d7aa508a89ddfd1a0ea6d4d2ccd
control.stp.gmp.mpf_add.q.0096.smt2	stp	0eb2a2fd36744a58ba9b0054886d08c5b02e7831
control.stp.gmp.mpf_add.q.2100.smt2	stp	3e65c67fdbc44cdc4f343b2eccefcd05be3773d5
control.stp.gmp.mpf_abs.q.0385.smt2	stp	40da13ec0bb47dcf64a9aec1a5e1ce6999a5f820
control.stp.gmp.mpf_cmp_si.q.0039.smt2	stp	440918058cf5bf990c843e25685d6ce4a0e635c2
control.stp.gmp.mpf_mul_ui.q.0226.smt2	stp	910589e88404b21df842254e83872df4ea388400
control.stp.gmp.mpf_abs.q.0057.smt2	stp	3c000db2dc9a7f677f44a0f9d2bbd779cd8ea69f
control.stp.gmp.mpq_set_d.q.1417.smt2	stp	36db20f4463fcdf6023cfc19777414b6abb4c4d2
control.stp.gmp.mpf_neg.q.0315.smt2	stp	4ca682bccddbaed8562abae5ca16616b39198c10
control.stp.gmp.mpf_random2.q.0121.smt2	stp	f5966069ed019d7716e7d0983c93877d1cd47d25
control.stp.gmp.mpf_cmp_d.q.0704.smt2	stp	eb167b02e774709ca5e4a418e9a32cbf78b61026
control.stp.gmp.mpf_get_d_2exp.q.0258.smt2	stp	d490d95a33d323bf77214513025a3b0e38e6b763
control.stp.gmp.mpf_mul_ui.q.0365.smt2	stp	146cce11c726e941ebefef78b33df71bbbcefee1
control.stp.gmp.mpf_sub_ui.q.0990.smt2	stp	a3e7c15e6bb60821e0cb653ef7a13246929e1ebe
control.stp.gmp.mpf_add.q.2112.smt2	stp	008e11de6c0411956972b341ed23c20345df1480
control.stp.gmp.mpf_get_ui.q.0039.smt2	stp	b71a0e44c4bbd7bf3af0de53937715f3eb8cf3ef
control.stp.gmp.mpq_set_d.q.0335.smt2	stp	07272dbdb889f1836d4a2c7fd4c916de51c71f57
control.stp.gmp.mpf_cmp_si.q.0014.smt2	stp	35bee1471aa0057f0ed092fd0a8891afdaef4396
control.stp.gmp.mpf_add.q.1634.smt2	stp	1a74b3f74cbb7fc3e25164b305b0e3cd3ee1dda9
control.stp.gmp.mpf_add.q.1339.smt2	stp	88425b2f5a14eca3a38ab3cbfa6678af54048757
control.stp.gsl.gsl_sf_airy_Bi_deriv_scaled.q.0028.smt2	stp	4aaf5693e9479d5b5bebc6b40668249b95b30178
control.stp.gsl.gsl_sf_hermite_prob_deriv_array.q.0594.smt2	stp	c7169e79b13e2021f63382c7a89525f55743b61e
control.stp.gsl.gsl_sf_hermite_prob_deriv_array.q.0318.smt2	stp	2c6a1116d91a32c32b070c2f030648e842068450
control.stp.gsl.gsl_sf_airy_Bi_deriv_scaled.q.0405.smt2	stp	21a94f122ba9e6c32d7b80defe133a871e67da2d
control.stp.gsl.gsl_sf_airy_Ai_deriv_scaled_e.q.0083.smt2	stp	5b0a23217938d6ba323209294451238d2e843be3
control.stp.gsl.gsl_sf_hermite_prob_deriv_array.q.0381.smt2	stp	01162f35f2454c0a25335cf65cfda83e3ad818bd
control.stp.gsl.gsl_sf_hyperg_1F1_int.q.0014.smt2	stp	f4f3cb134ffc1bd28bd541bea990381a9456e42c
control.stp.gsl.gsl_sf_hermite_prob_deriv_array.q.0283.smt2	stp	78684cddd2af39ac0987da6a67bf9313345143f2
control.stp.gsl.gsl_sf_hermite_prob_deriv_array.q.0939.smt2	stp	9b160d93055ba2dfc2b3e995a05bec996b590057
control.stp.gsl.gsl_sf_hermite_zero.q.0004.smt2	stp	499977d9f80c8352bfe0fbec6fb6c1400c350039
control.stp.gsl.gsl_sf_airy_Bi_deriv_scaled.q.0147.smt2	stp	348ddaa2108b2e449cc88adb3efbe5b4c65887cc
control.stp.gsl.gsl_sf_hermite_prob_deriv_array.q.0519.smt2	stp	585263609babcd151a1a77814cee95db8b658958
control.stp.gsl.gsl_sf_hermite_prob_deriv_array.q.0955.smt2	stp	206e3f297aaa06ae387dbbea64b4bb92c9207eeb
control.stp.gsl.gsl_sf_airy_Bi_deriv_scaled.q.0303.smt2	stp	d288fba5feda2afca750848c4ef2bd750a31c76c
control.stp.gsl.gsl_sf_hermite_prob_deriv_array.q.0744.smt2	stp	7a1c56562361efadebba84883917a48874579b9e
control.stp.gsl.gsl_sf_legendre_H3d_0_e.q.0004.smt2	stp	14e46d6f500a246cee6a73b258ba4ea4ebf9d79b
control.stp.gsl.gsl_sf_hermite_phys_series_e.q.0044.smt2	stp	29d5b9ea49cd9bccf15ffcb7c651b0cf9fbae4bf
control.stp.gsl.gsl_sf_hermite_prob_deriv_array.q.0474.smt2	stp	02da2ca4e3dde33b5e43a333b0dfcca7fab675b9
control.stp.gsl.gsl_sf_airy_Bi_deriv_scaled.q.0125.smt2	stp	885336c339b7520d8eb991d38b634751d8eeea8b
control.stp.gsl.gsl_sf_psi_n_e.q.0019.smt2	stp	c2f19c7a058e503cfa2333c54880b8c475dc3053
control.stp.gsl.gsl_sf_hermite_prob_deriv_array.q.0759.smt2	stp	577d0ac91194ad301b433b5c06e6e21e97dbcd8f
control.stp.gsl.gsl_sf_hermite_prob_deriv_array.q.0637.smt2	stp	3dcfc5b51b3a94ea3325c3c5ce1171ebc1d5765f
control.stp.gsl.gsl_sf_hermite_prob_deriv_array.q.0790.smt2	stp	e3fcab69ac66241637a48ec03612fad278501232
control.stp.gsl.gsl_sf_hermite_prob_deriv_array.q.0945.smt2	stp	df3237624e361f5fe5a1bb0feb8e6e87d79989e1
control.stp.gsl.gsl_sf_hermite_prob_deriv_array.q.0041.smt2	stp	995bceb4e1cc0bfacfc42f58303b9e6c028e8ab8
control.stp.gsl.gsl_sf_hermite_prob_deriv_array.q.0690.smt2	stp	03199c35e8b49abb4747c1a0de61914bdd84e654
control.stp.gsl.gsl_sf_airy_Ai_deriv_scaled_e.q.0039.smt2	stp	4aaf5693e9479d5b5bebc6b40668249b95b30178
control.stp.gsl.gsl_sf_hermite_e.q.0003.smt2	stp	6a70b13399ea8155d3c7b326cd2ebf2e8fc1ffcb
control.stp.gsl.gsl_sf_hermite_prob_deriv_array.q.0531.smt2	stp	54f68e56b708b5216f801c3109ef4d2fa7fd8844
control.stp.gsl.gsl_sf_hermite_prob_deriv_array.q.0887.smt2	stp	56ab01fcc0f2101154ab279831e53625c0856c19
control.stp.gsl.gsl_sf_hermite_prob_deriv_array.q.0553.smt2	stp	eb9f83dfac835a7ab514b54877783b22e49c39ef
control.stp.gsl.gsl_sf_hermite_prob_deriv_array.q.0227.smt2	stp	2858e32d1969233f72aa0ecda4763c6fdb4871aa
control.stp.gsl.gsl_sf_hermite_prob_deriv_array.q.0999.smt2	stp	97d219e82928e9283da91acfeb4558c8a27796ee
control.stp.gsl.gsl_sf_hermite_prob_deriv_array.q.1005.smt2	stp	b5ff39e538c56daa9577940a068516e36815f4a4
control.stp.gsl.gsl_sf_hermite_prob_deriv_array.q.0576.smt2	stp	bafd120aed26ae3994bd2c615a58833ee6fa443b
control.stp.gsl.gsl_sf_hermite_prob_deriv_array.q.0998.smt2	stp	fb5268d2769465809ed4953cee8ffa723185f682
control.stp.gsl.gsl_sf_hermite_prob_deriv_array.q.0858.smt2	stp	ff8c6426f8c14afc4a7292d152c74ae8b0a1c8e0
control.stp.gsl.gsl_sf_hermite_prob_deriv_array.q.0332.smt2	stp	cadfd21b9682693efff3a370dbcb44cd340f8e52
control.stp.gsl.gsl_sf_hermite_phys_series_e.q.0057.smt2	stp	60840b66e545ad13885f052ff81fa183a0b27be6
control.stp.gsl.gsl_sf_hermite_prob_deriv_array.q.0657.smt2	stp	18373722f6f883c73156a50407105f70e5790c9d
control.stp.gsl.gsl_sf_hermite_prob_deriv_array.q.0142.smt2	stp	0d8633361c24e96ff5a9e0db6f2f0fa85fdda855
control.stp.openlibm.remquof.q.1180.smt2	stp	1670be8dd72109c9a2752392b71b8b502b3ab9f3
control.stp.openlibm.remquof.q.0902.smt2	stp	55bce18d23a78b666f752071f5d14071d8aaf766
control.stp.openlibm.remquof.q.1119.smt2	stp	61970ceda866303757315083835666e389833370
control.stp.openlibm.fmodf.q.0877.smt2	stp	1ace66161784d0913f75a48f0b05f8fa72ca14fb
control.stp.openlibm.fmodf.q.1158.smt2	stp	c0803921301ea5d44b4e9895623569e7899566e4
control.stp.openlibm.fmodf.q.2134.smt2	stp	c13cadcbecb3fa6d9e09a4181750b77b444d0067
control.stp.openlibm.remquof.q.0996.smt2	stp	ce31d48f62e10ec976bc1f94d6de414828ee189e
control.stp.openlibm.fmodf.q.2172.smt2	stp	4fce57f89ab7d41945fb7aa282faa6dac7ad1c89
control.stp.openlibm.atan2f.q.0079.smt2	stp	6ca0302f62141b5e972bd3d5024bfb6bc171c7d9
control.stp.openlibm.lroundf.q.0007.smt2	stp	303f374d7b356dc5ac3fd647f59dba50c1f371f9
control.stp.openlibm.lgammaf_r.q.0087.smt2	stp	5db3d12b68e09b65e1ed0b7bb2feb0a222323a26
control.stp.openlibm.remquof.q.0404.smt2	stp	3c6893679fb18d6151b9dced27f2518a3a21e9b3
control.stp.openlibm.fmodf.q.2242.smt2	stp	89ec969fda4a8cc1c00828438154190a61a3b69c
control.stp.openlibm.remquof.q.0142.smt2	stp	41f0b5bcb9896e673a6b2df9c6bc4bf7eab6282a
control.stp.openlibm.fmodf.q.1197.smt2	stp	0cc29b08c3d85056f419d3dfb49e95c152e221bc
control.stp.openlibm.fmodf.q.0956.smt2	stp	4e1593f6b5f6f08d9271cf6157a46015211988a6
control.stp.openlibm.fmodf.q.0855.smt2	stp	dab3786baa9ed1f9c24da46d929482821401ee83
control.stp.openlibm.y1f.q.0035.smt2	stp	88aff638073a5783a5853560ee1e2cc0d4411d5f
control.stp.openlibm.fmodf.q.1554.smt2	stp	eafeb27d18ce6516f03418450d8129cb1492f255
control.stp.openlibm.fmodf.q.1522.smt2	stp	4a2b91d2ba51db4caf30b46275b74b96343eca21
control.stp.openlibm.sincosf.q.0004.smt2	stp	d9613912750cfa4d903e6fb2af0608c33c9e2d47
control.stp.openlibm.fmodf.q.0458.smt2	stp	ed1fe7d3c76581c296a844d504fa42dbd8f9ac07
control.stp.openlibm.fmodf.q.0597.smt2	stp	ce27782e2aed53ca0d8e3c7cbfe44894ca8c1b0a
control.stp.openlibm.fmodf.q.0190.smt2	stp	c54bd72e934d5f1a490d97d89f71a073ca048d02
control.stp.openlibm.fmodf.q.2049.smt2	stp	554e12a6d910be4a83a8a6c08df6a0c91bf5e3af
control.stp.openlibm.fmodf.q.0876.smt2	stp	fcd4cfbc56bb4500486e5737e888cfde7e39e4d8
control.stp.openlibm.fmodf.q.1021.smt2	stp	7a0e79d4af31041cb6d9d01033dc7db1a1ec44f2
control.stp.openlibm.remquof.q.0625.smt2	stp	83c41f39cebea0ad0b9e3592fe3daca234582700
control.stp.openlibm.fmodf.q.1617.smt2	stp	0a15a4400e6a0e6e29c74d982bf3bd9ae0fc7754
control.stp.openlibm.remquof.q.0893.smt2	stp	42d5b7ccca2b09f060ab9b7cb96a8e52faca185e
control.stp.openlibm.remquof.q.0664.smt2	stp	502a849f5f75093e4c9beafe9d96d226702f885a
control.stp.openlibm.fmodf.q.0181.smt2	stp	fe2c8e5b3d9ab1ca5a17a4655ecb9102f6046b75
control.stp.openlibm.remquof.q.0135.smt2	stp	a49cb11fa01e7ce33d88ccd16c4836a6d650275f
control.stp.openlibm.log1pf.q.0012.smt2	stp	2a92733cf9c1677fa04c7d91e918d88febf9c610
control.stp.openlibm.fmodf.q.1578.smt2	stp	05657d84db0b35aa8cb118d022486507c3667f4c
control.stp.openlibm.remquof.q.0890.smt2	stp	0927444c9a09ba3e60ce4053bdeeb379cbeabb7f
control.stp.openlibm.fmodf.q.0791.smt2	stp	b3d9cf0820529debf75614eceadc6c4a62333a2a
control.stp.openlibm.remquof.q.0158.smt2	stp	e833dcbe24789926498b30ac4921c291985f0478
control.stp.openlibm.fmodf.q.1692.smt2	stp	ef0596f6718aa724247e51d60c3b201b5fae79a9
control.stp.openlibm.fmodf.q.1055.smt2	stp	3f42a9ca9da92e39e1ba05d7c442cf8b605e53f2
control.stp.openlibm.fmodf.q.2279.smt2	stp	9ee4d1907a20993c0aeed5e21293d71c986ee846
control.stp.blis.bli_normfm.q.0020.smt2	stp	b26b59d2e06211384f1c4a725b99fae1ee7bb350
control.stp.blis.bli_amaxv.q.0013.smt2	stp	80d72a707ec4f9e71cbe8669f2ebee8c2391bb06
control.stp.blis.bli_normfm.q.0005.smt2	stp	7501d8145ba5ffdaed24a9c74b04c1fd8a6e0d55
control.stp.blis.bli_amaxv.q.0030.smt2	stp	f8cbe8d63115d0cb406fb90c0f45bab2d4499af1
control.stp.blis.bli_normfm.q.0023.smt2	stp	61c07e857c1826330d26225baccf628ee95feb4b
control.stp.blis.bli_amaxv.q.0028.smt2	stp	192ad85207cfc5d679f2e5c05b0608f36aa01019
control.stp.blis.bli_normfm.q.0015.smt2	stp	f8dd87cdc2185caa28b85481156e797a6505ea0c
control.stp.blis.bli_trmm3.q.0007.smt2	stp	c077965fac140b5906c5dedcc90765349e5b09d9
control.stp.blis.bli_normfm.q.0004.smt2	stp	94edbfceccb8991bf104f089b3a7b8b0048431c4
control.stp.blis.bli_amaxv.q.0020.smt2	stp	b1a97b93782d08e040c1df40078b4577ed1a02ff
control.stp.blis.bli_amaxv.q.0018.smt2	stp	9d0d9fd9840d35147db168b570fbea560d883b14
control.stp.blis.bli_xpbyv.q.0002.smt2	stp	c46b3ea66e1d970f2d35ca852d70a8de7fc07935
control.stp.blis.bli_amaxv.q.0019.smt2	stp	029e9079125368589643f45267ec513b4f750bee
control.stp.blis.bli_amaxv.q.0012.smt2	stp	2301cc76b844a8b0d7ada0ac5f8afd95844f58c8
control.stp.blis.bli_amaxv.q.0034.smt2	stp	d95320f5cbb4f31e1768aee6ea86474eb267564b
control.stp.blis.bli_trsm.q.0005.smt2	stp	9cae90a7cd923b4f92b0f8474a3266dccea7a44a
control.stp.blis.bli_amaxv.q.0022.smt2	stp	b2bf5ad989978bcd57adcb9408e712d82146f98d
control.stp.blis.bli_amaxv.q.0032.smt2	stp	c5e22e7ca9f4f75efb758f94c6e76f3fec5c3aaf
control.stp.blis.bli_amaxv.q.0006.smt2	stp	314b9563cef7a2a3e5d888e0f8d51fba92740515
control.stp.blis.bli_amaxv.q.0024.smt2	stp	1cb716cea39547e40c9acc349b714fe4c51b0767
control.stp.blis.bli_normfm.q.0013.smt2	stp	0b9536af5bce68dcb728d83531b6dbf1fbbb0fed
control.stp.blis.bli_amaxv.q.0023.smt2	stp	c6589e248306174bb68f948a78533da82ec1373c
control.stp.blis.bli_amaxv.q.0025.smt2	stp	3062d297420b5126c066e6094bbbe1c7bcd90a42
control.stp.blis.bli_scalv.q.0002.smt2	stp	c4456b06ca7ab2ee44eb2ee69e0ed0e755372406
control.stp.blis.bli_amaxv.q.0008.smt2	stp	543fca299c630c3404f686766e9455a6b978a03b
control.stp.blis.bli_amaxv.q.0033.smt2	stp	ee62d7c0323db755891b913f5805ef94a3792f7f
control.stp.blis.bli_normfm.q.0012.smt2	stp	4b05fd89872ac72943e754e0a6d960dba6e2f5fc
control.stp.blis.bli_amaxv.q.0016.smt2	stp	6458947b4b1ba193c881d709f88d7ecaacdbdb36
control.stp.blis.bli_hemv.q.0003.smt2	stp	c46b3ea66e1d970f2d35ca852d70a8de7fc07935
control.stp.blis.bli_trmm3.q.0006.smt2	stp	c4456b06ca7ab2ee44eb2ee69e0ed0e755372406
control.stp.blis.bli_normfm.q.0046.smt2	stp	428ecc9975f7370eedd81531ece09f8c094865a1
control.stp.blis.bli_scalv.q.0003.smt2	stp	c077965fac140b5906c5dedcc90765349e5b09d9
control.stp.blis.bli_normfm.q.0021.smt2	stp	03edf629a5c441a9d13b4442a170e05fff18539f
control.stp.blis.bli_normfm.q.0010.smt2	stp	eddc74bfae3c7785cc8c26cfcf4c0f43ea4f0183
control.stp.blis.bli_normfm.q.0048.smt2	stp	5c6fa6241b8f4e6191d342df400470d64de72bb4
control.stp.blis.bli_amaxv.q.0027.smt2	stp	bf256805d6daf2b7b12845d97500e5932ceb8dc6
control.stp.blis.bli_amaxv.q.0026.smt2	stp	e3ab8e8e505ccd7ec31d39c2e2409cb77e13ac71
control.stp.blis.bli_normfm.q.0002.smt2	stp	67c2958010b54ec6927e1993a28c7c66ec9f0ea5
control.stp.blis.bli_hemv.q.0004.smt2	stp	9cae90a7cd923b4f92b0f8474a3266dccea7a44a
control.stp.blis.bli_amaxv.q.0007.smt2	stp	09411dd7a3d96e6eb2dee5eb5e523b17fcb5cd1c
control.stp.blis.bli_normfm.q.0050.smt2	stp	1c79753a16e10e58202974ea8ab42452547a2796
control.stp.cxsparse.cs_di_happly.q.0006.smt2	stp	7b466a135da38901d9d50d80d4a5986c7c66b41c
control.stp.cxsparse.cs_di_updown.q.0388.smt2	stp	016c6a7c811dfbe455be364c05722cbefd6916a8
control.stp.cxsparse.cs_di_droptol.q.0629.smt2	stp	43eb801a97a21bc78c61fe18443414353a276c95
control.stp.cxsparse.cs_di_droptol.q.1013.smt2	stp	1d4148850d4eb7ae49fc9ec622b0a570bd37da45
control.stp.cxsparse.cs_di_happly.q.0037.smt2	stp	620cbd72073f7eb5b19660b90367873939269c07
control.stp.cxsparse.cs_di_updown.q.0372.smt2	stp	7b29181491adae34ef619b44d60d82f7a0f51124
control.stp.cxsparse.cs_di_spsolve.q.0011.smt2	stp	34e45be05e912158fda50cf65304c8a0269cebb5
control.stp.cxsparse.cs_di_updown.q.0086.smt2	stp	74a8e4d51ac4aeed646c0e9a6ca24f8056ea9970
control.stp.cxsparse.cs_di_scatter.q.0047.smt2	stp	a5348c25a2d9f01cb3b676fc1739de38bac3eee5
control.stp.cxsparse.cs_di_droptol.q.1373.smt2	stp	a28e52909dac96a1796fa1a395ee4895ba2a18a9
control.stp.cxsparse.cs_di_droptol.q.1443.smt2	stp	33162757eee57fa686b7545041f6976195b28626
control.stp.cxsparse.cs_di_updown.q.0310.smt2	stp	d6d9d91533b3717c09720a9b10d05cdf354129ff
control.stp.cxsparse.cs_di_droptol.q.1603.smt2	stp	bfb7c46dfbe38ccb38d4a86e408ff031858ff097
control.stp.cxsparse.cs_di_updown.q.0134.smt2	stp	bac49c00ee4b42f82fa198713ae9b1d7190ea0d0
control.stp.cxsparse.cs_di_updown.q.0584.smt2	stp	7c8fd49ec73eb8fdf48aaabd6e0e92c1ab661ea6
control.stp.cxsparse.cs_di_scatter.q.0027.smt2	stp	3d83ee7956f19a48cfbc03076b55088d4b8cb1fe
control.stp.cxsparse.cs_di_updown.q.0094.smt2	stp	4c78c8715d4e82d2c0f88586d0f31eb45715bfbf
control.stp.cxsparse.cs_di_updown.q.0410.smt2	stp	f75e38f978aa103ef31334f542d9050becbfffc6
control.stp.cxsparse.cs_di_droptol.q.0906.smt2	stp	cbb101792c9db10f2c751682222c6e20e77c596b
control.stp.cxsparse.cs_di_updown.q.0601.smt2	stp	290d96aa626f5677cde655cbef4ca18d793383cd
control.stp.cxsparse.cs_di_droptol.q.0314.smt2	stp	5b445bf30c4147786969a25012d61c571abfb78e
control.stp.cxsparse.cs_di_droptol.q.0290.smt2	stp	3cde49c22a956d55424144973d13efc430d9645b
control.stp.cxsparse.cs_di_lu.q.0071.smt2	stp	d6d5e495fcb4c1b0686e316beede6a984d10e37e
control.stp.cxsparse.cs_di_updown.q.0300.smt2	stp	1eec20356e3d1dbfc68fc6e8711b52bfaac77534
control.stp.cxsparse.cs_di_updown.q.0080.smt2	stp	c8d04450215c10b8638451760638e259584d8ae1
control.stp.cxsparse.cs_di_droptol.q.1281.smt2	stp	4d028157385f1015bf0694d71d289bfb6ef8d4b0
control.stp.cxsparse.cs_di_updown.q.0664.smt2	stp	2e1e49c775a212ecf46eae2c081b9021f9f423f1
control.stp.cxsparse.cs_di_updown.q.0271.smt2	stp	ce5ed92aa01ac41120e48e8c9b1ffd235b6c878a
control.stp.cxsparse.cs_di_scatter.q.0053.smt2	stp	a830a18d8fd8fcc035fd01631c987889d2b00ba6
control.stp.cxsparse.cs_di_spsolve.q.0142.smt2	stp	5ff2135a9d5c853fb3b4f380eb202a62d1741823
control.stp.cxsparse.cs_di_droptol.q.1727.smt2	stp	79be63c3d8bf79729ae5068b1f213a0b10659d17
control.stp.cxsparse.cs_di_happly.q.0006.smt2	stp	7b466a135da38901d9d50d80d4a5986c7c66b41c
control.stp.cxsparse.cs_di_spsolve.q.0017.smt2	stp	ce329927da138f7ae34f2a1cff34b74f65fbd909
control.stp.cxsparse.cs_di_droptol.q.1654.smt2	stp	e2e5c48dd7ac2f9f72141b383c26b3b0607c3261
control.stp.cxsparse.cs_di_updown.q.0372.smt2	stp	7b29181491adae34ef619b44d60d82f7a0f51124
control.stp.cxsparse.cs_di_droptol.q.0745.smt2	stp	d53888809c4009cad36d19248dfcee1084a31fc0
control.stp.cxsparse.cs_di_droptol.q.1428.smt2	stp	15b0c30f6ea8bcb93564f789a017327e18ee6932
control.stp.cxsparse.cs_di_updown.q.0608.smt2	stp	21216e1b950c60805f07dcd5412de8536d1bed49
control.stp.cxsparse.cs_di_scatter.q.0056.smt2	stp	cbdd9af3617754b886606978d0c9bf54a5671674
control.stp.cxsparse.cs_di_updown.q.0573.smt2	stp	08ee3185b1ca3df99cc557a447d9e015b96fe4fb
control.stp.cxsparse.cs_di_droptol.q.1589.smt2	stp	f6cb745166397fcc0649d2c15542107af17bee63
control.stp.osqp.OSQPCscMatrix_diag_vec.q.0008.smt2	stp	e1ca076ac593237aaa9ac92bf349d330fc96f518
control.stp.osqp.OSQPCscMatrix_identity.q.0003.smt2	stp	b45db2b66ddf1fdcb0539eb85cabbb04cca448f2
control.stp.osqp.OSQPCscMatrix_set_data.q.0001.smt2	stp	11b4ebb1bed89bbda7f7d460fc609a3a99193611
control.stp.osqp.osqp_setup.q.0010.smt2	stp	cc6017bf90a47a8f9a6c766163a88432578acf5a
control.stp.osqp.OSQPCscMatrix_set_data.q.0006.smt2	stp	04cc141a3832047f675b2fceeccb35f9ba421c1e
control.stp.osqp.OSQPCscMatrix_diag_vec.q.0012.smt2	stp	55767d9ace272e1546e92fe38496696f200faf87
control.stp.osqp.osqp_setup.q.0005.smt2	stp	4853cfade55d3db3a8001fbd6c8da8d52fd076bf
control.stp.osqp.OSQPCscMatrix_diag_vec.q.0009.smt2	stp	4587ce8590404b42cc3b09788088366386255d6f
control.stp.osqp.osqp_setup.q.0007.smt2	stp	d24b87cd40cd3816cd552bda829956c7e8678856
control.stp.osqp.OSQPCscMatrix_identity.q.0004.smt2	stp	228f3cc090ccfbeeb0d280e1ab368a94d9fe2cbb
control.stp.osqp.osqp_setup.q.0011.smt2	stp	16982fe8fd7fa2fc7abe837e0bb95f5923da1357
control.stp.osqp.osqp_setup.q.0006.smt2	stp	337e76aef11d4000b3e4b6cfaa0fcf3eaa3784f2
control.stp.osqp.OSQPCscMatrix_set_data.q.0002.smt2	stp	04cc141a3832047f675b2fceeccb35f9ba421c1e
control.stp.osqp.OSQPCscMatrix_set_data.q.0004.smt2	stp	04cc141a3832047f675b2fceeccb35f9ba421c1e
control.stp.osqp.osqp_warm_start.q.0003.smt2	stp	16982fe8fd7fa2fc7abe837e0bb95f5923da1357
control.stp.osqp.OSQPCscMatrix_zeros.q.0002.smt2	stp	04cc141a3832047f675b2fceeccb35f9ba421c1e
control.stp.osqp.OSQPCscMatrix_identity.q.0007.smt2	stp	4587ce8590404b42cc3b09788088366386255d6f
control.stp.osqp.OSQPCscMatrix_diag_vec.q.0011.smt2	stp	90cefaff850fb46bc97f95803372b2e73654b859
control.stp.osqp.OSQPCscMatrix_identity.q.0005.smt2	stp	76883f30ae42327ac6019fde340cc6017e26b8eb
control.stp.osqp.osqp_setup.q.0008.smt2	stp	c9a0c67f8df58b32cc58fe23ff6aa6277d5fa026
control.stp.osqp.osqp_setup.q.0003.smt2	stp	11b4ebb1bed89bbda7f7d460fc609a3a99193611
control.stp.osqp.OSQPCscMatrix_set_data.q.0003.smt2	stp	11b4ebb1bed89bbda7f7d460fc609a3a99193611
control.stp.osqp.OSQPCscMatrix_zeros.q.0006.smt2	stp	228f3cc090ccfbeeb0d280e1ab368a94d9fe2cbb
control.stp.osqp.OSQPCscMatrix_diag_vec.q.0010.smt2	stp	fc541c50d2ce35836768564419094261cb49c8bc
control.stp.osqp.osqp_setup.q.0002.smt2	stp	04cc141a3832047f675b2fceeccb35f9ba421c1e
control.stp.osqp.OSQPCscMatrix_identity.q.0009.smt2	stp	55767d9ace272e1546e92fe38496696f200faf87
control.stp.osqp.OSQPCscMatrix_zeros.q.0007.smt2	stp	76883f30ae42327ac6019fde340cc6017e26b8eb
control.stp.osqp.OSQPCscMatrix_zeros.q.0004.smt2	stp	04cc141a3832047f675b2fceeccb35f9ba421c1e
control.stp.osqp.OSQPCscMatrix_zeros.q.0003.smt2	stp	11b4ebb1bed89bbda7f7d460fc609a3a99193611
control.stp.osqp.osqp_warm_start.q.0002.smt2	stp	cc6017bf90a47a8f9a6c766163a88432578acf5a
control.stp.osqp.OSQPCscMatrix_zeros.q.0001.smt2	stp	11b4ebb1bed89bbda7f7d460fc609a3a99193611
abstractable.bwz.f2clapack-f16.hgetf2_.q00155.smt2	bwz	94b7b0f4fdb1a7dc9bbf6809a8c601b40172afa2
abstractable.bwz.f2clapack-f16.hgetf2_.q00104.smt2	bwz	47aa5266c60cc5e0b09191903f8e96a761226cb8
abstractable.bwz.f2clapack-f16.hgetf2_.q00208.smt2	bwz	06e4dbfe1b96c4570b88c39a2df201f45d78feb3
abstractable.bwz.f2clapack-f16.hgetf2_.q00439.smt2	bwz	441ba46093c9ccb9cf7f6a53337e5661544feb75
abstractable.bwz.f2clapack-f16.hgetf2_.q00305.smt2	bwz	c412095e8e04f18c062752766bf4f9c6de8bf6f9
abstractable.bwz.f2clapack-f16.hgetf2_.q00278.smt2	bwz	6df92cb998be1a7caa4924147812b9eb15d25c4c
abstractable.bwz.f2clapack-f16.hgetf2_.q00330.smt2	bwz	a51da1092eb95f2ae9b5d03b19ff03e7f9ab2fa9
abstractable.bwz.f2clapack-f16.hgetrf_.q00005.smt2	bwz	34963a37b21fdbfc89be54db52b47f686e84bc32
abstractable.bwz.f2clapack-f16.hgetrf_.q00008.smt2	bwz	3a49a3d42b661b94f0cc59a2560eea3bbdb56ede
abstractable.bwz.f2clapack-f16.hgetrf_.q00012.smt2	bwz	2f34a47ba7207fd78d55e8acbedab83db07a0e5e
abstractable.bwz.f2clapack-f16.hgetrf_.q00301.smt2	bwz	4eca55dd088fe145b8943c24800230b8ab0611db
abstractable.bwz.f2clapack-f16.hgetrf_.q00302.smt2	bwz	e865561149737d4ef1ebe37e72342d13660efd50
abstractable.bwz.f2clapack-f16.hgetrf_.q00048.smt2	bwz	ff57fbf9a5046165ccaa0e9cbad362e10d893ba8
abstractable.bwz.f2clapack-f16.hgetrf_.q00052.smt2	bwz	0bd643600cdb680ad65583c6e36e5772b7dc1397
abstractable.bwz.f2clapack-f16.hgetrf_.q00049.smt2	bwz	8d6793787549389b74e3ef4872e0ddd4a11b052e
abstractable.bwz.f2clapack-f16.hgetrf_.q00055.smt2	bwz	57013c86cd7aabb8dd79fb277194a95349c764f0
abstractable.stp.f2clapack-f32.sgetrf_.q.0088.smt2	stp	c4ff9518aca3efd797c509d4afc32581c5e3630d
abstractable.stp.f2clapack-f32.sgetrf_.q.0090.smt2	stp	62e9b099964d3f60c2eb57c17ea2439cfeed6601
abstractable.stp.f2clapack-f32.sgetrf_.q.0098.smt2	stp	4cdefcabe5f7d5dd22b2e311fc83b55180ac44ed
abstractable.stp.f2clapack-f32.sgetrf_.q.0091.smt2	stp	502cdcc806c8c3234afe895a98a3add9fe4c2316
abstractable.stp.f2clapack-f32.sgetrf_.q.0171.smt2	stp	485da93356fa2c5c2de621edf6ec02b88dfede97
abstractable.stp.f2clapack-f32.sgetrf_.q.0104.smt2	stp	ebb3b835280e3b52dc6e44b9fa189fd18f0340e1
abstractable.stp.f2clapack-f32.sgetrf_.q.0026.smt2	stp	aa4a420804eaeea50358bd839051738732510a53
abstractable.stp.f2clapack-f32.sgetrf_.q.0096.smt2	stp	e750fb0fadb43d0a0d9019a23fd81768ab41b283
abstractable.stp.f2clapack-f32.sgetrf_.q.0177.smt2	stp	7ab8b30f7387d2df09db3173900807906d44ec40
abstractable.stp.f2clapack-f32.sgetrf_.q.0060.smt2	stp	
abstractable.stp.f2clapack-f32.sgetrf_.q.0139.smt2	stp	
abstractable.stp.f2clapack-f32.sgetrf_.q.0129.smt2	stp	48aa34c0706765c6da0846b66efb2a9cb46857b1
abstractable.stp.f2clapack-f32.sgetrf_.q.0140.smt2	stp	
abstractable.stp.f2clapack-f32.sgetrf_.q.0074.smt2	stp	
abstractable.stp.f2clapack-f32.sgetrf_.q.0276.smt2	stp	
abstractable.stp.f2clapack-f32.sgetrf_.q.0127.smt2	stp	7777278921e7a3db45fa2c70f0013dad76fe7d66
abstractable.stp.sundials-f128.N_VWrmsNormMask_Serial.q.0146.smt2	stp	1f2ffafbe8372f7553bec5b5a2fc75dc350e6664
abstractable.stp.sundials-f128.N_VWrmsNormMask_Serial.q.0145.smt2	stp	ce86c5e9e1f6f378b933fd84e4b4f19f36d5dc9c
abstractable.stp.sundials-f128.N_VWrmsNormMask_Serial.q.0144.smt2	stp	ed520ab281b88fe031b9f08849f590af7d9744e5
abstractable.stp.sundials-f128.N_VWrmsNormMask_Serial.q.0143.smt2	stp	2c6bd8f159f448b03b82a8caed2bd02215bd32ed
abstractable.stp.sundials-f128.N_VWrmsNormMask_Serial.q.0142.smt2	stp	4638130b580340c120360e2dc734d57dbbd4a044
abstractable.stp.sundials-f128.N_VWrmsNormMask_Serial.q.0141.smt2	stp	6667083a20d1ec2df0ac30400d58dbedca8b628b
abstractable.stp.sundials-f128.SUNLinSolSetup.q.0041.smt2	stp	b921e154f97597aa18599c4a0ad1e37d89fa5651
abstractable.stp.sundials-f128.SUNLinSolSetup.q.0040.smt2	stp	
abstractable.stp.sundials-f128.SUNLinSolSetup.q.0039.smt2	stp	
abstractable.stp.sundials-f128.SUNLinSolSetup.q.0038.smt2	stp	
abstractable.stp.sundials-f128.SUNLinSolSetup.q.0037.smt2	stp	
abstractable.stp.sundials-f128.SUNLinSolSetup.q.0036.smt2	stp	
abstractable.stp.sundials-f128.SUNLinSolSetup.q.0035.smt2	stp	
abstractable.stp.sundials-f128.SUNLinSolSetup.q.0034.smt2	stp	
abstractable.stp.sundials-f128.SUNLinSolSetup.q.0033.smt2	stp	ab99288b4f1759c5b9cf76768329b8e5813651e4
abstractable.stp.f2clapack.qgels_.q.0053.smt2	stp	a2b338141f3ead32c94b5804a5f41dd45ab590c6
abstractable.bwz.openlibm.remquof.q01021.smt2	bwz	cea5b11cfe17bfd59b30d0e0fdeb7a7f38cec12a
abstractable.bwz.openlibm.remquof.q01178.smt2	bwz	
abstractable.bwz.openlibm.remquof.q01202.smt2	bwz	
abstractable.bwz.gsl.gsl_cdf_ugaussian_Qinv.q00004.smt2	bwz	c7eb589a1e349ffe56d519ea432c2b7ae7e8f6c2
abstractable.bwz.gsl.gsl_cdf_ugaussian_Qinv.q00003.smt2	bwz	ad2c5f5a51bb4aa61c932544e7071c97be61d971
abstractable.bwz.gsl.gsl_cdf_rayleigh_P.q00001.smt2	bwz	c2f3e165537fe34d88d3b3d070001d0f48350546
abstractable.bwz.gsl.gsl_cdf_laplace_Q.q00003.smt2	bwz	fef2792e45746b763245507422589a7eb8340420
abstractable.bwz.gsl.gsl_cdf_laplace_Q.q00002.smt2	bwz	e1ead8196badbe0c81ad54392bc50e540e4810c8
abstractable.bwz.gsl.gsl_cdf_laplace_Q.q00001.smt2	bwz	11a63c6ea816257c6abeb81c023c29fee4a002cf
abstractable.bwz.gsl.gsl_cdf_gamma_Qinv.q00018.smt2	bwz	53b74ec7e73eb7fbf5c68d3aaf5646a5d63d9adb
abstractable.bwz.gsl.gsl_cdf_gamma_Qinv.q00017.smt2	bwz	89ec95e577b92f6407b61b0f85e2560a28b16c2c
abstractable.bwz.gsl.gsl_cdf_gamma_Qinv.q00016.smt2	bwz	6486998bac0edc36770f7293f91c675183ac3e3f
abstractable.bwz.gsl.gsl_cdf_gamma_Qinv.q00015.smt2	bwz	e5b5fdb7f81181c0bd2e1cffede2f8eeeaa91aa9
abstractable.bwz.gsl.gsl_cdf_gamma_Qinv.q00014.smt2	bwz	394c68fbc3bbd628e550ee2a52bb8356936df266
abstractable.bwz.gsl.gsl_cdf_gamma_Qinv.q00013.smt2	bwz	ba81b8e6a86509111192b733c0dfde10096d5aee
abstractable.bwz.gsl.gsl_cdf_gamma_Qinv.q00012.smt2	bwz	9df225677a80a5621716772ddff488622ab10548
control.stp.fftw.fftw_plan_dft_r2c_3d.q.0138.smt2	stp	faa96bad70a324c82a29abe24e674999e61151c2
control.stp.fftw.fftw_plan_many_dft.q.0358.smt2	stp	0e3e0662cc241fd34e57ff956fc0ace27094c519
control.stp.fftw.fftw_plan_dft_3d.q.0076.smt2	stp	
control.stp.fftw.fftw_plan_dft_r2c.q.0256.smt2	stp	060e3bd041c8eeeb0121b3ea0fc451211ca58e0e
control.stp.fftw.fftw_plan_dft_c2r_2d.q.0278.smt2	stp	cf1f30919a8e35a7833efffdb2781db9f9817512
control.stp.fftw.fftw_plan_many_dft_r2c.q.0453.smt2	stp	161454e55e2260e3761f9d9792c92f62ee309db8
control.stp.fftw.fftw_plan_dft_c2r_3d.q.0426.smt2	stp	
control.stp.fftw.fftw_plan_many_dft_c2r.q.0387.smt2	stp	8791556ec801f15532833b429e4272bfa5905ef2
control.stp.fftw.fftw_plan_dft_r2c.q.0052.smt2	stp	d83c9fd901650b2eda35f0d6346f9a84d67d3503
control.stp.fftw.fftw_plan_many_dft_c2r.q.0343.smt2	stp	ec3147119718060a091e8893ab01315d535b485f
control.stp.fftw.fftw_plan_dft_r2c.q.0488.smt2	stp	8244301ec330abb96458d29dd4da9083db903ac5
control.stp.fftw.fftw_plan_dft_c2r.q.0441.smt2	stp	c8f7d41b811197f14eca11794ed24333cf36ab7f
control.stp.fftw.fftw_plan_many_dft.q.0711.smt2	stp	495ff1be58893211da05f11095ea348500300122
control.stp.fftw.fftw_plan_dft_r2c_2d.q.0347.smt2	stp	7007dbd604e9ac0de7e34bcf462015a89d89277b
control.stp.fftw.fftw_plan_many_dft_r2c.q.0187.smt2	stp	287d1f70940d976b3f6c5d37f9c01ce26b7397a8
control.stp.fftw.fftw_plan_dft.q.0178.smt2	stp	93dcdbffb414e6a8375b09f9a6b8a4710b24ebc7
abstractable.stp.sundials.SUNLinSolSetup_Dense.q.0030.smt2	stp	
abstractable.stp.sundials.SUNLinSolSetup_Dense.q.0031.smt2	stp	
abstractable.stp.sundials.SUNLinSolSetup_Dense.q.0039.smt2	stp	
abstractable.stp.sundials.SUNLinSolSetup_Dense.q.0038.smt2	stp	
abstractable.stp.sundials.SUNLinSolSetup_Dense.q.0037.smt2	stp	
abstractable.stp.sundials.SUNLinSolSetup_Dense.q.0035.smt2	stp	
abstractable.stp.sundials.SUNLinSolSetup_Dense.q.0034.smt2	stp	ebbe2ef9175c0ea1e8a382fd5c29a85fbaca8306
abstractable.stp.sundials.SUNLinSolSetup_Dense.q.0032.smt2	stp	
abstractable.stp.sundials.SUNLinSolSetup_Dense.q.0034.smt2	stp	ebbe2ef9175c0ea1e8a382fd5c29a85fbaca8306
abstractable.stp.sundials.SUNLinSolSetup_Dense.q.0048.smt2	stp	
abstractable.stp.sundials.SUNLinSolSetup_Dense.q.0040.smt2	stp	
abstractable.stp.sundials.N_VWL2Norm.q.0002.smt2	stp	db1ea1c9d1e00d477b1a204264764791b8fca444
abstractable.stp.f2clapack-f16.htrsm_.q.0031.smt2	stp	532156d3c975b996d9e5a31b82487728d9326730
abstractable.stp.f2clapack-f16.htrsm_.q.0022.smt2	stp	99185c79211dac1bde5bac5eafe01c7ee23ca6b5
abstractable.stp.f2clapack-f16.htrsm_.q.0028.smt2	stp	a7a3bed7e07eb846532f2d59c570e294b17bd3c3
abstractable.stp.f2clapack-f16.htrsm_.q.0067.smt2	stp	0f0f074350780ac6ff77ab5968ae3f76db733a87
control.stp.cmsisdsp-f32.arm_fir_f32.q.3741.smt2	stp	550e740f2bf799cbfb066c9c1618dae3e5ddd7fd
control.stp.cmsisdsp-f32.arm_fir_f32.q.1143.smt2	stp	672d4a002fa93600e7d78ff00dd4bf4279a89455
control.stp.cmsisdsp-f32.arm_fir_f32.q.1061.smt2	stp	5c16fe0742360b259768902f68771a4685ce83e5
control.stp.cmsisdsp-f32.arm_fir_f32.q.0822.smt2	stp	3f63588fb12e8737fc91e0ac57ce54ae8eb4e841
control.stp.cmsisdsp-f32.arm_correlate_f32.q.0903.smt2	stp	90850f22c1ecae9c8b76e71be1798a98e0256cc9
control.stp.cmsisdsp-f32.arm_fir_f32.q.2767.smt2	stp	f3d1b4825925628d3108cc8661ae49bbef4456f4
control.stp.cmsisdsp-f32.arm_fir_f32.q.1257.smt2	stp	d9c2970ae0fe373dfaeb5f609eafdaead27ad503
control.stp.cmsisdsp-f32.arm_correlate_f32.q.0322.smt2	stp	c6663e43da90e9cccfd2eb0ab7fd74ae40c0fdaf
control.stp.cmsisdsp-f32.arm_correlate_f32.q.0726.smt2	stp	845f5d810fdd40b72148caab4c94b28b2b3d1b37
control.stp.cmsisdsp-f32.arm_fir_f32.q.2098.smt2	stp	36e0e63306122a3cbf9eba1b5866d0e08802c245
control.stp.cmsisdsp-f32.arm_fir_f32.q.1575.smt2	stp	17fa502e56fbb656c454723b576361da43b4f3ec
control.stp.cmsisdsp-f32.arm_correlate_f32.q.0494.smt2	stp	f2d10dc824adad86fe50de58f69bedab23ed6db1
control.stp.cmsisdsp-f32.arm_fir_f32.q.1073.smt2	stp	e7e74997eb96017d889a85b98643306e2e669e16
control.stp.cmsisdsp-f32.arm_fir_f32.q.4913.smt2	stp	73569073e718a28686b0027ad31bdcf642ffa919
control.stp.cmsisdsp-f32.arm_fir_f32.q.4688.smt2	stp	36f577e550434d27032041174c49ba2aaf810af3
control.stp.cmsisdsp-f32.arm_fir_f32.q.4355.smt2	stp	c7dd70b8b8d706b93899d6bec99aa8d7248150b2
control.stp.cmsisdsp-f32.arm_fir_f32.q.4589.smt2	stp	d41c0105406413c14d608ba68fd89580058d003c
control.stp.cmsisdsp-f32.arm_correlate_f32.q.1814.smt2	stp	6447556f8b12ff0f1f3c05fbc1a062bb2f84647d
control.stp.cmsisdsp-f32.arm_correlate_f32.q.1090.smt2	stp	015270c21c3d5eb9a9354ae8bf12bcdfbc97ef6e
control.stp.cmsisdsp-f32.arm_correlate_f32.q.0941.smt2	stp	175acb49ab0c06d7a1db514dcead41f5f43dd86a
control.stp.cmsisdsp-f32.arm_fir_f32.q.2903.smt2	stp	19b5cf5f2e0c7944d5a5d8e2e94b90c7b82085fb
control.stp.cmsisdsp-f32.arm_correlate_f32.q.2154.smt2	stp	0ab23eb368c9e73cffa9f060d6aa0a42a2aa494c
control.stp.cmsisdsp-f32.arm_fir_f32.q.0824.smt2	stp	b39bd5f48f79a043dd81da440f2f31a6104c649d
control.stp.cmsisdsp-f32.arm_fir_f32.q.3126.smt2	stp	efd3b8d3398b8cd7f1ad4984b7fe26ce47497936
control.stp.cmsisdsp-f32.arm_fir_f32.q.4793.smt2	stp	b43cf4ed3cfa96ba5cbab36a6e583a19b889a5eb
control.stp.cmsisdsp-f32.arm_fir_f32.q.3521.smt2	stp	071e1aaa143dc6bcd26fc455b58916efac0dc446
control.stp.cmsisdsp-f32.arm_correlate_f32.q.0233.smt2	stp	bc947625e0252b23681983c8e343be09120beaf8
control.stp.cmsisdsp-f32.arm_fir_f32.q.4348.smt2	stp	85262b7baca37f53cd02ea6faef5c843ddfe7e47
control.stp.cmsisdsp-f32.arm_correlate_f32.q.1406.smt2	stp	d0bbf2cc36d08551af0c23551f132e12f9460964
control.stp.cmsisdsp-f32.arm_correlate_f32.q.2354.smt2	stp	fd2cb3c255361c488fc0126595f6be917b13941a
control.stp.cmsisdsp-f32.arm_correlate_f32.q.0380.smt2	stp	5b4a9f17a62eec8046421a133f7f90a130b73261
control.stp.cuba.Divonne.q.0003.smt2	stp	8788eab7e9f9046f9e4bf79e08a7c6933d5604ef
control.stp.cuba.Divonne.q.0002.smt2	stp	f370ca3351b22d10a19ff37a578b249d4f2a0861
control.stp.cmsisdsp.arm_clip_f16.q.2841.smt2	stp	e391b98b65babf26b184f4eaad75f6d9b0362a4c
control.stp.cmsisdsp.arm_clip_f16.q.1860.smt2	stp	ab6bc5f58942b6bbedc43404d60799e78ec67be5
control.stp.cmsisdsp.arm_correlate_f16.q.2127.smt2	stp	248fe9c56d4cfcd7d0c098b3d381352825559658
control.stp.cmsisdsp.arm_clip_f16.q.2047.smt2	stp	107df2024f63fefd1d3249f43f5d13c06a85cf2d
control.stp.cmsisdsp.arm_correlate_f16.q.1905.smt2	stp	c5eea85f97b7aacb173bc8a9adf13ad614bd1e6b
control.stp.cmsisdsp.arm_clip_f16.q.3208.smt2	stp	d85201fae449b73ad61399b69211f72349ac147f
control.stp.cmsisdsp.arm_clip_f16.q.6103.smt2	stp	b7ee82b45b114ec25cf659fec6f3e2611a1c3db2
control.stp.cmsisdsp.arm_clip_f16.q.1526.smt2	stp	143ddff8a84f8cbc79b3ec8c51c0ac8145517d11
control.stp.cmsisdsp.arm_clip_f16.q.5468.smt2	stp	e40e9209cca8fa4a55e3f5f261a25a1dd7b1c7a4
control.stp.cmsisdsp.arm_correlate_f16.q.0941.smt2	stp	beb702c5b459a18b63b8a69ebe7f27a841115ea3
control.stp.cmsisdsp.arm_correlate_f16.q.2021.smt2	stp	894e4315b723e44b04fb37102d1e224c5366583c
control.stp.cmsisdsp.arm_cfft_radix4_f16.q.0998.smt2	stp	88fee96610621292a7a8aa7fb747678a540d1a45
control.stp.cmsisdsp.arm_clip_f16.q.0038.smt2	stp	3b5cbeedf15945c9e9b48e49ae218f337c29284d
control.stp.cmsisdsp.arm_correlate_f16.q.1022.smt2	stp	29522e3f8988ff3db34e926bbba78b4c1deef574
control.stp.cmsisdsp.arm_cfft_radix4_f16.q.0496.smt2	stp	6bd8847220b61698b011f19036fb3a46c613daa8
control.stp.cmsisdsp.arm_clip_f16.q.4169.smt2	stp	dc2bf79b50dd92fb916e336e03c6e170ebcce98c
control.stp.cmsisdsp.arm_correlate_f16.q.0565.smt2	stp	5a4d1ac0997549beba327733f76fa020c28cbef8
control.stp.cmsisdsp.arm_clip_f16.q.2802.smt2	stp	2181ff0595c692c90e04302a6d0cd37be23c4b4d
control.stp.cmsisdsp.arm_clip_f16.q.1889.smt2	stp	7ba8a39c5c452617aed198b6dfa7527cd5f6766d
control.stp.cmsisdsp.arm_clip_f16.q.3079.smt2	stp	2a72d3d1ab646f618c12c4ab8e4390a31ac774f8
control.stp.cmsisdsp.arm_correlate_f16.q.1581.smt2	stp	d2bb1fce52baef26387153cf2c946f40a2ff8b18
control.stp.cmsisdsp.arm_correlate_f16.q.1130.smt2	stp	5f3b85ffca9894b85d7c2480e82d214f848799c1
control.stp.cmsisdsp.arm_correlate_f16.q.1598.smt2	stp	b2c5357720a75b397d148e0351a07bdc9bfee0ef
control.stp.cmsisdsp.arm_correlate_f16.q.1719.smt2	stp	c28e96f70e2f6d0e3263b7331cc4a11b0e8c8cc8
control.stp.cmsisdsp.arm_cfft_radix4_f16.q.1184.smt2	stp	70535d2fbf6712ca83549c8a2bff6e487c000ab4
control.stp.cmsisdsp.arm_correlate_f16.q.2165.smt2	stp	35d204ab3859c0bc2399d2ff973ada6627c5b56d
control.stp.cmsisdsp.arm_correlate_f16.q.2113.smt2	stp	4302ac673b49c74fcd830f6c10a2c4820275d624
control.stp.cmsisdsp.arm_correlate_f16.q.1227.smt2	stp	ca221262749fa6468b3f068f5414313c437b6f9c
control.stp.cmsisdsp.arm_clip_f16.q.6279.smt2	stp	1b953a24572a9d88ceed725af1a8dc87aa4b045c
control.stp.cmsisdsp.arm_correlate_f16.q.1235.smt2	stp	1d9482bbbe354775446d2ec90d65f452f053d49b
control.stp.cmsisdsp.arm_clip_f16.q.2658.smt2	stp	72b0dfbd2fee2902199c156a133074dbe39c71e8
control.stp.cmsisdsp.arm_cfft_radix4_f16.q.1070.smt2	stp	021b71b3aca54cf1a816cd001da66ce3e505c9b0
control.stp.cmsisdsp.arm_correlate_f16.q.1023.smt2	stp	b346b7924883fe49c57c3ac3d27688975f1a7e01
control.stp.cmsisdsp.arm_correlate_f16.q.1251.smt2	stp	9383670df7edfc7ad3fa7c16d47776195ff917db
control.stp.cmsisdsp.arm_correlate_f16.q.0744.smt2	stp	4eb7f05e40236560fb17a2a6be747577dd439e01
control.stp.cmsisdsp.arm_clip_f16.q.2015.smt2	stp	cda5e23ab639a09099eb5f05b3062503eecbcca8
control.stp.cmsisdsp.arm_correlate_f16.q.1352.smt2	stp	51965643e5aa8440a881386eec5b6e4dfd0d9b29
control.stp.cmsisdsp.arm_clip_f16.q.4228.smt2	stp	5723e60682873c1ddc46256e6a5e26d646d5828d
control.stp.cmsisdsp.arm_clip_f16.q.6336.smt2	stp	72149de0f49e7abe30398b0d086364d5b4efc6e1
control.stp.cmsisdsp.arm_correlate_f16.q.1738.smt2	stp	a1054fac6689e1192b4e9289cd9c5ea10cdd55bd
control.stp.cmsisdsp.arm_clip_f16.q.2169.smt2	stp	27855f56516df328a4e3b230b85dc352d1445875
control.stp.sundials-f16.N_VScaleVectorArray_Serial.q.0662.smt2	stp	91cc8050f6481f8e168b200dcaab8740a316cc18
control.stp.sundials-f16.N_VConstVectorArray.q.0304.smt2	stp	b77f26454826895cd29dc107cef807ae30b3c65c
control.stp.sundials-f16.N_VLinearCombination.q.0570.smt2	stp	a96ed1c58281d238bea8229784ec8823ddcc4bad
control.stp.sundials-f16.N_VConstVectorArray.q.0356.smt2	stp	87128e11401dc6f9f018c6e8452f0625ef919404
control.stp.sundials-f16.N_VWrmsNormVectorArray_Serial.q.0386.smt2	stp	be51db488e57dc777a1e0909435429df2be0bb7d
control.stp.sundials-f16.N_VLinearCombination.q.0888.smt2	stp	01174be342465a4790cbc1249e4206371429f1bc
control.stp.sundials-f16.N_VWrmsNormVectorArray_Serial.q.0448.smt2	stp	0151630397c1d807c916665ccebe71ee7be7fc03
control.stp.sundials-f16.N_VConstVectorArray.q.0332.smt2	stp	328be04f42e027911635bdb2cbda5f53ef52f725
control.stp.sundials-f16.N_VLinearCombination.q.0858.smt2	stp	5c8f15c90161a8d4251d41f7f7e78f377f4f7eab
control.stp.sundials-f16.N_VWrmsNormVectorArray_Serial.q.0410.smt2	stp	027654e1235a35949459806fbab439308d595543
control.stp.sundials-f16.N_VLinearSumVectorArray_Serial.q.0667.smt2	stp	37205aaf09bf7581311b6fbeaf500913e3dc83c1
control.stp.sundials-f16.N_VLinearCombination.q.0005.smt2	stp	73729a5fe8a8226eb58532208fa9ea2f2be2a7b0
control.stp.sundials-f16.N_VLinearSumVectorArray_Serial.q.0268.smt2	stp	a50d9e55f9d5475725a9b03c79b1a8ccd8f990a6
control.stp.sundials-f16.N_VConstVectorArray.q.0055.smt2	stp	3fbaebeeae46a488f1d5f4bde1783377276f192b
control.stp.sundials-f16.N_VWrmsNormVectorArray_Serial.q.0395.smt2	stp	1eba52bcc9048ea0cd8cdad290925c456d5c3415
control.stp.sundials-f16.N_VLinearSumVectorArray_Serial.q.0147.smt2	stp	5a6367e929a9de178d5f2e7ca30767ca592257c5
control.stp.sundials-f16.N_VWrmsNormVectorArray_Serial.q.0343.smt2	stp	98e0ee804627e507e6b489f50082c871cd89ea13
control.stp.sundials-f16.N_VWrmsNormVectorArray_Serial.q.0008.smt2	stp	281eb2e10be2117bd8fee05a78049654f84621ae
control.stp.sundials-f16.N_VLinearCombination.q.0709.smt2	stp	35e199f28f5e3c0b46c201f02fa95325ada35eb2
control.stp.sundials-f16.N_VLinearSumVectorArray_Serial.q.0450.smt2	stp	b37a1cb481066d7287edfe950dfee637537b86ef
control.stp.sundials-f16.N_VLinearCombination.q.0894.smt2	stp	ce10b23cb632fc7c11cffb58a558f578aa1ea9d8
control.stp.sundials-f16.N_VLinearSumVectorArray_Serial.q.0600.smt2	stp	7341a691d38293f647e5e31955bcd8b2e3a59dfa
control.stp.sundials-f16.N_VLinearCombination.q.0256.smt2	stp	bf3700665715adce7ca8f27e16f3f87f1e2f6d2c
control.stp.sundials-f16.N_VConstVectorArray.q.0275.smt2	stp	cb92df9c64021caee254687dd999864982a11587
control.stp.sundials-f16.N_VScaleVectorArray_Serial.q.0283.smt2	stp	06581853bd3ff9b91f7f6c4de92092f1b8804fdd
control.stp.sundials-f16.N_VWrmsNormVectorArray_Serial.q.0695.smt2	stp	45f0d334b0b56a9ff0ecf9f969563a2a0b166a8b
control.stp.sundials-f16.N_VLinearCombination.q.0662.smt2	stp	8c90f7415685dfb16ee245db56fee5463d2f84cb
control.stp.sundials-f16.N_VLinearCombination.q.0351.smt2	stp	c3ff09930bf8486cacdde6f1efee2c84546f8850
control.stp.sundials-f16.N_VLinearCombination.q.0063.smt2	stp	32b14a09f072341b6ebf4962a43822a54e003ac6
control.stp.sundials-f16.N_VScaleVectorArray_Serial.q.0267.smt2	stp	9b49bcb14fb5431b9aca47a07bb867e85dc95ac0
control.stp.sundials-f16.N_VScaleVectorArray_Serial.q.0576.smt2	stp	cb8265188a5b4b32a9b79d163b86af075bf88491
control.stp.sundials-f16.N_VConstVectorArray.q.0238.smt2	stp	8754df63b7ab168d17cde3d836f665aaa5c295fc
control.stp.sundials-f16.N_VScaleVectorArray_Serial.q.0196.smt2	stp	c3fae8e76a5ec040cad9cec1ba03b897bcd888a9
control.stp.sundials-f16.N_VConstVectorArray.q.0071.smt2	stp	7f09e77aa8bcd4f00890ce3025d81fd062116b08
control.stp.sundials-f16.N_VLinearSumVectorArray_Serial.q.0227.smt2	stp	53530a2758efe00cf580d69179c98c6422c2c929
control.stp.sundials-f16.N_VLinearCombination.q.0881.smt2	stp	0cbdc8520b802f48127ff10d110f459224f74d53
control.stp.sundials-f16.N_VLinearSumVectorArray_Serial.q.0583.smt2	stp	cad316b5095b8b46a9a8593a9cb0989466aa81f3
control.stp.sundials-f16.N_VWrmsNormVectorArray_Serial.q.0464.smt2	stp	88e90e7044a1a471cca024f128f363e2e19a8ab3
control.stp.sundials-f16.N_VLinearSumVectorArray_Serial.q.0856.smt2	stp	e2bda84cb2adab15e8d18c215ea712ae83432ece
control.stp.sundials-f16.N_VScaleVectorArray_Serial.q.0526.smt2	stp	f54e342e9f559c8ac3c9c31d5155b41716ee9fb5
control.stp.sundials-f16.N_VScaleVectorArray_Serial.q.0637.smt2	stp	75b21d6bc5407dafc078dce86d77171de0332a9f
control.stp.sundials-f128.N_VWrmsNormMaskVectorArray.q.0879.smt2	stp	5c03e0c03869bacbcb4f11dd5484e71eb540a651
control.stp.sundials-f128.N_VLinearSum_Serial.q.0084.smt2	stp	09411dd7a3d96e6eb2dee5eb5e523b17fcb5cd1c
control.stp.sundials-f128.N_VLinearSumVectorArray.q.0039.smt2	stp	47e0315c9d40ff85188d1f0a9d92a26f892905fc
control.stp.sundials-f128.N_VLinearSumVectorArray.q.0373.smt2	stp	a8ba53f63142c471db97e8ba4b914a926d5873a9
control.stp.sundials-f128.N_VWrmsNormVectorArray.q.0444.smt2	stp	06e32f36a8188a22238a61a21ea1b0e8f05f6b1e
control.stp.sundials-f128.N_VScaleAddMulti.q.1084.smt2	stp	0412670b50857b2af0eb22b52744fcbd50a4aa4f
control.stp.sundials-f128.N_VScaleAddMulti.q.0369.smt2	stp	3cadfc5f359ae30ac9c9cdc8e54869bf3e910d42
control.stp.sundials-f128.N_VLinearSumVectorArray.q.0274.smt2	stp	13365558624baf1b64928be5718ce375763618ae
control.stp.sundials-f128.N_VLinearSum_Serial.q.0110.smt2	stp	09411dd7a3d96e6eb2dee5eb5e523b17fcb5cd1c
control.stp.sundials-f128.N_VLinearSumVectorArray.q.0249.smt2	stp	08ee398f0d204c2d6a328fb3f70f6df773f8bffb
control.stp.sundials-f128.N_VLinearSumVectorArray.q.0103.smt2	stp	13aff2c987f018add76afecf81fe671248df1bac
control.stp.sundials-f128.N_VScaleAddMulti.q.0421.smt2	stp	dad8d071f1d01fafb36cf3162a4154caeb757fb4
control.stp.sundials-f128.N_VWrmsNormMaskVectorArray.q.0269.smt2	stp	fd8e83c1303274a12a72d6afddf89866c0ff4ca7
control.stp.sundials-f128.N_VScaleAddMulti.q.1010.smt2	stp	b317ecfcd3f6375066fbedd056ba36eb7fa67f2f
control.stp.sundials-f128.N_VWrmsNormMaskVectorArray.q.0708.smt2	stp	1055deb96e9b07a11cf7f864e6bee0cff324ba3c
control.stp.sundials-f128.N_VScaleAddMulti.q.0889.smt2	stp	dc8e4e941c8d7c2c8d6c948025fb177df665d817
control.stp.sundials-f128.N_VWrmsNormMaskVectorArray.q.0030.smt2	stp	1beab20940e80d1771f2432bac3b920aa72ef29e
control.stp.sundials-f128.N_VWrmsNormMaskVectorArray.q.1276.smt2	stp	58f0c168d88420532b4db62a615610df403ac190
control.stp.sundials-f128.N_VMaxNorm.q.0193.smt2	stp	bfabf23785306680c4821e3f612d3c1de5e32704
control.stp.sundials-f128.N_VScaleAddMulti.q.0308.smt2	stp	900c5ba98f24752be95f271019fdf771b0c85363
control.stp.sundials-f128.N_VWrmsNormMaskVectorArray.q.1047.smt2	stp	439dcf8128a6a843f821aba34654dae84bb6ac2d
control.stp.sundials-f128.N_VWrmsNormMaskVectorArray.q.1727.smt2	stp	e9cacd5e43a91d10593cccfc39f4a8146476e4a6
control.stp.sundials-f128.N_VWrmsNormMaskVectorArray.q.0773.smt2	stp	1b20023803c8482419644a137cc3ab7950fd5278
control.stp.sundials-f128.N_VLinearSumVectorArray.q.0442.smt2	stp	c8f20d5c025060aaece4406f3f31ea4b54b5bd0e
control.stp.sundials-f128.N_VWrmsNormVectorArray.q.0443.smt2	stp	da8dd4a7dfee81748b85c783cf086f2e57587e1e
control.stp.sundials-f128.N_VWrmsNormVectorArray.q.0122.smt2	stp	b562b8dd537c6b332e2a2303b5b94b50a67460b2
control.stp.sundials-f128.N_VWrmsNormMaskVectorArray.q.0992.smt2	stp	b509c19963596a4c0a536884fe342e4a75c50b93
control.stp.sundials-f128.N_VWrmsNormMaskVectorArray.q.0621.smt2	stp	63ec8fa6a5111c5833cb4614afdd97e7090845c1
control.stp.sundials-f128.N_VScaleAddMulti.q.1227.smt2	stp	08d85c18e604961f0f0832e23d4eec3220a9a89e
control.stp.sundials-f128.N_VWrmsNormMaskVectorArray.q.1670.smt2	stp	b78cd60dd2d0a15962a41fb51f93498bf1d271ef
control.stp.sundials-f128.N_VScaleAddMulti.q.0316.smt2	stp	a33e3b1da614eb6ae4afd138e266a6664858d22a
control.stp.sundials-f128.N_VWrmsNormMaskVectorArray.q.1301.smt2	stp	845071ff0416b24f74c5e09a5d877d862793e672
control.stp.sundials-f128.N_VWrmsNormMaskVectorArray.q.0779.smt2	stp	5325436ebdb5627bb891a928efde1c6c28a36c10
control.stp.sundials-f128.N_VMaxNorm.q.0080.smt2	stp	dcd0dcb37771746af989a80a49ba967297db91af
control.stp.sundials-f128.N_VWrmsNormMaskVectorArray.q.1161.smt2	stp	ce511a7d057ceba04e812eadc84e9c5cbd118194
control.stp.sundials-f128.N_VWrmsNormMaskVectorArray.q.1545.smt2	stp	ae186f5bc05c175d2acfe4f9085f6fa2a7198676
control.stp.sundials-f128.N_VWrmsNormMaskVectorArray.q.0969.smt2	stp	5b6f818ccb266e9ac5ed151c7bd1020af02d0dcb
control.stp.sundials-f128.N_VWrmsNormMaskVectorArray.q.0261.smt2	stp	14e48b183b7dfaaf03bdc054d9c979c22ff9e7fb
control.stp.sundials-f128.N_VWrmsNormMaskVectorArray.q.1746.smt2	stp	2cb01e2dd332814ef9868a15e4aceb007fbb0805
control.stp.sundials-f128.N_VWrmsNormMaskVectorArray.q.0151.smt2	stp	74628ebf51bfa987c675d3902cfe5179da0fab2a
control.stp.sundials-f128.N_VWrmsNormVectorArray.q.0157.smt2	stp	6df60ed68e2149a8a601028246244d415655cd09
control.stp.sundials.N_VWrmsNormMaskVectorArray_Serial.q.1510.smt2	stp	89e6b3ee83fd75b2273a59ebd47f0d143fde13ce
control.stp.sundials.N_VScaleVectorArray.q.0346.smt2	stp	cb5524cc3ebf85610f53d37ee95c4525b8a37a77
control.stp.sundials.N_VLinearSumVectorArray_Serial.q.0163.smt2	stp	1c85ebc351b325a15a9c0d546e9b624de0d587aa
control.stp.sundials.N_VLinearCombination_Serial.q.0767.smt2	stp	86d3848607ca5818a4b1ff7360a7f4620dbc091f
control.stp.sundials.N_VLinearSumVectorArray_Serial.q.0828.smt2	stp	a17a117569ba4208062b3ba62b257d8fe539455f
control.stp.sundials.N_VLinearCombination.q.0677.smt2	stp	c46d7d91285d9c473cd984ce572bf324d264da13
control.stp.sundials.N_VLinearCombination_Serial.q.0676.smt2	stp	e4b4208a53c50967aae63bb61505ca729a31129b
control.stp.sundials.N_VScaleVectorArray.q.0547.smt2	stp	88e82c76b4ddbcc87afb111f42bf122d256df310
control.stp.sundials.N_VWrmsNormMaskVectorArray_Serial.q.1057.smt2	stp	2329f07744c04c408662723a67eca255724076e0
control.stp.sundials.N_VWrmsNormMaskVectorArray.q.0152.smt2	stp	fd3467e6e66f29c3caa9bf884707b4dd8adedcf4
control.stp.sundials.N_VLinearSumVectorArray_Serial.q.0179.smt2	stp	64b1ec416dda19ecd57bbe9aca06515350d5c526
control.stp.sundials.N_VConstVectorArray.q.0078.smt2	stp	78064b8a436fd32b9c4782db72838a0b7a65e1ab
control.stp.sundials.N_VLinearCombination.q.0580.smt2	stp	a08c157beedd75fa365246e7e5c8bcd9b5337efc
control.stp.sundials.N_VScaleVectorArray.q.0552.smt2	stp	1c266c9b4efd2ee20b23c607a111f36239114ecb
control.stp.sundials.N_VLinearCombination_Serial.q.0274.smt2	stp	b0987b76b9d5cbe7c0392001760b57555179182f
control.stp.sundials.N_VLinearCombination_Serial.q.0615.smt2	stp	135d16a47d3a9b05ec0cf95ba2666e66d8e92f82
control.stp.sundials.N_VLinearSumVectorArray_Serial.q.0139.smt2	stp	d6cd3bb125694b086ff80398a82256f2747c6a3d
control.stp.sundials.N_VLinearCombination.q.0163.smt2	stp	52b0eab7e4c86cc3a5e474638c6b010d217ad475
control.stp.sundials.N_VWrmsNormMaskVectorArray_Serial.q.1499.smt2	stp	ad5038046a5a1a7dd5b041495056adb5fa686da0
control.stp.sundials.N_VConstVectorArray.q.0502.smt2	stp	34f2ef240490406b4df38f615322b9956964844a
control.stp.sundials.N_VScaleVectorArray.q.0615.smt2	stp	d1a6f6e63a184476db8eebd28787c4535d6f5ef3
control.stp.sundials.N_VLinearCombination_Serial.q.0646.smt2	stp	418a46154698673dc340111674b40e52fb6f903b
control.stp.sundials.N_VLinearCombination_Serial.q.0302.smt2	stp	12fb4a710b2eb16118c635fc90c93e5e4cc15bc0
control.stp.sundials.N_VDotProdMulti_Serial.q.0354.smt2	stp	6c6122e3e3dc4026f46d0a59b68368b047e68382
control.stp.sundials.N_VWrmsNormMaskVectorArray_Serial.q.1639.smt2	stp	864f27f4c14cec7193d60a6661f9c2bc923460f3
control.stp.sundials.N_VLinearSumVectorArray_Serial.q.0474.smt2	stp	09791bcb8cf60ab328e614f9ca533b381a23d18e
control.stp.sundials.N_VWrmsNormMaskVectorArray.q.0843.smt2	stp	2fb443bf51dda7f03ae86d93de1f6829b3b27df7
control.stp.sundials.N_VLinearCombination_Serial.q.0469.smt2	stp	80b7b0529f936ffa277626fa0d015e0315fad0e5
control.stp.sundials.N_VWrmsNormMaskVectorArray.q.1333.smt2	stp	1f358e8ed6cb3e1f0ee659e9f906b643efc4bc64
control.stp.sundials.N_VLinearCombination.q.0585.smt2	stp	b02fba69435f27b1dff70009eb8c81672c7e8c1a
control.stp.sundials.N_VConstVectorArray.q.0163.smt2	stp	9fb7313c27f6113e6174e8317332f335a66860ec
control.stp.sundials.N_VConstVectorArray_Serial.q.0909.smt2	stp	5d11c54458987cdcc60e922d81d295abae89f753
control.stp.sundials.N_VScaleVectorArray.q.0275.smt2	stp	4fe3bc752afe742473dd71656a20a35fbcb2a9d8
control.stp.sundials.N_VLinearSumVectorArray_Serial.q.0047.smt2	stp	4d783baaa587766e6c8344346428522494bd99d5
control.stp.sundials.N_VWrmsNormMaskVectorArray.q.1551.smt2	stp	cd1eec67c016e8838e62aebdde7af5c4427b7d9b
control.stp.sundials.N_VScaleVectorArray.q.0358.smt2	stp	f769d58b1bde598969608c008dfb0da524fe1309
control.stp.sundials.N_VWrmsNormMaskVectorArray.q.1530.smt2	stp	348ea4b8484854bf1808dca2a385500a2c3d3bbe
control.stp.sundials.N_VConstVectorArray_Serial.q.0842.smt2	stp	6328ed0e6b4672fd51723eb8489d1a9c6d0e001a
control.stp.sundials.N_VLinearSumVectorArray_Serial.q.0756.smt2	stp	bee030560f872227a154ab3baadc1ea8fad17b93
control.stp.sundials.N_VLinearCombination.q.0961.smt2	stp	6ec94c74b459083fb16f50712af92a3085fba8fc
control.stp.sundials.N_VLinearCombination.q.0265.smt2	stp	037afe78f5627f8d4845329a8489eeb10a679bc2
control.stp.f2clapack-f16.hgels_.q.0398.smt2	stp	6c494db22c399cdcd1fa6cc94987ed13a7537834
control.stp.f2clapack-f16.hgetf2_.q.0840.smt2	stp	838968e588f42696756afc3228054768fd69f25c
control.stp.f2clapack-f16.hgels_.q.0944.smt2	stp	642c3d81946b33dd412105e4e80c3f6f22e306d6
control.stp.f2clapack-f16.hgetf2_.q.0356.smt2	stp	03f70a38961a357ce9be46a714c937b1fb779e6e
control.stp.f2clapack-f16.hgeqr2_.q.0016.smt2	stp	b75e83550db9b40285e1870a87fa731af66b2ebb
control.stp.f2clapack-f16.hgetf2_.q.0706.smt2	stp	ca99dacbe12eb485acf5a22ebd70fdfc5d90bd4e
control.stp.f2clapack-f16.hgels_.q.0104.smt2	stp	9adb396b98ae56de179ca45d3bedb109ea06f77c
control.stp.f2clapack-f16.hgels_.q.0039.smt2	stp	1d6bde5b82cfece7b82d9b533d201a0e8e994055
control.stp.f2clapack-f16.hlassq_.q.0086.smt2	stp	d6e0768f40ac241c7b13a9deeb264b0ee2884893
control.stp.f2clapack-f16.hgels_.q.0063.smt2	stp	0be56fa1cf3bc0caeef8de2a247ca2eff722f49f
control.stp.f2clapack-f16.hgels_.q.0379.smt2	stp	becc345f447a00625cfb5733e35a2cd4b40c7227
control.stp.f2clapack-f16.hsyr2k_.q.0024.smt2	stp	80c12a256fa4e144d53698483d0fcee4d19f21db
control.stp.f2clapack-f16.hgetf2_.q.0455.smt2	stp	72083dc5fbd2093b3f66fdeb06687b5936a72d18
control.stp.f2clapack-f16.hgetf2_.q.0348.smt2	stp	0d1268905dbdc3cca3b9e869719fa1d85d76443d
control.stp.f2clapack-f16.htrtrs_.q.0004.smt2	stp	24095037d0ecd76b1689913977617facd61148cb
control.stp.f2clapack-f16.hgels_.q.0148.smt2	stp	f1ed31d8c2ec4c47d5b6384ad8d5ac9170db1793
control.stp.f2clapack-f16.hgels_.q.0497.smt2	stp	b3fb302d4056d18a4fd1de0f521caf108d46057a
control.stp.f2clapack-f16.hgels_.q.0636.smt2	stp	aed6024fa7d29e8072f745644c586a64afb50013
control.stp.f2clapack-f16.hgels_.q.0085.smt2	stp	b1de5f3b4064a0e95fb28e2c2d09bef486467345
control.stp.f2clapack-f16.hgetf2_.q.0700.smt2	stp	aa92b5b01bf7379da86d6ca99d511b80ea464064
control.stp.f2clapack-f16.hgetf2_.q.0392.smt2	stp	54292e09f9900059ef125f26801f28820af3459e
control.stp.f2clapack-f16.hgels_.q.0093.smt2	stp	9f27855e018df102b6580ce0e7bb9315c4f7084a
control.stp.f2clapack-f16.hgels_.q.0168.smt2	stp	acf9fe9fe19078d0793d0b5d406b3b9927abd876
control.stp.f2clapack-f16.hgels_.q.0133.smt2	stp	3df8d36ee36b008c9a1004f022acc2bf73627916
control.stp.f2clapack-f16.hgeqr2_.q.0014.smt2	stp	4caed77e7d896b0ef4473376d8198d1ca771d96e
control.stp.f2clapack-f16.hgetf2_.q.0696.smt2	stp	05503f2596d1e8070f2446cfb59366d074456fc5
control.stp.f2clapack-f16.hgetf2_.q.0135.smt2	stp	2bae1b5414ea6fa3fa9939c874e740da2a6d79ef
control.stp.osqp.OSQPCscMatrix_zeros.q.0005.smt2	stp	b45db2b66ddf1fdcb0539eb85cabbb04cca448f2
control.stp.osqp.osqp_setup.q.0001.smt2	stp	11b4ebb1bed89bbda7f7d460fc609a3a99193611
control.stp.osqp.osqp_setup.q.0004.smt2	stp	04cc141a3832047f675b2fceeccb35f9ba421c1e
control.stp.osqp.OSQPCscMatrix_set_data.q.0005.smt2	stp	11b4ebb1bed89bbda7f7d460fc609a3a99193611
control.stp.fftw.fftw_plan_dft_c2r_3d.q.0374.smt2	stp	2d88c34a8b72a02b67c818f265153698efa3719f
control.stp.fftw.fftw_plan_dft_r2c.q.0468.smt2	stp	
control.stp.fftw.fftw_plan_dft_c2r.q.0200.smt2	stp	8508661b9c25d255a2f67e4fa502b5d4c1c6ab40
control.stp.fftw.fftw_plan_dft_r2c_3d.q.0174.smt2	stp	3c16ca469633121aaed3dd8dcaaf5100ac896b3c
control.stp.fftw.fftw_plan_many_dft.q.0467.smt2	stp	ec21d61667a258ea5318a598d331c66488344fa3
control.stp.fftw.fftw_plan_dft_r2c_2d.q.0479.smt2	stp	
control.stp.fftw.fftw_plan_dft_c2r_2d.q.0188.smt2	stp	52d39e55ef757863457601b6b1eeb955be1369b8
control.stp.fftw.fftw_plan_many_dft_c2r.q.0311.smt2	stp	3b87ef16caa8cc0b006669d9deed7fba1b02e41b
control.stp.fftw.fftw_plan_dft_c2r_2d.q.0496.smt2	stp	
control.stp.fftw.fftw_plan_dft_r2c_3d.q.0210.smt2	stp	7caf512495a0c82236a1fde6c8b0a0402cf993db
control.stp.fftw.fftw_plan_dft_r2c_2d.q.0173.smt2	stp	812b864c212110af7bad45d3ac75d7a26972c43e
control.stp.fftw.fftw_plan_dft.q.0179.smt2	stp	6f581c1fe7cbe2d4369d25bcbba4a59745b91eaf
abstractable.bwz.f2clapack-f32.sgetf2_.q00014.smt2	bwz	81c3e7459bc52fb3c0f8f3416364906275e3ed18
abstractable.bwz.f2clapack-f32.sgetf2_.q00084.smt2	bwz	c38165a7159e1a806dc65368e78ab98329885832
abstractable.bwz.f2clapack-f32.sgetf2_.q00063.smt2	bwz	d313c48620eb9205d39bbd18561ee995d2c71801
abstractable.bwz.f2clapack-f32.sgetf2_.q00086.smt2	bwz	c2d44707ce200274407ec25f24d2acdb25f00420
abstractable.bwz.f2clapack-f32.sgetf2_.q00115.smt2	bwz	b512775b05d4400770205f5f51297d172dcd97b3
abstractable.bwz.f2clapack-f32.sgetf2_.q00072.smt2	bwz	9afbc704931c6e560ecafa6da04b8b2816e01a2a
abstractable.bwz.f2clapack-f32.sgetf2_.q00039.smt2	bwz	06db800ea42880341a6e0b0b0facdbc5a3ab62b9
abstractable.bwz.f2clapack-f32.sgetf2_.q00041.smt2	bwz	4eb331515d50a8ea3beb96fc158a2a7b37a4da95
abstractable.bwz.f2clapack-f32.sgetf2_.q00069.smt2	bwz	5d31819b4b6e77d66673e3eaf8eec0b61e1e8343
abstractable.bwz.f2clapack-f32.sgetf2_.q00095.smt2	bwz	468ea0098f3f9062dba4d6d225044d5630d87db6
abstractable.bwz.f2clapack-f32.sgetf2_.q00176.smt2	bwz	e3039195945d701227b9d4ed08239891d159b68a
abstractable.bwz.f2clapack-f32.sgetf2_.q00023.smt2	bwz	a81241d8cd4ac6367634943e39cd70981af8fb36
abstractable.bwz.f2clapack-f32.sgetf2_.q00174.smt2	bwz	78c6001d8c5f9ecadc7e2cf244ec14a9cf7cd1fe
abstractable.bwz.f2clapack-f32.sgetf2_.q00126.smt2	bwz	
abstractable.bwz.f2clapack-f32.sgetf2_.q00077.smt2	bwz	54a752fb083ce3768b7d45d3ea0556ac16e7dfd0
abstractable.bwz.f2clapack-f32.sgetf2_.q00132.smt2	bwz	5997db031defdf30d48ba49747923fd0685610ca
control.stp.f2clapack-f16.htrsm_.q.0017.smt2	stp	b048f2e8d22f0cb85750c3250818a6a6bb0aa2b1
control.stp.f2clapack-f16.hgels_.q.0657.smt2	stp	ead7323e75ec4ddd1d4c38d0ae82f7a2735babce
control.stp.f2clapack-f16.hgels_.q.0494.smt2	stp	d72550ffc75d5fd438a049eb19732d5501320483
control.stp.f2clapack-f16.hgetf2_.q.0132.smt2	stp	2bae1b5414ea6fa3fa9939c874e740da2a6d79ef
control.stp.f2clapack-f16.hlassq_.q.0075.smt2	stp	9534075ed864bce16249bf6f6dc8df081c3081bb
control.stp.f2clapack-f16.hgels_.q.0043.smt2	stp	088ee6f8e2703e0db8b7669edf904f113048c836
control.stp.f2clapack-f16.hgels_.q.0810.smt2	stp	6a4ecb8cdd0394ecadc120f8be5fe7febed4e4d9
control.stp.f2clapack-f16.hgels_.q.0042.smt2	stp	00b629c173f00898d4761ad2c2e68e496dfd9642
control.stp.f2clapack-f16.hlassq_.q.0085.smt2	stp	39a08a47ea08682a36e6bc39c9c4880acd4dd29d
control.stp.f2clapack-f16.hgetf2_.q.0725.smt2	stp	eb00fde6676042a657f80081348e8a5cb11f3012
control.stp.f2clapack-f16.hgetrf_.q.0002.smt2	stp	f44c446c532278d88eb9771488baa4b2172adcb0
control.stp.f2clapack-f16.hgetf2_.q.0452.smt2	stp	5bbed319ac1bd07fd42c3405c13444c6b4a4cd34
control.stp.f2clapack-f16.htrtrs_.q.0005.smt2	stp	4caed77e7d896b0ef4473376d8198d1ca771d96e
control.stp.f2clapack-f16.hgetf2_.q.0687.smt2	stp	05503f2596d1e8070f2446cfb59366d074456fc5
control.stp.f2clapack-f32.sgetf2_.q.0135.smt2	stp	19c1a6d0dcf8bfe3c7f3a38a273064b9a8581945
control.stp.f2clapack-f32.slassq_.q.0028.smt2	stp	1f3e783bfbad313cc69af8423025ce5419694920
control.stp.f2clapack-f32.sgetf2_.q.0139.smt2	stp	2666434fb4f4f3e6906cb9b6c56ae966bff91d47
control.stp.f2clapack-f32.sposv_.q.0002.smt2	stp	c24d6d393b17bb1500e60a3389185d0728708889
control.stp.f2clapack-f32.sgels_.q.0249.smt2	stp	6c0632acbf5810cddd8012b19d891561c37c85c4
control.stp.f2clapack-f32.sgels_.q.0221.smt2	stp	7efb9994e5c6febc8d2a74c977b9f7fb1250347e
control.stp.f2clapack-f32.slassq_.q.0055.smt2	stp	fe57a07718a4b9d87d2a37b876853b17aee12aa1
control.stp.f2clapack-f32.snrm2_.q.0018.smt2	stp	d6ec6717bdc9fe887c22415293f97d7a8a4d1b61
control.stp.f2clapack-f32.slassq_.q.0026.smt2	stp	03506558e68218bb170df76339f57c2e270e83fa
control.stp.f2clapack-f32.sgels_.q.0032.smt2	stp	c7c2e379a40b8952184e5146e040aceb21a434bb
control.stp.f2clapack-f32.slassq_.q.0044.smt2	stp	ca676441ddd9ba65c7e7dcffe7df94d7e8bdea28
control.stp.f2clapack-f32.strtrs_.q.0014.smt2	stp	790efb54f9da8190e9c39e43c92041e340f86f97
control.stp.f2clapack-f32.sgels_.q.0039.smt2	stp	e73d706f1a158ffeb6b3e33f9d6ccdcfb46cf378
control.stp.f2clapack-f32.ssyr2k_.q.0022.smt2	stp	5349ae6c7e8733d8f35db4082c94a61667af1e0b
control.stp.f2clapack-f32.sgels_.q.0373.smt2	stp	b26e6b0743c152ab8cbc83c7fbb8702276448d11
control.stp.f2clapack-f32.sgels_.q.0382.smt2	stp	12e5edadc470c11bda818f39e91f0196a0b7073a
control.stp.f2clapack-f32.sgels_.q.0100.smt2	stp	ace3bc1ff14d82bfbf6269f13910792ec5c9cd54
control.stp.f2clapack-f32.strsm_.q.0013.smt2	stp	f1df5569df8d4e65b71bd95f0e60fbbd5a496cca
control.stp.f2clapack-f64.dgels_.q.0025.smt2	stp	1b739294b1e7318c23035b47c141cae8a7a83026
control.stp.f2clapack-f64.dsyr2k_.q.0012.smt2	stp	b62fb3267f09b76cd1d51a6ef90d1713e7f471b6
control.stp.f2clapack-f64.dtrtrs_.q.0020.smt2	stp	c01eb47ea18f0d8287ae8cf33efccb22eb11fc4f
control.stp.f2clapack-f64.dgetf2_.q.0031.smt2	stp	395d6c34e213b88ecc2d75b7848e1dd92b0a3377
control.stp.f2clapack-f64.dgetf2_.q.0005.smt2	stp	61f59ab59028c1774bbbd22e835bfededfc101a7
control.stp.f2clapack-f64.dgels_.q.0104.smt2	stp	2915f526a87657c9bf8a8a28f095fd1a7f621c3d
control.stp.f2clapack-f64.dsyr2k_.q.0017.smt2	stp	b29d6f83278eebdc94103d1a4c7a9f56a437a60f
control.stp.f2clapack-f64.dtrmv_.q.0002.smt2	stp	c46b3ea66e1d970f2d35ca852d70a8de7fc07935
control.stp.f2clapack-f64.dnrm2_.q.0020.smt2	stp	9585f72a860725e7194910ffe2f68d6c4773fce7
control.stp.f2clapack-f64.dgetf2_.q.0035.smt2	stp	2bc531646b9c50a4c8bdba8a2385f9dbc0103378
control.stp.f2clapack-f64.dgels_.q.0038.smt2	stp	e4c61526aba1635a1d1d0335699bd9560334af4e
control.stp.f2clapack-f64.dlassq_.q.0045.smt2	stp	06b1d07986a77f0760bbdc4317c65f4b7e1959bb
control.stp.f2clapack-f64.dlassq_.q.0024.smt2	stp	ce5139411c6e24561d0e3f9c8fdf47cc9de32e31
control.stp.f2clapack-f64.dgels_.q.0118.smt2	stp	5134c6db217d4fdcffbe7339c12f994395aa9a7a
control.stp.f2clapack-f64.dlassq_.q.0037.smt2	stp	3a28b5a3f597b78dce61b6c7d3f9076829a4ac45
control.stp.f2clapack-f64.dpotrf_.q.0002.smt2	stp	4db88456123028be028846c9e4bb901c90177339
control.stp.f2clapack-f64.dlassq_.q.0008.smt2	stp	7a8db7528e7fcfadf701c9a94733a73b0ec6381d
control.stp.f2clapack-f64.dgels_.q.0018.smt2	stp	842a52726f33fd77c4f6d3fc9152b925ef5cdf68
control.stp.f2clapack-f64.dgels_.q.0012.smt2	stp	bb76e7761f2ee7d877f3b8efb8c912a9a9cf3c2a
control.stp.f2clapack-f64.dgeqr2_.q.0061.smt2	stp	3fceabbcddfee2d298b339744ba945d4940088be
control.stp.f2clapack-f64.dsyr2k_.q.0026.smt2	stp	e6bcd146a3962b5ed14677821a08c04d0ceab4a0
control.stp.f2clapack-f64.dgeqr2_.q.0117.smt2	stp	443dbec2828c41f83a91e2cabc9036e29c87263f
control.stp.f2clapack-f64.dgeqr2_.q.0009.smt2	stp	e4e3de9ec66cd1689dfff97f577bd1356b127f58
control.stp.f2clapack-f64.dgetf2_.q.0056.smt2	stp	d75cc2522ccc04de6cab1d01ceab0dca85574c9b
control.stp.f2clapack-f64.dposv_.q.0003.smt2	stp	4db88456123028be028846c9e4bb901c90177339
control.stp.f2clapack-f64.dgetf2_.q.0004.smt2	stp	f67fc2c00faa24cb4915131a493a368c4840c112
control.stp.f2clapack-f64.dgels_.q.0141.smt2	stp	3a9afb3851bf20c46d99f551a90dc92377f55894
control.stp.f2clapack-f64.dgels_.q.0023.smt2	stp	67e4be20a52b37b5e76390d7c009441bee023a0d
control.stp.f2clapack-f64.dgels_.q.0118.smt2	stp	5134c6db217d4fdcffbe7339c12f994395aa9a7a
control.stp.f2clapack-f64.dgels_.q.0031.smt2	stp	78f1e27c26f887a82e9b3302b9e644d0346e9c2f
control.stp.f2clapack-f64.dgels_.q.0099.smt2	stp	f7f90910f9d8f48a45c97d110b393baf13d76004
control.stp.f2clapack-f64.dgels_.q.0120.smt2	stp	82baef2d282d17228bd212c624aca90f31d375c3
control.stp.f2clapack.qgels_.q.0055.smt2	stp	09d991d66a6579f8962da76497f91717e9225153
control.stp.f2clapack.qgetf2_.q.0049.smt2	stp	40c956bcafe4194c28cc83087931ecc4de91c2a5
control.stp.f2clapack.qlassq_.q.0042.smt2	stp	dd8937b64fc7d2e37b89fec25efa5e2906a4463a
control.stp.f2clapack.qlassq_.q.0044.smt2	stp	fea08a48e46a4c60c472d5115e1a03df4410ab0e
control.stp.f2clapack.qsyr2k_.q.0004.smt2	stp	b6c4ea576c6ee1a9031f3b802ede3374f9b85728
control.stp.f2clapack.qsyr2k_.q.0030.smt2	stp	4246f0e0f03adf4318acd6f980818053d0bbfb46
control.stp.f2clapack.qlassq_.q.0074.smt2	stp	52c91f483d7e84bff8c2c3d134d27f26b6168f1b
control.stp.f2clapack.qgels_.q.0046.smt2	stp	87087ea0f6161f2cdbeaa1f0469134e1f842aef7
control.stp.f2clapack.qsyr2k_.q.0023.smt2	stp	9420dc0d9fa4c405b2155f2bf15b14c475f512d1
control.stp.f2clapack.qlassq_.q.0075.smt2	stp	7d98a18c2cc53dcfc222a5c2ab0491e9120edf0b
control.stp.f2clapack.qtrtrs_.q.0016.smt2	stp	8788e37915f256204ae4658f595adc13e98ec952
control.stp.f2clapack.qsyrk_.q.0021.smt2	stp	4e0e2769da5fb2229f75f09423d4e9afb935ea55
control.stp.f2clapack.qgels_.q.0018.smt2	stp	c9b20bbdec7a1d5b35df35956cbb073c5ff15406
control.stp.f2clapack.qgels_.q.0014.smt2	stp	5ca417632763ed78db769fb3d56bdb97d61b23f7
control.stp.f2clapack.qgels_.q.0051.smt2	stp	beec71f5933ad71f7d920449411dcf7d85492a7d
control.stp.f2clapack.qnrm2_.q.0008.smt2	stp	0608bf7b5c03455378211ec63e068ceb85e33de3
control.stp.f2clapack.qgels_.q.0135.smt2	stp	916eb8b6eb0e84f70adb0b38dc3d2642141bcd73
control.stp.f2clapack.qlassq_.q.0054.smt2	stp	186187faaa6dfb1e41c0fd6c808e854d9c191729
control.stp.f2clapack.qtrtrs_.q.0013.smt2	stp	c8b753526dc85ae4f1e97a8a78e6c5bae5c9ab81
control.stp.f2clapack.qgetf2_.q.0030.smt2	stp	ce4ede358b2ceefd2b15d4a479548248e17284b9
control.stp.f2clapack.qgels_.q.0084.smt2	stp	b2d160744658689f43f649cf87997fbd9678075b
control.stp.f2clapack.qgels_.q.0099.smt2	stp	4e822cb1cfdfe98a8891eb2a6bda89b8387f1bb2
control.stp.f2clapack.qnrm2_.q.0018.smt2	stp	87b6ea0318b6aa3c1d229d12015cd7140cb5b789
control.stp.f2clapack.qnrm2_.q.0017.smt2	stp	64d3a80c40260543ac621309b3c22e7fa3933af7
control.stp.f2clapack.qtrtrs_.q.0011.smt2	stp	9420dc0d9fa4c405b2155f2bf15b14c475f512d1
control.stp.f2clapack.qgetf2_.q.0026.smt2	stp	0f0e481ecf68efe919a2a205687d21e2143373a5
control.stp.f2clapack.qnrm2_.q.0010.smt2	stp	31fae0bb5521ca33eb26de22f7036b7fa4670edf
control.stp.f2clapack.qgetf2_.q.0010.smt2	stp	4c30145b6a600429b44d22f2b9d4742d8da7e547
control.stp.f2clapack.qtrsm_.q.0006.smt2	stp	7cd563fbd1311da810fd1d9fb0f57af4ada2c5a9
control.stp.f2clapack.qgels_.q.0040.smt2	stp	e40a12619f9834cc6a06fef8914bf557fc0e0c12
control.stp.f2clapack.qgeqr2_.q.0052.smt2	stp	79949b94ccb19b463ae45adcb661c4ba5629020b
control.stp.f2clapack.qgetf2_.q.0008.smt2	stp	cc947aebbb4d05b94fb2ce8a3d3bfc6d2ca911b2
control.stp.f2clapack.qgels_.q.0110.smt2	stp	b432120b834c9d5ee9f0cd6a8b369ac5d81a82de
control.stp.f2clapack.qgels_.q.0062.smt2	stp	a961ddb8eaffdbbe68aa2b359b88a3618e164b15
control.stp.f2clapack.qgels_.q.0098.smt2	stp	e88e6ebf1e6d58f41382ee23e7d4adffb02eb973
control.stp.f2clapack.qsyr2k_.q.0018.smt2	stp	8788e37915f256204ae4658f595adc13e98ec952
control.stp.f2clapack.qtrtrs_.q.0018.smt2	stp	2bf16151c163e87fc33db1c7e760b9f35bf53eda
control.stp.f2clapack.qlassq_.q.0062.smt2	stp	686f39917327544b4889d5229add3b19af7a84fe
control.stp.f2clapack.qtrtrs_.q.0004.smt2	stp	db260fa4a60c8183ed9cc610c57660fbfa5a89e1
control.stp.f2clapack.qsyr2k_.q.0028.smt2	stp	a9c8ea06a6bc43ab34934a79d73392a39373d9d5
control.stp.f2clapack.qtrtrs_.q.0015.smt2	stp	db260fa4a60c8183ed9cc610c57660fbfa5a89e1
control.bwz.gmp.mpf_neg.q00300.smt2	bwz	cd62b708b49e60f40520c954c8a57246d70e948a
control.bwz.gmp.mpf_add.q04918.smt2	bwz	06dc0ef6ab52f88ea941fefd1cbcf60f0c0231e0
control.bwz.gmp.mpf_add_ui.q00764.smt2	bwz	4d597dcef7c4796c59477c6f1edf0d0988cee2b1
control.bwz.gmp.mpf_add.q01626.smt2	bwz	e36cecce3800b4e07b85cc741a13a89a72103e63
control.bwz.gmp.mpq_set_d.q01060.smt2	bwz	1eaa0108d69b90252ac6243c2521f4a0c25c49b4
control.bwz.gmp.mpf_add.q05393.smt2	bwz	aeb90920e2418406065476e581313a70991ebb30
control.bwz.gmp.mpf_add_ui.q00990.smt2	bwz	c5ecfe49b47d2938ae29794377ad10777e43b5f7
control.stp.f2clapack-f32.sgels_.q.0155.smt2	stp	3d4e463bef6f77b23710544ac98967fd286f7ef4
control.stp.f2clapack-f32.sgels_.q.0026.smt2	stp	c1ea33e60ebea80a82461b413bad857c1418f1f9
control.stp.f2clapack-f32.sgels_.q.0044.smt2	stp	f70b95c50a49ea934cfcc3ae629a2e51bf7ae4ad
control.stp.f2clapack-f32.ssyr2k_.q.0010.smt2	stp	50ea6018fcfdb9b55a7f23ef02caeaa26db9cbc8
control.stp.f2clapack-f32.sgetf2_.q.0161.smt2	stp	5ed8021db87c4b6020c14b689dfe9a0767a6a697
control.stp.f2clapack-f32.sgels_.q.0239.smt2	stp	ef7e57ff5f31d17fc4e3f183df23b12d1f5d1c13
control.stp.f2clapack-f32.sgels_.q.0037.smt2	stp	2b494c2e21a07eb8e5264ab3a5b95b35c6b77870
control.stp.f2clapack-f64.dgeqr2_.q.0019.smt2	stp	505efbe6841ce3ee1fd3c86ff7b31cad1fcbf4d0
control.stp.f2clapack-f64.dgels_.q.0032.smt2	stp	70940b6741a51612388a2145c194284654d2da41
control.stp.f2clapack-f64.dsymm_.q.0002.smt2	stp	c46b3ea66e1d970f2d35ca852d70a8de7fc07935
control.stp.f2clapack-f64.dgels_.q.0094.smt2	stp	28b66e3d3980aef8c628d515886d50c184ea43e1
control.stp.f2clapack-f64.dgels_.q.0169.smt2	stp	5cd9841dbee435ee13cf6ea7d43a5a71a7f051c5
control.stp.f2clapack-f64.dgels_.q.0111.smt2	stp	9525a64b45567fe475975bc5325c9677d14dbd6c
control.stp.f2clapack-f64.dgeqr2_.q.0132.smt2	stp	321dbd45d6e0acc76c410a3557d82000365ac66e
control.stp.f2clapack-f64.dgetf2_.q.0019.smt2	stp	abaadab39949539bda24af0c7c91e1474000dfc3
control.stp.f2clapack-f64.dgels_.q.0062.smt2	stp	4899150488219d5ea74bd6f68ab47a3bd9314163
control.bwz.gmp.mpf_get_d_2exp.q00453.smt2	bwz	063eeff57154e39cc612211627237a7239c2a9e2
control.bwz.gmp.mpf_add.q01770.smt2	bwz	99591875a9db6bfda82cae632d4218470544e8e6
control.bwz.gmp.mpf_add.q02719.smt2	bwz	3ad4bf6d9a6210234de0ff9be604087995988416
control.bwz.gmp.mpf_add.q07595.smt2	bwz	f2c0630887a6776e6d35caef057763f6585325f7
control.bwz.gmp.mpf_add.q07891.smt2	bwz	4db62cf6ca2b4acd3df2020872752d60f42cae2e
control.bwz.gmp.mpf_add.q00194.smt2	bwz	31461352d4a8dee9a4741f8401c50fe3c210e96a
control.bwz.gmp.mpf_add.q07855.smt2	bwz	c24a15e6c29bc9b3b4eae814304905f2282d8d6a
control.bwz.gmp.mpf_add.q05740.smt2	bwz	a18e053ada8adc6693c3b3e2669695c43f8a53b8
control.bwz.gmp.mpf_sub_ui.q00447.smt2	bwz	63febcd76a150dfb8dd461b01733060dc831945a
control.bwz.gmp.mpf_add_ui.q01647.smt2	bwz	edf82c67bb92f57bfbffdef9b5a927eef7eca035
control.bwz.gmp.mpq_get_d.q00118.smt2	bwz	a21be9c4f59b56cbafc0ac69440341b8fee5367b
control.bwz.gmp.mpq_set_d.q01450.smt2	bwz	9f7c0d8b5b787240cf537343b590885edf6f5710
control.bwz.gmp.mpf_add.q06507.smt2	bwz	b8eb8fd13ea28714ef83a8329c9c27ad612e28fe
control.bwz.gmp.mpf_add.q02540.smt2	bwz	56b10a49f2fdd09e942c513717ed1fd0f579391e
control.bwz.gmp.mpf_cmp_d.q00106.smt2	bwz	09035082a7f27a6a9da107342632fadce5b2c170
control.bwz.gmp.mpf_add_ui.q00876.smt2	bwz	e1a544b34dc7151428e9a3b6d5fadef9d8f3d871
control.bwz.gmp.mpf_add.q04699.smt2	bwz	92ba75eea70acf52ff492290d9cddb91f3e95470
control.bwz.gmp.mpf_cmp_d.q00333.smt2	bwz	abe8a6cf04a4b8749e3c54f4418cb24ab0c6b37a
control.bwz.gsl.gsl_sf_hermite_prob_deriv_array.q00808.smt2	bwz	f7f8b1d27bb1377e06be1292f2a92dbb8d56dd79
control.bwz.gsl.gsl_sf_hermite_prob_deriv_array.q00911.smt2	bwz	72dcf63223b8bb2ee0a3f0f0cf0fa001b203206c
control.bwz.gsl.gsl_sf_mathieu_a.q00009.smt2	bwz	08c844e63c625f51be55a79a13831a394ad052d7
control.bwz.gsl.gsl_sf_hermite_prob_deriv_array.q01030.smt2	bwz	ba6c3d8982d299aafc9406056f4c9f54ab0850f4
control.bwz.gsl.gsl_sf_hermite_prob_deriv_array.q00725.smt2	bwz	590e4e663e28bfb2a2ac5fa71bcd4cf098f88e9b
control.bwz.gsl.gsl_sf_hermite_prob_deriv_array.q01078.smt2	bwz	e739550677b90ca1e879859b15f7e8550da985aa
control.bwz.gsl.gsl_sf_hermite_prob_deriv_array.q00734.smt2	bwz	f67314868f1972b76dbd94a4959d000dab3c8c68
control.bwz.gsl.gsl_sf_hermite_phys_series_e.q00032.smt2	bwz	70b5b8cd17158cf1d95d2e0931dd6089514a4134
control.bwz.gsl.gsl_sf_airy_Ai_deriv_scaled_e.q00117.smt2	bwz	d9f38402e04d260afc8d31491e5ac44e48175e24
control.bwz.gsl.gsl_sf_airy_Ai_deriv_scaled_e.q00107.smt2	bwz	c807d808aaaf95bc87f9eca54be3bf85ed689fe4
control.bwz.gsl.gsl_sf_hermite_prob_deriv_array.q00218.smt2	bwz	c48c1df069e0f6e13c12a29116c85bdd02b50d97
control.bwz.gsl.gsl_sf_lnfact.q00001.smt2	bwz	3a57c19687c9fcdcbfe0a7378d8c1c2c9c147448
control.bwz.gsl.gsl_sf_dawson.q00004.smt2	bwz	785bb5e937a6271df5be49b379bb2509c39e0e45
control.bwz.gsl.gsl_sf_hermite_prob_deriv_array.q00780.smt2	bwz	5a753f1615f4bc5639973b93e3f40fb8bd26160e
control.bwz.gsl.gsl_sf_transport_2.q00007.smt2	bwz	84936e1a4a9d6ba626af5e5ce9655e7ca8e1a658
control.bwz.gsl.gsl_sf_coupling_3j_e.q00019.smt2	bwz	b307cbcbe5a69cef1cb00ec52840e352f39a5b8e
control.bwz.gsl.gsl_sf_hermite_prob_deriv_array.q00231.smt2	bwz	6e958aea8eabbf8d636a40b5385e5b2d1d8b9507
control.bwz.gsl.gsl_sf_airy_Ai_deriv_scaled_e.q00173.smt2	bwz	68e3c09c75bf6e7645b92a3bf826bf8ab9930877
control.bwz.gsl.gsl_sf_airy_Bi_deriv_scaled.q00054.smt2	bwz	cef9ee6f402a8d0591f94981322def5ba4737b78
control.bwz.gsl.gsl_sf_airy_Ai_deriv_scaled_e.q00054.smt2	bwz	4bb560197969d328fb20e398332c5dabe3c65308
control.bwz.gsl.gsl_sf_airy_Ai_deriv_scaled_e.q00228.smt2	bwz	dc4748da05c07414c11cc594dfbcbaec74269570
control.bwz.gsl.gsl_sf_hermite_prob_deriv_array.q01084.smt2	bwz	718266badb2a48c36cd3207efb2daac99edd4b97
control.bwz.gsl.gsl_sf_hermite_prob_deriv_array.q00311.smt2	bwz	2472cf1327e3db821f6b05f094064ff28dcb2040
control.bwz.gsl.gsl_sf_hermite_prob_deriv_array.q00410.smt2	bwz	87bacb495845da97586c9338d8bc1a142d47a225
control.bwz.gsl.gsl_sf_hermite_prob_deriv_array.q00285.smt2	bwz	9ecef2ed9d0940bd0fb96f33a052991822865c7a
control.bwz.gsl.gsl_sf_hermite_prob_deriv_array.q00540.smt2	bwz	fe8f0849646e8db755fbcc665a5ec012854e0674
control.bwz.gsl.gsl_sf_legendre_Pl_array.q00001.smt2	bwz	dced93754082bd8ae0ed6b08dd89b7c754b08608
control.bwz.gsl.gsl_sf_hermite_prob_deriv_array.q00064.smt2	bwz	d6beb5433cfbe2ad162bb4d59cee2b4b829ed79e
control.bwz.gsl.gsl_sf_hermite_prob_deriv_array.q00159.smt2	bwz	9f0488fd2e57f54e90ab1f266cf1ae245b23c306
control.bwz.gsl.gsl_sf_hermite_prob_deriv_array.q00114.smt2	bwz	a11e9bc3603fc68f2dfc5ec4514e99281f7e0157
control.bwz.gsl.gsl_sf_airy_Ai_deriv_scaled_e.q00055.smt2	bwz	6ff550a64ed2528f5c388d1e142e543553a606de
control.bwz.gsl.gsl_sf_airy_Bi_deriv_scaled.q00018.smt2	bwz	a1c8fa0a23eec5baaeadb2027bdd95c81302cae3
control.bwz.gsl.gsl_sf_hermite_prob_deriv_array.q00031.smt2	bwz	59461b72d2a17a35f3f99d8ee6a432cc4cdbba8e
control.bwz.gsl.gsl_sf_airy_Ai_deriv_scaled_e.q00223.smt2	bwz	7b6dba8e4bfd7a8171ac3dc4493804e58430690b
control.bwz.gsl.gsl_sf_hermite_prob_deriv_array.q00716.smt2	bwz	5bb369983e0642821b819d55534951211844e121
control.bwz.gsl.gsl_sf_ellint_RJ_e.q00001.smt2	bwz	3d18090879427ddbbef8ae737fddddf103b5661a
control.bwz.gsl.gsl_sf_hermite_prob_deriv_array.q00681.smt2	bwz	6478650f6f49cceb92ea5c93dbce0ebf1d98fc5b
control.bwz.gsl.gsl_sf_hermite_prob_deriv_array.q00103.smt2	bwz	bed87f51bc196b1e4363b4d11b2288bdaedd8525
control.bwz.gsl.gsl_sf_airy_Ai_deriv_scaled_e.q00123.smt2	bwz	3ff3e7e35d854f4400d2ca6ce35f98bc6a9d3788
control.bwz.gsl.gsl_sf_hermite_prob_deriv_array.q00752.smt2	bwz	d93f61830fd7f57f0389bdd2e167d6e2dd7df880
control.bwz.gsl.gsl_sf_expint_3_e.q00004.smt2	bwz	61e9627635b110e21b06483caf9a9f811a0fb1a1
control.bwz.openlibm.remquof.q01486.smt2	bwz	6165b2ff054366da9758427fac324293eb1735a2
control.bwz.openlibm.fmodf.q01167.smt2	bwz	ee13b93a32ddde1da2c5af516d585a3cdc545a2e
control.bwz.openlibm.fmodf.q01957.smt2	bwz	21b1975236f2596dae520daed23265708b1db019
control.bwz.openlibm.fmodf.q00339.smt2	bwz	1e1565e52cabd8f14294569e86a2b74a3fe804fb
control.bwz.openlibm.fmodf.q01608.smt2	bwz	2586c1035c2d07f06b1dd5255850b4641e700581
control.bwz.openlibm.remquof.q01271.smt2	bwz	58dcd27fe93ff3dce8be31b84e0abf87bb9d6f3c
control.bwz.openlibm.fmodf.q01650.smt2	bwz	7ab1d6b97bcc3da42264d46749ba8c4647342281
control.bwz.openlibm.fmodf.q00733.smt2	bwz	f58e519954fc8cc8426fab62f7975324861a2ca7
control.bwz.openlibm.fmodf.q02078.smt2	bwz	25e43627c1de4183ffecc490f9e5f688b2d6d70a
control.bwz.openlibm.fmodf.q01900.smt2	bwz	15d14f5a2e4b3be3a93616dec325693c3ab9fb81
control.bwz.openlibm.pow.q00013.smt2	bwz	354d6035c54c0f502a97a8edcf2343818dfeaf4f
control.bwz.openlibm.fmodf.q01546.smt2	bwz	acec258116a298706a5320873fb6bec8b7f2e92d
control.bwz.openlibm.remquof.q01598.smt2	bwz	6f9489df874322d269446bb6d089e5920396e6ed
control.bwz.openlibm.fmodf.q02717.smt2	bwz	87c02f604fafc500cbdf9b84757c97cf4e9d2cb6
control.bwz.openlibm.nextafter.q00068.smt2	bwz	ad9bd8e0c739e4087a0ee69247eba0af4ce5ab39
control.bwz.openlibm.fmodf.q01244.smt2	bwz	64d084ea144c3d8ee24fe1e901581a7f9d8b3d00
control.bwz.openlibm.fmodf.q02495.smt2	bwz	0c9379fe60a1f93325b5d26d8619d305ea63c5a4
control.bwz.openlibm.fmodf.q01342.smt2	bwz	558b28f871ad98a4a1549dcee04f86b28f16b0c5
control.bwz.openlibm.fmodf.q01422.smt2	bwz	78cc93bb8ee04030be834c8d82e94c1bab8714d9
control.bwz.openlibm.fmodf.q00108.smt2	bwz	a0f21c12d6fbb3e31a44a7c8fd117760e076b2e9
control.bwz.openlibm.fmodf.q02817.smt2	bwz	1b4b89dfdcf1878946ff728e113aeb8d354c5767
control.bwz.openlibm.remquof.q00705.smt2	bwz	313cc60e1cf0738ce25e264331f3a34f6f5afadd
control.bwz.openlibm.fmodf.q00136.smt2	bwz	42346c974a5024c0af8f84d945b30fa748e18bea
control.bwz.openlibm.remquof.q00594.smt2	bwz	0fba47f3429cc75dfe6d6890e9c52d93b4857479
control.bwz.openlibm.lgammaf_r.q00014.smt2	bwz	e6c1c31b79b61f604df01c48737a5c14389022bb
control.bwz.openlibm.fmodf.q03344.smt2	bwz	c3295402c832d52ded1938dac7ef15759bbc0fb6
control.bwz.openlibm.remquof.q00486.smt2	bwz	3be92f61872024f41901ae9f0cd2f650dba8f181
control.bwz.openlibm.remquof.q00947.smt2	bwz	aef6083b46c12b276fa7d423a1541c6ad1c9202e
control.bwz.openlibm.fmodf.q01668.smt2	bwz	777657b83018a0ab0887773a39b3c1fee90e9a98
control.bwz.openlibm.remquof.q00043.smt2	bwz	81b137df3ee11948c9988d1460d27be026a9af7e
control.bwz.openlibm.fmodf.q03196.smt2	bwz	046bf6fd3aa256288a4d2266884f23854b03c05d
control.bwz.openlibm.fmodf.q02580.smt2	bwz	e031d8a75dd69577bc9883eaeeec973193f16a87
control.bwz.openlibm.cbrtf.q00003.smt2	bwz	6e0a34b0e68fa6b8f2a6891e19fe0e3710880c41
control.bwz.openlibm.remquof.q00842.smt2	bwz	65c5f5778a645e1cb8a47720413715cf61e1d707
control.bwz.openlibm.remquof.q01402.smt2	bwz	5d6e3e80938b9cab93ffbc2b9282d6e1121f1143
control.bwz.openlibm.remquof.q00775.smt2	bwz	f209eaff3095505bda8015ce1d9f751058b612fa
control.bwz.openlibm.fmodf.q00176.smt2	bwz	8d8382a35b70f8533f31fd3fd6b6218a26e8cc5f
control.bwz.openlibm.remquof.q00628.smt2	bwz	6a63c605a836fbf4ffac4289ba6c4772da1db818
control.bwz.openlibm.remquof.q02534.smt2	bwz	0bf6acce998cdb5448b114f385ed68f6b085d89a
control.bwz.openlibm.remquof.q01982.smt2	bwz	62a7af55522a998927bda9d1bc29754679d61d6a
control.bwz.openlibm.fmodf.q00368.smt2	bwz	4ff3c11e40bcf4cd0e37c2fab9cd51c9e103ad81
control.bwz.cxsparse.cs_di_dropzeros.q00013.smt2	bwz	c344b8a23a2bc78eabc950b3e7690e8bdaf1ee47
control.bwz.cxsparse.cs_di_updown.q00599.smt2	bwz	361577c44bb48bcf1215783bd83a9793e2494a5a
control.bwz.cxsparse.cs_di_droptol.q00210.smt2	bwz	cc834e7205fb8bd818086f321e3345a53784314c
control.bwz.cxsparse.cs_di_updown.q00380.smt2	bwz	d7ca1b2e3677cfb9addae909da12ba4320840a69
control.bwz.cxsparse.cs_di_droptol.q00249.smt2	bwz	aec9e0b5966cd6cc952a6e390980ddeffbded118
control.bwz.cxsparse.cs_di_happly.q00072.smt2	bwz	47c61bb3fd769b53d9b8d87d1361d20093153169
control.bwz.cxsparse.cs_di_scatter.q00134.smt2	bwz	5cedd07151145e616637621d6f2b0d8b17edf1f0
control.bwz.cxsparse.cs_di_spsolve.q00077.smt2	bwz	b6b839e2d6661a80a8c8fafdf1317f76024cb497
control.bwz.cxsparse.cs_di_scatter.q00048.smt2	bwz	8987a64660a5c672ab89b255e2888ea2df74415a
control.bwz.cxsparse.cs_di_droptol.q00566.smt2	bwz	0b10a055bac53f9ce3b68e90f96add0e3428b2dd
control.bwz.cxsparse.cs_di_scatter.q00080.smt2	bwz	b72ae32e190741f44fb2fe9e0a9681bb029c33a5
control.bwz.cxsparse.cs_di_droptol.q00408.smt2	bwz	a033b527fc70c04b3d9f6963b38dc61799180518
control.bwz.cxsparse.cs_di_updown.q00757.smt2	bwz	c6fd6d1c0ab089b1aba037566e50f5b6868b8ff4
control.bwz.cxsparse.cs_di_droptol.q00257.smt2	bwz	33d26b7d48a4c6302f87b2219660cd6530b6035e
control.bwz.cxsparse.cs_di_happly.q00022.smt2	bwz	de2a69701ddc28bc0185808c206acae5a4db3219
control.bwz.cxsparse.cs_di_updown.q00395.smt2	bwz	d91c8cdebee37cfefb1b009b4d98d43dad112686
control.bwz.cxsparse.cs_di_updown.q00696.smt2	bwz	9a8fb91a3e0bfb909681c3f2f8b17fd7dffa70f2
control.bwz.cxsparse.cs_di_droptol.q00430.smt2	bwz	2f69314418ff5e4604ee5a382b5a6887a2bc27c6
control.bwz.cxsparse.cs_di_happly.q00049.smt2	bwz	33f500f4ad056cee3d0eff132dec3dfde0f92d76
control.bwz.cxsparse.cs_di_droptol.q00586.smt2	bwz	34addf31813a5ab0ec98b8a8e42454f92e79e12f
control.bwz.cxsparse.cs_di_droptol.q00346.smt2	bwz	d9dd9f8d281f6d266f7166c4252b4f60099d5898
control.bwz.cxsparse.cs_di_droptol.q00014.smt2	bwz	0f2aff9c8343f9a8c5635f6d5dc7daa57ba4846d
control.bwz.cxsparse.cs_di_updown.q00430.smt2	bwz	8a8f053196548c4eb961a194bea4b48d25a77ced
control.bwz.cxsparse.cs_di_droptol.q00315.smt2	bwz	bd8904e2e2ede7306c97b1229d3afe7e634b8f69
control.bwz.cxsparse.cs_di_spsolve.q00101.smt2	bwz	8bf36dda4f52c8502da4ec1e5bf251651b7d1ff1
control.bwz.cxsparse.cs_di_updown.q00517.smt2	bwz	6571df28eb44d3ff6588eb1498f99f672593dbda
control.bwz.cxsparse.cs_di_dropzeros.q00005.smt2	bwz	4d16cff7d658e7180f20ea122e356f1783a59278
control.bwz.cxsparse.cs_di_droptol.q00207.smt2	bwz	06f3b14d878307c8b82fed8acdaa3573869194e0
control.bwz.cxsparse.cs_di_droptol.q00330.smt2	bwz	4e2f9b6be241b353a105be84cfddc256f705e38f
control.bwz.cxsparse.cs_di_droptol.q00470.smt2	bwz	2b68afc5fb8a9819156454675b53797d4d758683
control.bwz.cxsparse.cs_di_happly.q00053.smt2	bwz	6b3053d8c7ce31b6312f61ff794737c5542ec7d8
control.bwz.cxsparse.cs_di_droptol.q00723.smt2	bwz	9c5657d1b9559bd8b5a5c8050cf32357ed69743d
control.bwz.cxsparse.cs_di_droptol.q00232.smt2	bwz	30c0b2d8f609eb2390e402b1ef596a97e980e3c6
control.bwz.cxsparse.cs_di_droptol.q00575.smt2	bwz	9511580f6a88baca3e37cf9d58f3f2bf93ddd915
control.bwz.cxsparse.cs_di_happly.q00052.smt2	bwz	0e69576c44f4b07f1c25e8de12da1fd3687f5b87
control.bwz.cxsparse.cs_di_happly.q00081.smt2	bwz	9e06806d80cffeff72e6a9e236bb70ba004f96b4
control.bwz.cxsparse.cs_di_droptol.q00685.smt2	bwz	8c97bf6401b803441f89fd63d569975e7df44902
control.bwz.cxsparse.cs_di_updown.q00730.smt2	bwz	5c1e3de34861220d815b7b86b8170f8dc23ac4c7
control.bwz.cxsparse.cs_di_droptol.q00048.smt2	bwz	fd1fb712677420dc51b3cb175cf5f27235cfeff7
control.bwz.cxsparse.cs_di_spsolve.q00071.smt2	bwz	214d3704d71835a4d9e6a3e987fa4ca121e29694
control.bwz.cxsparse.cs_di_updown.q00410.smt2	bwz	74f47b788e033701c82383ad031dee33d9eecce2
control.bwz.blis.bli_normfm.q00044.smt2	bwz	7f8b503a63aab4f5451245873cea8e8bc681e7e6
control.bwz.blis.bli_amaxv.q00019.smt2	bwz	1f17539a5418369a2899571d87b915cfbc2ab6ef
control.bwz.blis.bli_amaxv.q00004.smt2	bwz	b034af96613be745df57ae2cfd062b1faae771a8
control.bwz.blis.bli_amaxv.q00023.smt2	bwz	4fbeb48d83a9bac0da5c53627a76e2a71731e945
control.bwz.blis.bli_normfm.q00043.smt2	bwz	7e08862c479fe412db117e7e57ee696e31367a6d
control.bwz.blis.bli_amaxv.q00024.smt2	bwz	342d3d9288b5ba825c7850cf344d969232cf1a60
control.bwz.blis.bli_amaxv.q00016.smt2	bwz	d3ea94eaf72100cb0d456fb0b07480d6db543b19
control.bwz.blis.bli_amaxv.q00001.smt2	bwz	eae402163f6f0c74d215f619eda713250217dfac
control.bwz.blis.bli_normfm.q00001.smt2	bwz	67c2958010b54ec6927e1993a28c7c66ec9f0ea5
control.bwz.blis.bli_trmm3.q00005.smt2	bwz	771365068f7d5f5cbbecb08fd8b5ffc8fe0fbf03
control.bwz.blis.bli_amaxv.q00012.smt2	bwz	2d6f2852378d347d46e87713c0ff7b4334c2bb24
control.bwz.blis.bli_amaxv.q00014.smt2	bwz	2295efa6aab38330bb9e867764a27b27423adce7
control.bwz.blis.bli_normfm.q00008.smt2	bwz	1210a263a35f31e0371f648ae1d811ad968fc06b
control.bwz.blis.bli_amaxv.q00006.smt2	bwz	deecc202777e081c8bd545a529b553097aec6a4a
control.bwz.blis.bli_amaxv.q00007.smt2	bwz	e35473282d7e709a4f4368f14d43383bcc1b1ab3
control.bwz.blis.bli_trsm.q00002.smt2	bwz	8779e08e6e53887d798e84fea78eae9602d298d8
control.bwz.blis.bli_amaxv.q00032.smt2	bwz	26cd97911104fa52164701bcf220e946ecb76637
control.bwz.blis.bli_amaxv.q00008.smt2	bwz	31f1505099258550f6bcf3a01b2338f62ad735c6
control.bwz.blis.bli_normfm.q00126.smt2	bwz	96a48bd3d8b5b9a6e32ad27a47a330245c01b0fa
control.bwz.blis.bli_normfm.q00048.smt2	bwz	eacf7d16260fc64b6238f5af7ec4dcb5327f7b83
control.bwz.blis.bli_normfm.q00019.smt2	bwz	05ac9b23a189cfcb08e31461de4ecc466194a4e5
control.bwz.blis.bli_normfm.q00014.smt2	bwz	a8bbffac221e02998521024df686698f748b0715
control.bwz.blis.bli_normfm.q00129.smt2	bwz	efe5e67249a776c83ae3ad980c5037f030e23f29
control.bwz.blis.bli_normfm.q00124.smt2	bwz	23eadb330d58c5bd3e52efa65e2450126839a53b
control.bwz.blis.bli_amaxv.q00022.smt2	bwz	508c34faa6e0aa0bd25c5425510c42be8ba10426
control.bwz.blis.bli_amaxv.q00013.smt2	bwz	c1fc83c63d7f536cdf73d123bd49242b7a4f99ad
control.bwz.blis.bli_gemm.q00004.smt2	bwz	b7a455631d03e6eff62bea570c684ea83382aad5
control.bwz.blis.bli_normfm.q00012.smt2	bwz	1807a9344b378c69f26eca0234261ddae70f8fa9
control.bwz.blis.bli_normfm.q00002.smt2	bwz	a475ac4b754715da496bf214523d999db0fa58ea
control.bwz.blis.bli_normfm.q00004.smt2	bwz	4d88d47a8112a60d1212af5928df31539ebd394d
control.bwz.blis.bli_normfm.q00009.smt2	bwz	b4d4baf949d30b166272310c37dd365f2749ad60
control.bwz.blis.bli_normfm.q00119.smt2	bwz	c4c070981c2dbb92bc5f7dd0f1711c191188b394
control.bwz.blis.bli_amaxv.q00030.smt2	bwz	c9ee81271c1722dcdb91d3198dc45f4dc05bcc9b
control.bwz.blis.bli_amaxv.q00011.smt2	bwz	f24f9fa411d5a5483b32c5f5e7d63bcbb56255f4
control.bwz.blis.bli_normfm.q00020.smt2	bwz	96ea65d22bac49353158911491f5eafc2fead4e6
control.bwz.blis.bli_normfm.q00118.smt2	bwz	4646abdf8253c38e2a254a21da1288bcd039e6ac
control.bwz.blis.bli_amaxv.q00031.smt2	bwz	404bea542f378361e2a88f6f000f98bb66e56579
control.bwz.blis.bli_normfm.q00003.smt2	bwz	8533e1f48d731ac57c9667b64177b604cdf8b157
control.bwz.blis.bli_normfm.q00128.smt2	bwz	2aa4bb1f18a5cb976dbb470260cbb2cca1b0a0b6
control.bwz.blis.bli_normfm.q00122.smt2	bwz	ca195676ddab8f172fe8c614d4a3859f415ed249
control.bwz.blis.bli_normfm.q00006.smt2	bwz	e46a8428dbe539439b83c95fa1e4a391d525d9a9
control.bwz.osqp.osqp_setup.q00007.smt2	bwz	34750ea77805b003705f01a8ddaf13e92cb11094
control.bwz.osqp.OSQPCscMatrix_diag_vec.q00008.smt2	bwz	03d712ca0baebd771c8b5c635b2ee4238ba20fb8
control.bwz.osqp.OSQPCscMatrix_zeros.q00002.smt2	bwz	11b4ebb1bed89bbda7f7d460fc609a3a99193611
control.bwz.osqp.OSQPCscMatrix_set_data.q00002.smt2	bwz	11b4ebb1bed89bbda7f7d460fc609a3a99193611
control.bwz.osqp.OSQPCscMatrix_set_data.q00000.smt2	bwz	11b4ebb1bed89bbda7f7d460fc609a3a99193611
control.bwz.osqp.OSQPCscMatrix_set_data.q00001.smt2	bwz	c8e4637fb6a463132d1dd3a59c1159b9e2ad2f4c
control.bwz.osqp.OSQPCscMatrix_diag_vec.q00010.smt2	bwz	ed23ca59d45567a9d28dc23a2ab4653ec3c7660f
control.bwz.osqp.OSQPCscMatrix_identity.q00002.smt2	bwz	4412ba0c7cb93bb27315e988dd8c7310cbc185ea
control.bwz.osqp.OSQPCscMatrix_identity.q00008.smt2	bwz	fe74d6704621896464d91e0268da3e1e07035e52
control.bwz.osqp.OSQPCscMatrix_zeros.q00006.smt2	bwz	caa6011e2f6e1ff003e984b7e31fdd0be4462178
control.bwz.osqp.OSQPCscMatrix_zeros.q00004.smt2	bwz	4412ba0c7cb93bb27315e988dd8c7310cbc185ea
control.bwz.osqp.OSQPCscMatrix_diag_vec.q00011.smt2	bwz	fe74d6704621896464d91e0268da3e1e07035e52
control.bwz.osqp.OSQPCscMatrix_identity.q00005.smt2	bwz	04c5eb8f8c942bf874c9a3d3b7675cc088fbf148
control.bwz.osqp.OSQPCscMatrix_set_data.q00003.smt2	bwz	c8e4637fb6a463132d1dd3a59c1159b9e2ad2f4c
control.bwz.osqp.osqp_warm_start.q00002.smt2	bwz	16982fe8fd7fa2fc7abe837e0bb95f5923da1357
control.bwz.osqp.OSQPCscMatrix_diag_vec.q00009.smt2	bwz	dac6c54fbf24d57a60ac50211f00c00d1ae80460
control.bwz.osqp.osqp_setup.q00002.smt2	bwz	11b4ebb1bed89bbda7f7d460fc609a3a99193611
control.bwz.osqp.OSQPCscMatrix_identity.q00004.smt2	bwz	caa6011e2f6e1ff003e984b7e31fdd0be4462178
control.bwz.osqp.osqp_setup.q00004.smt2	bwz	343868eb1d64a476a7b5f99eb532d033a6a3456a
control.bwz.osqp.OSQPCscMatrix_identity.q00006.smt2	bwz	03d712ca0baebd771c8b5c635b2ee4238ba20fb8
control.bwz.osqp.osqp_warm_start.q00001.smt2	bwz	cc6017bf90a47a8f9a6c766163a88432578acf5a
control.bwz.osqp.OSQPCscMatrix_zeros.q00005.smt2	bwz	7b9bfac60d5a26a084e2748e47b8aebc5e6d699b
control.bwz.osqp.osqp_setup.q00000.smt2	bwz	11b4ebb1bed89bbda7f7d460fc609a3a99193611
control.bwz.osqp.osqp_setup.q00005.smt2	bwz	4ecc72355cb31aa4f31f30f4ba0e6f515acf6562
control.bwz.osqp.OSQPCscMatrix_identity.q00003.smt2	bwz	7b9bfac60d5a26a084e2748e47b8aebc5e6d699b
control.bwz.osqp.OSQPCscMatrix_identity.q00007.smt2	bwz	fe74d6704621896464d91e0268da3e1e07035e52
control.stp.f2clapack-f32.ssyrk_.q.0016.smt2	stp	0b7032e79121ec43c93ac62198bfb768ffc4d2cf
control.stp.f2clapack-f32.strtrs_.q.0013.smt2	stp	51144083015dcaace7cee67b9281547d89b8dfb3
control.stp.f2clapack-f32.sgetf2_.q.0154.smt2	stp	f2e48899b6cc208c7c99b8ef9fc505af3752a5bc
control.stp.f2clapack-f32.ssyrk_.q.0017.smt2	stp	8f1043a04543e6960fb41126ec5f1dce8d36a845
control.stp.f2clapack-f32.sgels_.q.0045.smt2	stp	06686c313bbe61f978385ad1be4a3b303865d6d4
control.stp.f2clapack-f32.slassq_.q.0073.smt2	stp	746897505ca985955af01d2b585bef0203119306
control.stp.f2clapack-f32.snrm2_.q.0009.smt2	stp	0ebb74012d625f6185a741c2a70f6418be9da8e1
control.stp.f2clapack-f32.strsm_.q.0017.smt2	stp	0b7032e79121ec43c93ac62198bfb768ffc4d2cf
control.stp.f2clapack-f32.sgeqrf_.q.0141.smt2	stp	13e9f7b367dcb81087783362cb371fea9c7725ef
control.stp.f2clapack-f32.sgecon_.q.0044.smt2	stp	8f9e3a27d9916288dda398c88d905bbacd84186e
control.stp.f2clapack-f32.sgels_.q.0009.smt2	stp	dc8713060b0bb3c126c65949101f1bcdab7195d6
control.stp.f2clapack-f32.sgels_.q.0013.smt2	stp	9d358f8ad4b449047cfffe8a8230795d75b4c60c
control.stp.f2clapack-f32.sgels_.q.0086.smt2	stp	88107ff043ae358f999d2e500cd49ffdef8d9b6e
control.stp.f2clapack-f32.sgels_.q.0098.smt2	stp	54a06e24c2f9d555d7047e53dc890fc81c449d76
control.stp.f2clapack-f32.sgels_.q.0461.smt2	stp	1acd3740735b880bea042cb454e2479c1217b4a8
control.stp.f2clapack-f32.sgels_.q.0258.smt2	stp	af8839cf893732ce51b4fdda2aeaadb1ad1c8637
abstractable.stp.f2clapack.qgesv_.q.0067.smt2	stp	
abstractable.stp.f2clapack.qgesv_.q.0066.smt2	stp	
abstractable.stp.f2clapack.qgesv_.q.0065.smt2	stp	
abstractable.stp.f2clapack.qgesv_.q.0064.smt2	stp	
abstractable.stp.f2clapack.qgesv_.q.0063.smt2	stp	
abstractable.stp.f2clapack.qgesv_.q.0062.smt2	stp	
abstractable.stp.f2clapack.qgesv_.q.0061.smt2	stp	
abstractable.stp.f2clapack.qgesv_.q.0060.smt2	stp	
abstractable.stp.f2clapack.qgesv_.q.0059.smt2	stp	
abstractable.stp.f2clapack.qgesv_.q.0058.smt2	stp	
abstractable.stp.f2clapack.qgesv_.q.0057.smt2	stp	8e889a2a73b03e82c316f2fd438b055a1901df01
abstractable.stp.f2clapack.qgesv_.q.0056.smt2	stp	d9174f102450a6134b882a2d370ca5d1a141a01d
abstractable.stp.f2clapack.qgesv_.q.0055.smt2	stp	d6e3d5fa49baf5e029d511bf1ad389e72597e3cc
abstractable.stp.f2clapack.qgesv_.q.0054.smt2	stp	0dd44ff930908b0781139574e8d466b2d5849e3e
abstractable.stp.f2clapack.qgesv_.q.0053.smt2	stp	327b159274bade5f2da103cb7214c313f6091903
abstractable.stp.f2clapack.qgesv_.q.0052.smt2	stp	575e74d72978def0f9d8cbab72d83779e7eeef5d
control.bwz.gmp.mpf_get_d.q00181.smt2	bwz	bf9d8dc564340fad3f07b8e0e99754af8bcacbc9
control.bwz.gmp.mpf_add.q00324.smt2	bwz	f1d99dfed7921852c30a6e0662c7481c66c6d260
control.bwz.gmp.mpf_cmp_d.q00580.smt2	bwz	12b18bd0a061936dbffe2ca2ff2246dea35fdb5b
control.bwz.gmp.mpq_set_d.q00564.smt2	bwz	c693f214baca632d5e0ca71544cdddc08b3e7aad
control.bwz.gmp.mpf_add.q06217.smt2	bwz	c8db7322d6619fb1d2213f2096a57df60d6f03d5
control.bwz.gmp.mpf_add.q07801.smt2	bwz	d7a73847aecddb94597be67391161a832e591aca
control.bwz.gmp.mpf_cmp_d.q00396.smt2	bwz	fabb9b81587960cd29bd750499a0856e32a5ce14
control.bwz.gmp.mpf_eq.q00141.smt2	bwz	c96caa77fec671181fac6c83969c86a922705b77
control.bwz.gmp.mpf_get_d_2exp.q00930.smt2	bwz	0ff447deb9c99fc8e74111356d8853d02fe6d49b
control.bwz.gmp.mpq_set_d.q01401.smt2	bwz	9da252d0f9793565f9664d60ee6c8523f0910582
control.bwz.gmp.mpf_add.q01952.smt2	bwz	2ad667114bb3a04413a2c0c90133424fb39be749
control.bwz.gmp.mpq_set_d.q00370.smt2	bwz	977f98c06c26365b9832e82a6eb1f5288fee9a6b
control.bwz.gmp.mpf_add.q06356.smt2	bwz	777e80feb6ab7dcc7132dcfc814a3025c269582a
control.bwz.gmp.mpf_set_q.q00226.smt2	bwz	d44d7622c67d3a2015994474b73e922d21c1fd6f
control.bwz.gmp.mpq_set_d.q01211.smt2	bwz	9d37c309081b8d5a0acef2027206275334d7b10b
control.bwz.gmp.mpf_pow_ui.q00178.smt2	bwz	
control.stp.fftw.fftw_plan_dft_c2r_2d.q.0187.smt2	stp	3c89d11aa484b631c7f4c4dd4a64f8faa8331029
control.stp.fftw.fftw_plan_dft_c2r.q.0371.smt2	stp	c4bae6b7264337873d281935d6a699e4dd313629
control.stp.fftw.fftw_plan_dft_c2r_2d.q.0478.smt2	stp	
control.stp.fftw.fftw_plan_dft_c2r_3d.q.0045.smt2	stp	fcc6765ff1b90d0c23f1ed4e5f64b9fe3f0b4b9f
control.stp.fftw.fftw_plan_dft_c2r_2d.q.0170.smt2	stp	aab982a0d1386b73e0684bf1e399575838d0d27c
control.stp.fftw.fftw_plan_dft_r2c_3d.q.0194.smt2	stp	c3a19a7faf4329cf861471240cec3b4614879fb5
control.stp.fftw.fftw_plan_many_dft.q.0666.smt2	stp	
control.stp.fftw.fftw_plan_many_dft.q.0708.smt2	stp	e4d75b540da7e76cdbdc72c0dd09cdb1b2e4210d
control.stp.fftw.fftw_plan_dft_r2c_2d.q.0024.smt2	stp	bdc58b253b457e45238dcdbba823586f95188591
control.stp.fftw.fftw_plan_many_dft_r2c.q.0132.smt2	stp	d49a2477ec81c04a4db5ea33b861e8dcbb0d9683
control.stp.fftw.fftw_plan_dft_r2c_2d.q.0107.smt2	stp	b37f29a30517ff495b0b2265eb5712d09ebba53f
control.stp.fftw.fftw_plan_many_dft_c2r.q.0579.smt2	stp	d3e37dd7cde9503b0ad37c2ace8ed4fc7e5778bb
control.stp.fftw.fftw_plan_dft_c2r_3d.q.0098.smt2	stp	c2d16cf540fe780983c1134ab6ed2fa6cb724685
control.stp.fftwq.fftwq_plan_dft.q.0566.smt2	stp	aefb26f4e9399fc9d4e8d23c75682b7c85cd2836
control.stp.fftwq.fftwq_plan_dft.q.0484.smt2	stp	
control.stp.fftwq.fftwq_plan_dft_r2c_2d.q.0265.smt2	stp	
abstractable.bwz.sundials.SUNLinSolSetup_Dense.q00028.smt2	bwz	
abstractable.bwz.sundials.SUNLinSolSetup_Dense.q00027.smt2	bwz	
abstractable.bwz.sundials.SUNLinSolSetup_Dense.q00026.smt2	bwz	
abstractable.bwz.sundials.SUNLinSolSetup_Dense.q00025.smt2	bwz	
abstractable.bwz.sundials.SUNLinSolSetup_Dense.q00024.smt2	bwz	
abstractable.bwz.f2clapack-f32.sposv_.q00014.smt2	bwz	154c032cf234b0d854802eedc326c781bc0765f4
abstractable.bwz.f2clapack-f32.sposv_.q00013.smt2	bwz	cbb2ff579474db6f2a7af772c7d44381f5824e24
abstractable.bwz.f2clapack-f32.sposv_.q00012.smt2	bwz	d8a023a3e24c292d3ed6332891454ba5dbb4191c
abstractable.bwz.f2clapack-f32.sposv_.q00011.smt2	bwz	40ff4a552f5abd82bcdd236946b3267e1b98838b
abstractable.bwz.f2clapack-f32.sposv_.q00010.smt2	bwz	40ff4a552f5abd82bcdd236946b3267e1b98838b
abstractable.bwz.f2clapack-f32.sposv_.q00009.smt2	bwz	622855fb32849968a51cd64567e5afbf22bd117c
abstractable.bwz.f2clapack-f32.sposv_.q00008.smt2	bwz	109435919f5fe9fd7c2cfd651400444bfc95c4a7
abstractable.bwz.f2clapack-f32.sposv_.q00007.smt2	bwz	109435919f5fe9fd7c2cfd651400444bfc95c4a7
abstractable.bwz.f2clapack-f32.sposv_.q00006.smt2	bwz	f5c652d8c9ddc8abb19ced00e4a6ad9c23616581
abstractable.bwz.f2clapack-f32.sposv_.q00005.smt2	bwz	1640d9d18f3a37f1b8921943f6d62a62fbdeef61
abstractable.bwz.f2clapack-f32.sposv_.q00004.smt2	bwz	1640d9d18f3a37f1b8921943f6d62a62fbdeef61
control.bwz.osqp.OSQPCscMatrix_zeros.q00001.smt2	bwz	c8e4637fb6a463132d1dd3a59c1159b9e2ad2f4c
control.bwz.osqp.osqp_setup.q00001.smt2	bwz	c8e4637fb6a463132d1dd3a59c1159b9e2ad2f4c
control.bwz.osqp.osqp_setup.q00006.smt2	bwz	7837a1a946e3d75491881bf41ecf6fdd77e0f858
control.bwz.osqp.osqp_setup.q00009.smt2	bwz	cc6017bf90a47a8f9a6c766163a88432578acf5a
control.bwz.osqp.OSQPCscMatrix_set_data.q00004.smt2	bwz	11b4ebb1bed89bbda7f7d460fc609a3a99193611
control.bwz.osqp.OSQPCscMatrix_zeros.q00000.smt2	bwz	11b4ebb1bed89bbda7f7d460fc609a3a99193611
control.bwz.osqp.OSQPCscMatrix_set_data.q00005.smt2	bwz	c8e4637fb6a463132d1dd3a59c1159b9e2ad2f4c
control.bwz.osqp.OSQPCscMatrix_diag_vec.q00007.smt2	bwz	6195d08c07b6a5c26c79a4576f226d12e66f7313
control.bwz.osqp.osqp_setup.q00010.smt2	bwz	16982fe8fd7fa2fc7abe837e0bb95f5923da1357
control.bwz.osqp.osqp_setup.q00003.smt2	bwz	c8e4637fb6a463132d1dd3a59c1159b9e2ad2f4c
control.bwz.osqp.OSQPCscMatrix_zeros.q00003.smt2	bwz	c8e4637fb6a463132d1dd3a59c1159b9e2ad2f4c
control.bwz.fftw.fftw_plan_dft_r2c_2d.q00016.smt2	bwz	adcb725a6be47765b041967ff7e1d82031abc407
control.bwz.fftw.fftw_plan_dft_r2c.q00390.smt2	bwz	
control.bwz.fftw.fftw_plan_dft.q00144.smt2	bwz	
control.bwz.fftw.fftw_plan_dft_c2r_2d.q00410.smt2	bwz	79632d69781c40adc751c75bc28d6c8f06c6ef8a
control.bwz.fftw.fftw_plan_dft_c2r_2d.q00242.smt2	bwz	93314888eecb6b03b91bfeb5e16e24946fe4c611
control.bwz.cmsisdsp-f32.arm_fir_f32.q00928.smt2	bwz	71eae4df744048bcea918db01200a55b4941e94a
control.bwz.cmsisdsp-f32.arm_correlate_f32.q01968.smt2	bwz	cbe07f86a21445fb487ebf44c17d072ce51f245a
control.bwz.cmsisdsp-f32.arm_fir_f32.q00421.smt2	bwz	f65a06ed200b47fd18e48d1283bd7bc4e5fbae63
control.bwz.cmsisdsp-f32.arm_correlate_f32.q02044.smt2	bwz	cec88862ee5af0d4a59bcfa43f341d8868f2ceb9
control.bwz.cmsisdsp-f32.arm_correlate_f32.q00426.smt2	bwz	ed13ffd81b7d58f31aa1d5f975e4d38a3e423c83
control.bwz.cmsisdsp-f32.arm_fir_f32.q02952.smt2	bwz	084b11af1caee2806cf70e3beff8f0bde46a59d7
control.bwz.cmsisdsp-f32.arm_fir_f32.q01918.smt2	bwz	ab96ba12e87c02653c181b47efa1dc0a679605e2
control.bwz.cmsisdsp-f32.arm_fir_f32.q00063.smt2	bwz	290bf5677cf625109d75bcad0542a10eea37b489
control.bwz.cmsisdsp-f32.arm_correlate_f32.q00389.smt2	bwz	1c8e52f3349f6307ae3562da8b91a2f1ce1751ee
control.bwz.cmsisdsp-f32.arm_fir_f32.q01292.smt2	bwz	1bb384815e96dc2f57695c26c5998345c54226c6
control.bwz.cmsisdsp-f32.arm_correlate_f32.q01669.smt2	bwz	70314c2c57ffb53fa76865fd0bb70ea06ba41a67
control.bwz.cmsisdsp-f32.arm_logsumexp_dot_prod_f32.q00056.smt2	bwz	5636aef204849acfc1bc61da27044d45aa4fcbb4
control.bwz.cmsisdsp-f32.arm_correlate_f32.q01374.smt2	bwz	1cd225d53bd1c4d30184d475a896e31d6dca98fc
control.bwz.cmsisdsp-f32.arm_fir_f32.q01637.smt2	bwz	b963a020d32083da1931ed35a654790cf5894ccb
control.bwz.cmsisdsp-f32.arm_fir_f32.q00141.smt2	bwz	96f058ea142cadcee26b86499ac4886608149ade
control.bwz.cmsisdsp-f32.arm_correlate_f32.q02181.smt2	bwz	55d5baf88498e160803679ee0f4175cfef02083e
control.bwz.cmsisdsp-f32.arm_fir_f32.q04475.smt2	bwz	fae4f31a8a72194b2e06381c44ce7032c55a682f
control.bwz.cmsisdsp-f32.arm_fir_f32.q00246.smt2	bwz	49c9013abb6b59bbadb1509d2a37ddd3e69ffa77
control.bwz.cmsisdsp-f32.arm_fir_f32.q03349.smt2	bwz	4bf034bee75b0f6b7a0e9d531b2e6955325c4dc5
control.bwz.cmsisdsp-f32.arm_fir_f32.q02364.smt2	bwz	bf6e1c8907b549116f32da3d4d17cda09c9af65d
control.bwz.cmsisdsp-f32.arm_fir_f32.q03267.smt2	bwz	d96bac2ffaa0298ec16ba97c3388b0fd78a23ff9
control.bwz.cmsisdsp-f32.arm_correlate_f32.q00912.smt2	bwz	135107d42cb5e4564f41bb556c52954cddef076a
control.bwz.cmsisdsp-f32.arm_correlate_f32.q00014.smt2	bwz	57af8a3ae1a7036f20681b3397f5f5a04ee25b9c
control.bwz.cmsisdsp-f32.arm_fir_f32.q04158.smt2	bwz	24d899fd189d3fc8333936569b28e212ae7f907c
control.bwz.cmsisdsp-f32.arm_correlate_f32.q01876.smt2	bwz	42e15cdcb0b57074da04ba43aa72672f570b1141
control.bwz.cmsisdsp-f32.arm_fir_f32.q01457.smt2	bwz	53ec58b939041aa58fbbc47ad533bdd1b8c04c7e
control.bwz.cmsisdsp-f32.arm_fir_f32.q04490.smt2	bwz	263ae164fdc92e65e59ca8ce87271bc37227407f
control.bwz.cmsisdsp-f32.arm_correlate_f32.q00209.smt2	bwz	1cd2e7227fe01b966c1b5a6e78c838e1ac0aed28
control.bwz.cmsisdsp-f32.arm_fir_f32.q01501.smt2	bwz	5b08d3216eccae7c2c4fbf7d4f55b21a1fafe7e4
control.bwz.cmsisdsp-f32.arm_correlate_f32.q01745.smt2	bwz	8d37af4af0f39e2cfbcd9ce80c34ee364555aec2
control.bwz.cmsisdsp-f32.arm_correlate_f32.q01383.smt2	bwz	37a701fd36cbe001afc605b3d692d4027e2f011f
control.bwz.cmsisdsp-f32.arm_correlate_f32.q00868.smt2	bwz	e7a194e84e45238210a34d0cf91c9a82b3dbb7b4
control.bwz.cmsisdsp-f32.arm_correlate_f32.q02369.smt2	bwz	9562460f86adaa7a1c4a00166cab0d6f7aaf2715
control.bwz.cmsisdsp-f32.arm_fir_f32.q03116.smt2	bwz	a0149701f488a3925034c9336908d500e07af8bc
control.bwz.cmsisdsp-f32.arm_fir_f32.q02500.smt2	bwz	2a341dec4a96b4d67ac4b24b3a816987dd77d8d0
control.bwz.cmsisdsp-f32.arm_correlate_f32.q00028.smt2	bwz	0785c8865bc6f230beb5a5458302696bdc4dc61d
control.bwz.cmsisdsp-f32.arm_fir_f32.q00357.smt2	bwz	3c26b658655bc870cfc434e74856ba440fd928b1
control.bwz.cmsisdsp-f32.arm_fir_f32.q01917.smt2	bwz	25ea862de5abbc9404486595408fde0b0bedd741
control.bwz.cmsisdsp.arm_cfft_radix4_f16.q01204.smt2	bwz	d63ee11bc328171146fdb98ce24e3b98ab7444ad
control.bwz.cmsisdsp.arm_clip_f16.q00042.smt2	bwz	0085e869fe24ebb96f945fe4afa927d87d2d8539
control.bwz.cmsisdsp.arm_correlate_f16.q00400.smt2	bwz	d787dd04143716672cc7cf8faa0c03af47e7443b
control.bwz.cmsisdsp.arm_correlate_f16.q02200.smt2	bwz	5b6c793a32800b7f95e9c084c1b784d13d7c7b85
control.bwz.cmsisdsp.arm_correlate_f16.q01822.smt2	bwz	35fe20659159aff5f4eb9270a722647dcb16eb19
control.bwz.cmsisdsp.arm_cfft_radix4_f16.q01248.smt2	bwz	16203dd02d6e36ed994313548bf300ade1b8a24b
control.bwz.cmsisdsp.arm_cfft_radix4_f16.q00490.smt2	bwz	69d471c46cca953acfb64f4c2a121478c778d670
control.bwz.cmsisdsp.arm_clip_f16.q02985.smt2	bwz	0685ad7380596b1a6d97e8861639d40417ba8510
control.bwz.cmsisdsp.arm_clip_f16.q00846.smt2	bwz	38af57bf8678b40edb2ee8ee0d131f3a36e942cf
control.bwz.cmsisdsp.arm_clip_f16.q03455.smt2	bwz	3c4c993d32527f57a4cbcf9f86b420510dbc77dd
control.bwz.cmsisdsp.arm_clip_f16.q03236.smt2	bwz	3c9ad545846737f38efbe2ca9eeb00441b6abd11
control.bwz.cmsisdsp.arm_clip_f16.q05349.smt2	bwz	a6532fb382d80e3ee5f0aea2c67a023c4587cc2e
control.bwz.cmsisdsp.arm_correlate_f16.q01573.smt2	bwz	1d38429a1d84d965d5d517260551688a72a3ad7e
control.bwz.cmsisdsp.arm_cfft_radix4_f16.q01751.smt2	bwz	8e1baf50e9a18c959290fad56f434b784dc96c66
control.bwz.cmsisdsp.arm_correlate_f16.q02356.smt2	bwz	60a8d450747e8e71745431f6e139747400b9eeda
control.bwz.cmsisdsp.arm_correlate_f16.q02073.smt2	bwz	b682c735e13bdc31e3587062f46b110dff8c4050
control.bwz.cmsisdsp.arm_canberra_distance_f16.q00006.smt2	bwz	dacdd6a26c44b0c696f13d00efe140bb3f31b626
control.bwz.cmsisdsp.arm_clip_f16.q03579.smt2	bwz	788400d7be64594e40d8321714932301f3b9ce79
control.bwz.cmsisdsp.arm_clip_f16.q02181.smt2	bwz	5aa4e360d125bbe6f65651064f798560f70bb2f2
control.bwz.cmsisdsp.arm_clip_f16.q01575.smt2	bwz	5ba26a9e8817f50f33fd52b506ef331058381cbd
control.bwz.cmsisdsp.arm_cfft_radix4_f16.q01298.smt2	bwz	61b361fda8c1d8f542dda40e63b9d2b69777357e
control.bwz.cmsisdsp.arm_clip_f16.q05286.smt2	bwz	ee65b516e21b6cfad9e7a2c0b4304910d249234b
control.bwz.cmsisdsp.arm_correlate_f16.q00568.smt2	bwz	0cea0e416f1b5ac9eb9a66754f06907f6cd209c6
control.bwz.cmsisdsp.arm_correlate_f16.q01744.smt2	bwz	e42c421975577b8ea9477e1239c0505078866dc8
control.bwz.cmsisdsp.arm_cfft_radix4_f16.q00968.smt2	bwz	d09893f0d062d4ce4d8d77ae9888a76d5ef9901f
control.bwz.cmsisdsp.arm_clip_f16.q01640.smt2	bwz	6ec8ebbcb9d065965b354d56f1511abd3cac2278
control.bwz.cmsisdsp.arm_clip_f16.q02373.smt2	bwz	78398c0c99bc5741e67e26e2062ba3330f826b95
control.bwz.cmsisdsp.arm_clip_f16.q02339.smt2	bwz	eed624adb416eccf267634d062da9e28dcbac14e
control.bwz.cmsisdsp.arm_clip_f16.q04742.smt2	bwz	d8cf72e4edf2c7f1ad58e97a82a04ee210a2c38e
control.bwz.cmsisdsp.arm_clip_f16.q03735.smt2	bwz	babd28ba81cebf008bfdb60f200c860edabc73c8
control.bwz.cmsisdsp.arm_correlate_f16.q00374.smt2	bwz	7868778e755f9b08d7630f1db51a5772a84c8630
control.bwz.cmsisdsp.arm_correlate_f16.q01971.smt2	bwz	02e3e7d95fed8037e399941faf30634a17a283d9
control.bwz.cmsisdsp.arm_correlate_f16.q00720.smt2	bwz	56fa441cc6dc219da0c76cbf5118b54b4bd9f876
control.bwz.cmsisdsp.arm_cfft_radix4_f16.q01587.smt2	bwz	2e1e36f8f7b20c52cda939855fd73bab7520ccc9
control.bwz.cmsisdsp.arm_cfft_radix4_f16.q01120.smt2	bwz	f4ee41651e57c7e6963cd3db1455f2d66350eb1c
control.bwz.cmsisdsp.arm_correlate_f16.q00840.smt2	bwz	4f1757e9e6a20665193b6550372d71edf4b83357
control.bwz.cmsisdsp.arm_cfft_radix4_f16.q00539.smt2	bwz	80f7760b49795c57d8b908f006b42181441818ff
control.bwz.cmsisdsp.arm_correlate_f16.q01728.smt2	bwz	e45029e201f609c0c8ba3ef0b0f8d407e2b777b3
control.bwz.cmsisdsp.arm_cfft_radix4_f16.q00724.smt2	bwz	954ec8176c6c5cf9ffe610d82ac1a58360a527ee
control.bwz.cmsisdsp.arm_clip_f16.q00997.smt2	bwz	16b1d503b913d2cf062c9b6e60ef50b7e5bba9f4
control.bwz.cmsisdsp.arm_clip_f16.q01375.smt2	bwz	de5164089b1a6ee37d0e4c629c5fb60fc03e59b9
control.bwz.sundials-f16.N_VConstVectorArray.q00122.smt2	bwz	1b2efc8a7d520855a14e227f9e739f6dc41ff60c
control.bwz.sundials-f16.N_VConstVectorArray.q00061.smt2	bwz	521dc43d366ef4a8b226fcd01f687dfec759d45f
control.bwz.sundials-f16.N_VScaleVectorArray_Serial.q00033.smt2	bwz	627b3165e8f7ad7f8df6554ef595f1c35d136abd
control.bwz.sundials-f16.N_VLinearSumVectorArray_Serial.q00179.smt2	bwz	43a8ca9c2036b2a68a0a1e6b225c7780aa998abb
control.bwz.sundials-f16.N_VLinearSumVectorArray_Serial.q00312.smt2	bwz	042e570b7b6d61b8cd4645745dcddd3177cbfd32
control.bwz.sundials-f16.N_VConstVectorArray.q00060.smt2	bwz	538c56eee131a5f91986b50beec516358bc426b5
control.bwz.sundials-f16.N_VScaleVectorArray_Serial.q00325.smt2	bwz	c8363c79c525e5cee307cb2d9178b3f537cbc230
control.bwz.sundials-f16.N_VLinearSumVectorArray_Serial.q00238.smt2	bwz	4404831a4073a6117542322c37334ada826e9f07
control.bwz.sundials-f16.N_VLinearCombination.q00137.smt2	bwz	065b5ca4efd99f520bdd0ded4ca1781d001f0592
control.bwz.sundials-f16.N_VLinearCombination.q00385.smt2	bwz	b8d9dbb8680406fad4ec9e1be3fd0782a5476fd3
control.bwz.sundials-f16.N_VWrmsNormVectorArray_Serial.q00028.smt2	bwz	d2c659542dd1878ffa1021a9e91db731e76ee746
control.bwz.sundials-f16.N_VLinearSum_Serial.q00006.smt2	bwz	d8337781b4781da1cce450c992b095f43447b56b
control.bwz.sundials-f16.N_VScaleVectorArray_Serial.q00262.smt2	bwz	ca50dd9ea549668d50c4dcc7d8d84f3fc36de5d0
control.bwz.sundials-f16.N_VLinearSumVectorArray_Serial.q00099.smt2	bwz	56aff10e8ad211bfade8f4d88f3bd565a9767f7c
control.bwz.sundials-f16.N_VLinearSumVectorArray_Serial.q00173.smt2	bwz	7c8e4d6aeb1cbda490c4a09afab54a9765c3bb99
control.bwz.sundials-f16.N_VLinearSum_Serial.q00086.smt2	bwz	1c17d51c2c87c916559b4fd46340a84751a3274e
control.bwz.sundials-f16.N_VScaleVectorArray_Serial.q00063.smt2	bwz	f11fe14bc237c219e47d8477569aa8f88f0c34cd
control.bwz.sundials-f16.N_VScaleVectorArray_Serial.q00138.smt2	bwz	f38cb9e6473f8fcad7332a2b6c028ce76e1fa619
control.bwz.sundials-f16.N_VLinearSumVectorArray_Serial.q00303.smt2	bwz	56968a50d8562be1d9441264f257963179f1401a
control.bwz.sundials-f16.N_VScaleVectorArray_Serial.q00118.smt2	bwz	b9668786f0d872fd1716078981a4d4cf2fbd34c9
control.bwz.sundials-f16.N_VLinearSumVectorArray_Serial.q00087.smt2	bwz	98921d11b9bd7d8682c3c42ece48bd49d2425dfb
control.bwz.sundials-f16.N_VWrmsNormVectorArray_Serial.q00272.smt2	bwz	8315e2cdbf4e71666602c0938d430bfd5891db89
control.bwz.sundials-f16.N_VLinearCombination.q00455.smt2	bwz	02d258b601c8528e159b9dbea40b3332d7ddc9c4
control.bwz.sundials-f16.N_VLinearSum_Serial.q00062.smt2	bwz	18b43ada3d113983310e7185f0709349c7a49271
control.bwz.sundials-f16.N_VWrmsNormVectorArray_Serial.q00002.smt2	bwz	574dd489f1e7d231580e00c0f53920f8b500aaba
control.bwz.sundials-f16.N_VLinearSumVectorArray_Serial.q00359.smt2	bwz	fa45d369007102d4ca160a37d6291438cf5ff9b2
control.bwz.sundials-f16.N_VLinearCombination.q00231.smt2	bwz	f6324bdc9e22612bbdebe586e48212178c95ce23
control.bwz.sundials-f16.N_VLinearCombination.q00485.smt2	bwz	adf828ad6f236bfb4b34e78ddd5986d04cf5eaa2
control.bwz.sundials-f16.N_VWrmsNormVectorArray_Serial.q00288.smt2	bwz	1468e2bb5b90c600ddc15976fd4a1a5628342359
control.bwz.sundials-f16.N_VConstVectorArray.q00056.smt2	bwz	6aba9a63a6c9066bef2ec81624c8f7df1c04e9f1
control.bwz.sundials-f16.N_VLinearSum_Serial.q00010.smt2	bwz	b14bf68111ab19f31b107c063e9589f20257c793
control.bwz.sundials-f16.N_VWrmsNormVectorArray_Serial.q00225.smt2	bwz	0f584f3b8e6edbd3130d2074fe4bf1ca85051c58
control.bwz.sundials-f16.N_VLinearSumVectorArray_Serial.q00437.smt2	bwz	06a8487ed3ef2eac6e4ba08e369e92595e8284ba
control.bwz.sundials-f16.N_VConstVectorArray.q00059.smt2	bwz	9dfa8aa3804dd548674be3c6b96c1f9a72f0d5c7
control.bwz.sundials-f16.N_VLinearSumVectorArray_Serial.q00353.smt2	bwz	08387032734db3776e493107f1aa26992e968e21
control.bwz.sundials-f16.N_VScaleVectorArray_Serial.q00153.smt2	bwz	cd221cd5a94040fbeafe209c88b78b9854ab8740
control.bwz.sundials-f16.N_VScaleVectorArray_Serial.q00159.smt2	bwz	f2d97f7664d92a59636a744be4fe3fc272abc9ff
control.bwz.sundials-f16.N_VScaleVectorArray_Serial.q00099.smt2	bwz	94860774d70d008b5c8946305d838fb5b19933ac
control.bwz.sundials-f16.N_VConstrMask.q00009.smt2	bwz	df0712b8f36260b576d3e1ba83cf2ae849856d63
control.bwz.sundials-f16.N_VLinearSumVectorArray_Serial.q00141.smt2	bwz	707f91a17ca32a421612fc12bb3535082b12b879
control.bwz.sundials-f16.N_VWrmsNormVectorArray_Serial.q00274.smt2	bwz	a467ba870c1cbfb0500326a09333362aef796786
control.bwz.sundials-f128.N_VMaxNorm.q00246.smt2	bwz	36385516035990e4b234c1db43cd25a1ddb563de
control.bwz.sundials-f128.N_VScaleAddMulti.q00172.smt2	bwz	0ac23ac7133b03458d7f57537f197de45506fe64
control.bwz.sundials-f128.N_VWrmsNormMaskVectorArray.q00625.smt2	bwz	34c372fae0ea0d2f4616534766d98375de7d8f62
control.bwz.sundials-f128.N_VWrmsNormMaskVectorArray.q00995.smt2	bwz	22e1f18abd2d676484497d7af48a2ebc7e9b700e
control.bwz.sundials-f128.N_VScaleAddMulti.q00249.smt2	bwz	2a8c61163fde9ddb2fdf750106f021046c170878
control.bwz.sundials-f128.N_VScaleAddMulti.q00472.smt2	bwz	4789f8e2d94a1b3e321936e2b4e9cdb3acf6caec
control.bwz.sundials-f128.N_VScaleAddMulti.q00092.smt2	bwz	0311045bb40bb691d29dd71e4798e0d12933c969
control.bwz.sundials-f128.N_VLinearSumVectorArray.q00100.smt2	bwz	bf936d7db3b293caff9ca2155cdbd34685966343
control.bwz.sundials-f128.N_VWrmsNormMaskVectorArray.q00751.smt2	bwz	5ab078ad334c82ae2aa2c04936685a3b54567cc3
control.bwz.sundials-f128.N_VWrmsNormMaskVectorArray.q01124.smt2	bwz	6342a5f1b3be7cbd6d3f8410d16a715ed2f1a77f
control.bwz.sundials-f128.N_VScaleAddMulti.q00258.smt2	bwz	a93bd3d535425c0aaac322c6d8b3fc1994480139
control.bwz.sundials-f128.N_VMaxNorm.q00198.smt2	bwz	3934386d78dbeaf3ad484c04a633d752a97d8f72
control.bwz.sundials-f128.N_VMaxNorm.q00052.smt2	bwz	9c103446db431ed4e195ac098d5aa4387d79fbb7
control.bwz.sundials-f128.N_VWrmsNormMaskVectorArray.q01093.smt2	bwz	491bd0ee6011e95dd2e33260a1ff77fc7aa0133d
control.bwz.sundials-f128.N_VScaleAddMulti.q00388.smt2	bwz	6d7bbf5b6682ae55c76b1b3f306707195e72bc78
control.bwz.sundials-f128.N_VScaleAddMulti.q00594.smt2	bwz	dc6715bd1929c01d4709f468a27663b6355ef510
control.bwz.sundials-f128.N_VWrmsNormMaskVectorArray.q00199.smt2	bwz	84c8a97e566aa8a04f25140229fa8f1f73d046a3
control.bwz.sundials-f128.N_VWrmsNormMaskVectorArray.q00789.smt2	bwz	fb3988f5f4d5291a28219a7e8044ca5c27b05eab
control.bwz.sundials-f128.N_VWrmsNormVectorArray.q00128.smt2	bwz	7f9c560bc9a2e971c6f50f5da0132bde08627eb6
control.bwz.sundials-f128.N_VWrmsNormMaskVectorArray.q00336.smt2	bwz	a409bd5b48e36ddd219789947849eaccf6be63b1
control.bwz.sundials-f128.N_VWrmsNormMaskVectorArray.q00896.smt2	bwz	ba0f62ae44bb25495d55125f380143b5ff3ff867
control.bwz.sundials-f128.N_VLinearSumVectorArray.q00002.smt2	bwz	d6098257fc74365c3fe7258e6557ced0c1f6def6
control.bwz.sundials-f128.N_VWrmsNormMaskVectorArray.q00570.smt2	bwz	9676009873b329b90a727e0e248386b8d9bf8236
control.bwz.sundials-f128.N_VWrmsNormMaskVectorArray.q00425.smt2	bwz	2a56fc5d65e023c45167930c090e62e332e82b55
control.bwz.sundials-f128.N_VWrmsNormMaskVectorArray.q00860.smt2	bwz	5e7957cd3d2daf5e662624ec29df7eef7b3c60a0
control.bwz.sundials-f128.N_VWrmsNormMaskVectorArray.q00770.smt2	bwz	d3aa8aac47fee7f1c923c336bdc3c15187a79736
control.bwz.sundials-f128.N_VScaleAddMulti.q00993.smt2	bwz	3774732d70feba09b83e0f85d463af70f20d8486
control.bwz.sundials-f128.N_VWrmsNormVectorArray.q00084.smt2	bwz	b9c90615bb0935bfc11cb55653bed7d8f7b0366b
control.bwz.sundials-f128.N_VScaleAddMulti.q00517.smt2	bwz	1e43e64a02c609172762724e65cb3a16a8e59a0c
control.bwz.sundials-f128.N_VWrmsNormMaskVectorArray.q01062.smt2	bwz	bf71cf04da9763d93477536663f94c43ca34caa3
control.bwz.sundials-f128.N_VWrmsNormMaskVectorArray.q00575.smt2	bwz	0ab0336505f8a3ce6028a093028e5d8ea98053ec
control.bwz.sundials-f128.N_VLinearSumVectorArray.q00126.smt2	bwz	6a973d17ab4894568de3ca17021b82d04583f67f
control.bwz.sundials-f128.N_VScaleAddMulti.q00680.smt2	bwz	76e5ccee6e63bebc5adf8f53649495ae6f247fdf
control.bwz.sundials-f128.N_VWrmsNormMaskVectorArray.q00457.smt2	bwz	385d47cf13cadfc12e02271476a5d105da06fa55
control.bwz.sundials-f128.N_VWrmsNormMaskVectorArray.q00522.smt2	bwz	f89b0b4fa9982ed1e3308802f5aad395032ece35
control.bwz.sundials-f128.N_VLinearSumVectorArray.q00059.smt2	bwz	045b775a2e2d0b9a73154830202f2b5ed7e2478e
control.bwz.sundials-f128.N_VScaleAddMulti.q00231.smt2	bwz	e3d5ebde2086118a75472ac3e6bc2b4b1a3f5ab1
control.bwz.sundials-f128.N_VWrmsNormMaskVectorArray.q00174.smt2	bwz	7014fa8f29375ef3c6845b319f4d96d69853a000
control.bwz.sundials-f128.N_VScaleAddMulti.q00439.smt2	bwz	91152348135e1f29b13cb278260c7253bf8b73f4
control.bwz.sundials-f128.N_VWrmsNormMaskVectorArray.q00285.smt2	bwz	ca396c3a8703bcfa95d8cc69420eac02e41e8243
control.bwz.sundials-f128.N_VMinQuotient_Serial.q00001.smt2	bwz	16f575af690c15a909b109cc0f30794625c7d62a
control.bwz.sundials.N_VWrmsNormMaskVectorArray.q00473.smt2	bwz	909168ba0baa3369747bc0ec714734b307042896
control.bwz.sundials.N_VWrmsNormMaskVectorArray_Serial.q00022.smt2	bwz	b6a4f55bb2bac8d1d49db3712209b24cefab7353
control.bwz.sundials.N_VWrmsNormMaskVectorArray_Serial.q00044.smt2	bwz	eb7656e3a977ea2b719163ffa290d766085eea22
control.bwz.sundials.N_VLinearSumVectorArray_Serial.q00115.smt2	bwz	bf154839a7b176dae7026d6d8a664bedf14abeb7
control.bwz.sundials.N_VLinearCombination.q00150.smt2	bwz	f5144c3914e82139f0c8110296636cdc11830df3
control.bwz.sundials.N_VDotProdMulti_Serial.q00032.smt2	bwz	06d52eac912adb8ab3507a3858dbe425c4bdd993
control.bwz.sundials.N_VLinearSumVectorArray_Serial.q00344.smt2	bwz	28144870bb8d6d732b6bd6b8e81032e2336fc198
control.bwz.sundials.N_VScaleVectorArray.q00052.smt2	bwz	17109c6bd60c83c3cdb6f05e12dc153c63a62722
control.bwz.sundials.N_VWrmsNormMaskVectorArray_Serial.q01143.smt2	bwz	44d115ceae8a9ff24790a0b4e4bd43d787d692aa
control.bwz.sundials.N_VLinearCombination.q00467.smt2	bwz	b384750d77746a763c218b94adddb58b7d284396
control.bwz.sundials.N_VWrmsNormMaskVectorArray_Serial.q01022.smt2	bwz	45ae0c5b3d5c8fc561fdabb982fccb62b8315bff
control.bwz.sundials.N_VWrmsNormMaskVectorArray.q01155.smt2	bwz	1e93373637969dd69b783099c879fdc191f5b85d
control.bwz.sundials.N_VLinearCombination_Serial.q00083.smt2	bwz	4e77c11508c4c03ebc1f89f888c1643b0dc5190f
control.bwz.sundials.N_VLinearSumVectorArray_Serial.q00364.smt2	bwz	bf154839a7b176dae7026d6d8a664bedf14abeb7
control.bwz.sundials.N_VDotProdMulti_Serial.q00041.smt2	bwz	b8877718b1409426c2a2b702c3106ad082aac0c5
control.bwz.sundials.N_VLinearSumVectorArray_Serial.q00111.smt2	bwz	05203a7d554799ca8f66232ae267cfab2daccab1
control.bwz.sundials.N_VWrmsNormMaskVectorArray_Serial.q00036.smt2	bwz	f9025afa442accc375c9e062f47adf7702c7e28a
control.bwz.sundials.N_VLinearSumVectorArray_Serial.q00039.smt2	bwz	f2602c64d0f8b475d2aed830cc19bdc74d7c2bcd
control.bwz.sundials.N_VDotProdMulti_Serial.q00251.smt2	bwz	eae4d1ca95963b808eec5c34b23e2e3e77759e86
control.bwz.sundials.N_VWrmsNormMaskVectorArray_Serial.q00252.smt2	bwz	052785a2346c81444ab3b1c62f6e9408352da412
control.bwz.sundials.N_VWrmsNormMaskVectorArray_Serial.q00737.smt2	bwz	4642f3e36d924198b67df139eeb8f1d2c2becae9
control.bwz.sundials.N_VWrmsNormMaskVectorArray_Serial.q01125.smt2	bwz	0c0977b08e5376495a0b564c865202258b18c79c
control.bwz.sundials.N_VLinearCombination.q00334.smt2	bwz	bf3c9b5ef42c3f950495bdc443ca8f96c935cf4d
control.bwz.sundials.N_VLinearSumVectorArray_Serial.q00140.smt2	bwz	419725047697500307682e6bbf0abd181902115f
control.bwz.sundials.N_VWrmsNormMaskVectorArray.q00666.smt2	bwz	74d839a887f80a1c0535c4b96a0e3dca5b13a3da
control.bwz.sundials.N_VConstVectorArray_Serial.q00228.smt2	bwz	d8fd98d057aff59a351449a8146bf68a581fc530
control.bwz.sundials.N_VLinearCombination.q00265.smt2	bwz	a86d5acbd0d7eb7352a84e511b191336c7544174
control.bwz.sundials.N_VLinearCombination_Serial.q00299.smt2	bwz	5b79000c49715d2a780afdb2a54cb267e92234ef
control.bwz.sundials.N_VLinearCombination_Serial.q00459.smt2	bwz	fc219b5cced92d5d86c1d3d3ad2f1297dc0ed6ba
control.bwz.sundials.N_VLinearCombination_Serial.q00449.smt2	bwz	dfdb73a98f3d50ede208aa4f38bcd5d0c3fa8028
control.bwz.sundials.N_VScaleVectorArray.q00054.smt2	bwz	db33469ac5640b0b3d2014ced3172803b9d76464
control.bwz.sundials.N_VDotProdMulti_Serial.q00150.smt2	bwz	80de6bca7cd8f8cc1815262d1463fb6a73211f53
control.bwz.sundials.N_VLinearCombination_Serial.q00451.smt2	bwz	bffb09e54331127850e33143beeb2c9a2af0c226
control.bwz.sundials.N_VWrmsNormMaskVectorArray.q01214.smt2	bwz	fc4b5f79a2d8e41932d61f5087016742152dd9d4
control.bwz.sundials.N_VLinearCombination.q00310.smt2	bwz	b4cc6c0c95fb9d2345457802c097ab2e816ee4a7
control.bwz.sundials.N_VConstVectorArray_Serial.q00156.smt2	bwz	aa84846507093a784ddf0c302a6aab8358bff984
control.bwz.sundials.N_VDotProdMulti_Serial.q00444.smt2	bwz	caf66ae8a9ac964bc99031f32bad9b9a77d6512e
control.bwz.sundials.N_VWrmsNormMaskVectorArray.q00443.smt2	bwz	78625ac9bffa71859e75f12e18a12586027fd437
control.bwz.sundials.N_VWrmsNormMaskVectorArray.q01006.smt2	bwz	dc3d2d75d3da5f0985ab72da0b9ee2f8bb411038
control.bwz.sundials.N_VLinearCombination.q00395.smt2	bwz	a9faee650d3f13bb71b48842cb86a59d30314212
control.bwz.sundials.N_VLinearSumVectorArray_Serial.q00014.smt2	bwz	32aefcdc2ad7fec7d27bcf0a42265753d1be77c4
control.bwz.f2clapack-f16.hlassq_.q00029.smt2	bwz	b24929301f2c0221dff8d35f1d00f9d1d9ea13e7
control.bwz.f2clapack-f16.hlassq_.q00113.smt2	bwz	1d4f192a8b22d80debab1c5eb728ebae860a6390
control.bwz.f2clapack-f16.hgetf2_.q00342.smt2	bwz	8dfccb887b9e48216a76c05eb815f399baacbf29
control.bwz.f2clapack-f16.htrsv_.q00002.smt2	bwz	0222d36d00ef676dcfa38031568196cf4c7b2b46
control.bwz.f2clapack-f16.hgels_.q00031.smt2	bwz	b266d828691972ff59300dbb0fab0801dc521186
control.bwz.f2clapack-f16.htrmm_.q00013.smt2	bwz	1d53e31b7dad82085fec05f6d994f638ac44ea0e
control.bwz.f2clapack-f16.hgetf2_.q00147.smt2	bwz	f6214653de5475a4fec7c17111970c988536e2c4
control.bwz.f2clapack-f16.hlassq_.q00129.smt2	bwz	7ca1d121ab48cb9f34d5ae9f14af3e6cff848468
control.bwz.f2clapack-f16.hlassq_.q00040.smt2	bwz	713e3dfa5c2bd0f93a50a3decbfdebb591b4687c
control.bwz.f2clapack-f16.haxpy_.q00001.smt2	bwz	05be1eb7f1e1d042db79d25f8f9b74fa7051d23a
control.bwz.f2clapack-f16.hlapy2_.q00003.smt2	bwz	0758adeebaa38f7f2f2c38ae5b561b2f6d831e7e
control.bwz.f2clapack-f16.hgetf2_.q00476.smt2	bwz	4be612ebf88b30d3120c07c1771d67acdfd77345
control.bwz.f2clapack-f16.hgels_.q00132.smt2	bwz	b6985f6e13a1331b2186723bbbff31b7a6468122
control.bwz.f2clapack-f16.hlassq_.q00127.smt2	bwz	e50586dc4d7afae8d1d85316c48b2cf6dea00b77
control.bwz.f2clapack-f16.hgeqr2_.q00014.smt2	bwz	64e28a62d86e30b10b867c88498c0a9b77a5a23f
control.bwz.f2clapack-f16.hgeqr2_.q00046.smt2	bwz	4edf376b78f70e6acf5c76d4009af417fc7d221c
control.bwz.f2clapack-f16.hgels_.q00388.smt2	bwz	7c3cacb6d84519b714c8916f37a5bedbe2700846
control.bwz.f2clapack-f16.hlassq_.q00085.smt2	bwz	2b21fb1c55f020dd46b0134da828f6f0d719a2a5
control.bwz.f2clapack-f16.htrmm_.q00015.smt2	bwz	88309f631b80bb1ef54c5885e88e812fb328c097
control.bwz.f2clapack-f16.hsymm_.q00003.smt2	bwz	7c5990962eb7742dae31360e160fafaaebb1d935
control.bwz.f2clapack-f16.hgels_.q00310.smt2	bwz	4da66d27d84207f0ca39e248dad9e5ae666c3080
control.bwz.f2clapack-f16.hgels_.q00027.smt2	bwz	9e6c4405eb2d3e48e6c07635487f6cf3273864a1
control.bwz.f2clapack-f16.hgels_.q00444.smt2	bwz	3d88577aec91dd1db228dcb2f841c152e9a397dc
control.bwz.f2clapack-f16.hlassq_.q00044.smt2	bwz	f0b1d8a6a64d290a8cefcdb1fcf2732b21c083c0
control.bwz.f2clapack-f16.hgetf2_.q00124.smt2	bwz	b8888edaabe462617fb3d97a65d7840e50f0d17e
control.bwz.f2clapack-f16.hgels_.q00028.smt2	bwz	a830787631bbe5c2cef696f66cd590acd3459b6c
control.bwz.f2clapack-f16.hgetf2_.q00365.smt2	bwz	a688a4e47266a9058a625170999f30d7b2c86c88
control.bwz.f2clapack-f16.hlassq_.q00043.smt2	bwz	668b3ebf12f8c683aece5bd1e1527a3c7ed60b8c
control.bwz.f2clapack-f16.hgetf2_.q00367.smt2	bwz	d60ce7472ba298dd89a7e31c3b332aa1f8139753
control.bwz.f2clapack-f16.hsyr2k_.q00017.smt2	bwz	490af6a47ec79f02a1b794d561b4e6077db4ab02
control.bwz.f2clapack-f16.hlassq_.q00117.smt2	bwz	93f22b6409ce930518e25574b2218e6f2c3462b8
control.bwz.f2clapack-f16.hsyrk_.q00015.smt2	bwz	bbb535dd8c4e5c3e7bb7bc7f1728000ff27b1dda
control.bwz.f2clapack-f16.hgels_.q00102.smt2	bwz	fed5640759807a81caff5d4367911233b51365b5
control.bwz.f2clapack-f16.hgetf2_.q00150.smt2	bwz	4934c8061eb395c9a289d22b72410bf5b1952bc6
control.bwz.f2clapack-f16.hgetf2_.q00477.smt2	bwz	d2367674c2c009085360665d40cc59a0d6632920
control.bwz.f2clapack-f16.hlassq_.q00059.smt2	bwz	c7b6028d55634357e857c52f3efba58e160b9c01
control.bwz.f2clapack-f16.hgeqr2_.q00252.smt2	bwz	17cfb1efc0236931aa99d41259bf6311a8be8e6f
control.bwz.f2clapack-f16.hnrm2_.q00039.smt2	bwz	29caffa001e60c0f40df960942d50e33fcdeb765
control.bwz.f2clapack-f16.hlassq_.q00116.smt2	bwz	857613d8947df49b76666882357673200eb3ae43
control.bwz.f2clapack-f16.hgels_.q00448.smt2	bwz	fa256436585c415ef50d64b50b0e8c1bb7fffb0a
control.bwz.f2clapack-f16.hlassq_.q00076.smt2	bwz	d77714e644699bfa6ab63eb9b9150248bb620547
control.bwz.f2clapack-f32.sgeqr2_.q00171.smt2	bwz	5edc5fc9b9b4f55cd0f65d56bf92fed50ebab407
control.bwz.f2clapack-f32.snrm2_.q00034.smt2	bwz	30bfffc659a7eb0c7b858f6d6f4b193d7cb323f1
control.bwz.f2clapack-f32.strsm_.q00014.smt2	bwz	fb4c31bf03cf4e444a88e51a31b4af87664f39ae
control.bwz.f2clapack-f32.strtrs_.q00005.smt2	bwz	ba24efe5ca76dfacab697bbd4a56bad4c7f7ad25
control.bwz.f2clapack-f32.sgetf2_.q00010.smt2	bwz	fc4e4109aa2798a0decc1312575fcfb2df84c27f
control.bwz.f2clapack-f32.slassq_.q00039.smt2	bwz	40dd0b34e742b6c4eac62ef2479ad39f9acc7bf9
control.bwz.f2clapack-f32.sgecon_.q00002.smt2	bwz	c24cb4e2cdbcd14b87d35fe495797dab89133d30
control.bwz.f2clapack-f32.sgeqr2_.q00046.smt2	bwz	beea7c6175ec50fb4c65cadbbc46a7a9344340ab
control.bwz.f2clapack-f32.slassq_.q00102.smt2	bwz	5a90dc545d50d3219424fe7b363aa3be7f93d93e
control.bwz.f2clapack-f32.strtrs_.q00020.smt2	bwz	81a9af54af18d52573a7a78cece20a1401d4ace6
control.bwz.f2clapack-f32.sgemm_.q00004.smt2	bwz	8b7a5d0ebd5bb747eb79e6afc33078c93e0b20b9
control.bwz.f2clapack-f32.strtrs_.q00023.smt2	bwz	4c851c1cf6ca669735cbba1fea553ef71be6b64a
control.bwz.f2clapack-f32.slassq_.q00042.smt2	bwz	22ee75cae7a35b8ae4c6a40ff2fe5c9058063d41
control.bwz.f2clapack-f32.sgels_.q00394.smt2	bwz	7b1bcdee1551fd12935ced672d90ee51208a0970
control.bwz.f2clapack-f32.sgels_.q00391.smt2	bwz	138d57b1028ef24bf2e19c787ca5a6631d9402ee
control.bwz.f2clapack-f32.snrm2_.q00028.smt2	bwz	f14a8a13c2a0f8b65ff30066121bb9becdc9f9c0
control.bwz.f2clapack-f32.snrm2_.q00044.smt2	bwz	8ee57728eebbed55a4943298ab8c5d9fe8ae9a00
control.bwz.f2clapack-f32.sgels_.q00365.smt2	bwz	d74730d895df6c87132d7315038c2f3c652f0bda
control.bwz.f2clapack-f32.slassq_.q00041.smt2	bwz	c037a6afb39948fe584e29c75f20a3db28f90ccd
control.bwz.f2clapack-f32.sgels_.q00312.smt2	bwz	8bc66505f6fa44167beddc870e9921efb191ae98
control.bwz.f2clapack-f32.snrm2_.q00019.smt2	bwz	d7aba5b8acf59d78882bb9df9c8aef28f89c3844
control.bwz.f2clapack-f32.sgetf2_.q00025.smt2	bwz	3666309935fd4cd39960e859f16e60523d64e1bb
control.bwz.f2clapack-f32.sgeqr2_.q00006.smt2	bwz	511345e92e30076d34c1b961031ce2b3cd7725fe
control.bwz.f2clapack-f32.sgeqr2_.q00110.smt2	bwz	5d415450aa2c7e717137df8cd6d483befe02bdad
control.bwz.f2clapack-f32.strsm_.q00010.smt2	bwz	893cc38425443ff0cf30d1eae16b9180221b141b
control.bwz.f2clapack-f32.slassq_.q00103.smt2	bwz	be49f389d7ddfc508a920e0b24a039211b974688
control.bwz.f2clapack-f32.sgels_.q00036.smt2	bwz	5ac36efc0a1da477634e063e4e55daed7c6fa4a9
control.bwz.f2clapack-f32.sgels_.q00008.smt2	bwz	c137d6282f7622d64f65098fcb49f423510ec703
control.bwz.f2clapack-f32.slassq_.q00053.smt2	bwz	553ad351e847c32445ba78b9f3a773e76c113d45
control.bwz.f2clapack-f32.sgels_.q00220.smt2	bwz	a3d890bfbc984240dd8fc36ca6489b3e53f6bcba
control.bwz.f2clapack-f32.snrm2_.q00033.smt2	bwz	81be0ade6f11ac071ab63d1890d30cdfa498530f
control.bwz.f2clapack-f32.ssyrk_.q00011.smt2	bwz	4fcf4db60c6310813d11ce642dca4fc7a0aade7d
control.bwz.f2clapack-f32.snrm2_.q00017.smt2	bwz	001e33b2e1fec680134fb8e78d5e612ea96e65dc
control.bwz.f2clapack-f32.sgels_.q00106.smt2	bwz	270cfc46bd4080be4d8e629198e5cb26b8ca0833
control.bwz.f2clapack-f32.sgels_.q00386.smt2	bwz	ec2d55fed645966a4b48c2fe79af52038cdf6faf
control.bwz.f2clapack-f32.snrm2_.q00013.smt2	bwz	548e287d066d0a98984b7f28853498cf10fa7085
control.bwz.f2clapack-f32.ssyrk_.q00003.smt2	bwz	a108d482ac9db300a2e7c9149bfcdc8381ac45a5
control.bwz.f2clapack-f32.sgels_.q00376.smt2	bwz	103e02a46ca0719c120a488ff5aaef4c69c42274
control.bwz.f2clapack-f32.sgels_.q00151.smt2	bwz	5a36ca6de0b02116d9e28af0a538aea4069f976f
control.bwz.f2clapack-f32.sgels_.q00219.smt2	bwz	c1326ec26d780fc69d0f606d2d83073dedcbc443
control.bwz.f2clapack-f32.sgels_.q00172.smt2	bwz	42dc23584180bf68d7613d7c64785bb211973686
control.bwz.f2clapack-f64.dlassq_.q00004.smt2	bwz	f8900d9fe52d2a610cc114eee07740d2cfc06a07
control.bwz.f2clapack-f64.dgels_.q00090.smt2	bwz	cff4fc9a416b9cf6591f4f3cd7a569c1ef6d7a3a
control.bwz.f2clapack-f64.dlassq_.q00056.smt2	bwz	b15de5de5e4eb840d25fcf462d0aad457ba0dfcf
control.bwz.f2clapack-f64.dlassq_.q00057.smt2	bwz	423e5fa7ac28c624852946f2cc89c35a431f5c7a
control.bwz.f2clapack-f64.dgemv_.q00005.smt2	bwz	b7a455631d03e6eff62bea570c684ea83382aad5
control.bwz.f2clapack-f64.dnrm2_.q00011.smt2	bwz	0e91b5da11c8876c0ce96e62a018cc47afe88cc3
control.bwz.f2clapack-f64.dgels_.q00091.smt2	bwz	4f1152584725a298c0cfe9a44b4ec49e61119bcf
control.bwz.f2clapack-f64.dgels_.q00092.smt2	bwz	d9e252159b85acdc9be5809549b4d3c6d9d344eb
control.bwz.f2clapack-f64.dlassq_.q00024.smt2	bwz	2f501d39becfb7f5e859f0ea806b28fa6c5e2dea
control.bwz.f2clapack-f64.dnrm2_.q00020.smt2	bwz	3eca05b0ea636663b92c3f138feff9a9d667435f
control.bwz.f2clapack-f64.dgels_.q00113.smt2	bwz	ab6ae758b258fa500861744b608632411817712c
control.bwz.f2clapack-f64.dnrm2_.q00010.smt2	bwz	ecd353784bfe29a3a12ef20aa03069db02392773
control.bwz.f2clapack-f64.dgels_.q00108.smt2	bwz	15f9baee6b5803483c6ff3675176eb3c57baabf8
control.bwz.f2clapack-f64.dgels_.q00083.smt2	bwz	408c7654d55af92a4472aed6933f9a87604103a2
control.bwz.f2clapack-f64.dgetf2_.q00034.smt2	bwz	19fb49fd6b80fbd52611dee80e1b82d6fb098dea
control.bwz.f2clapack-f64.dlascl_.q00003.smt2	bwz	38fa3d5472fb790020813bd0f2de6656829bed3d
control.bwz.f2clapack-f64.dlassq_.q00043.smt2	bwz	8e317aabbab686b307a79638551c77a17c9da408
control.bwz.f2clapack-f64.dgeqr2_.q00007.smt2	bwz	c6c5ec96b74e6e86727b11e92000293950b70ed7
control.bwz.f2clapack-f64.dsyr2k_.q00006.smt2	bwz	4d16cff7d658e7180f20ea122e356f1783a59278
control.bwz.f2clapack-f64.dgels_.q00093.smt2	bwz	82f4c712f6436771cb6d7cecd2bb4fe7c43a2a53
control.bwz.f2clapack-f64.dgeqr2_.q00025.smt2	bwz	8b1749e9df67cb873d31de56791e6ca707be6022
control.bwz.f2clapack-f64.dtrtrs_.q00003.smt2	bwz	c29959debdf05385483ab7051206eec01bdd1350
control.bwz.f2clapack-f64.dgels_.q00097.smt2	bwz	791203802dd5dc14e104ad448ef65bf79b065ac7
control.bwz.f2clapack-f64.dgels_.q00037.smt2	bwz	c7cc255bc3a0c2697c0699bb7c731981efb0b2b3
control.bwz.f2clapack-f64.dsyr2k_.q00011.smt2	bwz	c344b8a23a2bc78eabc950b3e7690e8bdaf1ee47
control.bwz.f2clapack-f64.dtrtrs_.q00001.smt2	bwz	ff00f9b8330f0dd81c6f87a77bdbe6f218601326
control.bwz.f2clapack-f64.dtrmm_.q00002.smt2	bwz	ff00f9b8330f0dd81c6f87a77bdbe6f218601326
control.bwz.f2clapack-f64.dlascl_.q00001.smt2	bwz	ff00f9b8330f0dd81c6f87a77bdbe6f218601326
control.bwz.f2clapack-f64.dlassq_.q00113.smt2	bwz	aa372b583dda762731543db51feb98d92bacac9a
control.bwz.f2clapack-f64.dlassq_.q00102.smt2	bwz	0618ae43d7a2429759d97999abaaa02fc81162bf
control.bwz.f2clapack-f64.dgeqr2_.q00002.smt2	bwz	d6b442b8d27bc1df63cacbf21edb60241aee7f5b
control.bwz.f2clapack-f64.dgels_.q00060.smt2	bwz	29f3bf45a4296648d8e4e92a11059241270d701e
control.bwz.f2clapack-f64.dtrtrs_.q00016.smt2	bwz	9fb460c565dbbf9838b028f8cd73755871496341
control.bwz.f2clapack-f64.dgels_.q00018.smt2	bwz	c7cc255bc3a0c2697c0699bb7c731981efb0b2b3
control.bwz.f2clapack-f64.dlassq_.q00090.smt2	bwz	369e439f7095e2a9b7fe705568d00b5dc9b2b823
control.bwz.f2clapack-f64.dgels_.q00043.smt2	bwz	ed7a80d5ee63b3dd14fedf36da7474ef7f571a26
control.bwz.f2clapack-f64.dlassq_.q00082.smt2	bwz	ea03fdf93d4eb90eb236f575fd1ff6e89fcc86fc
control.bwz.f2clapack-f64.dgels_.q00102.smt2	bwz	5d37d8955d3c60341ef356a9b559530e2aab82a7
control.bwz.f2clapack-f64.dgecon_.q00002.smt2	bwz	3f2525b223bd320880f54ffacf016599a76826be
control.bwz.f2clapack-f64.dnrm2_.q00029.smt2	bwz	8ef7d5e0fbd0e23b8b0aaf047d0e89b4b9980c45
control.bwz.f2clapack-f64.dgeqr2_.q00005.smt2	bwz	c9b1b5967eb97db880137bf374d60b7cb9905fb0
control.bwz.f2clapack.qgels_.q00094.smt2	bwz	1929adb975da447b193066f085a1c9a4d4357a55
control.bwz.f2clapack.qtrtrs_.q00018.smt2	bwz	836acff4f96f01ab09e617159b70f837a9aad109
control.bwz.f2clapack.qsyr2k_.q00020.smt2	bwz	f41f8616ad5f3d513a74da3b3dd762f7c083907a
control.bwz.f2clapack.qlassq_.q00135.smt2	bwz	86334dfce239da64e968746602c8e18707840ef0
control.bwz.f2clapack.qlassq_.q00033.smt2	bwz	b6a4bb5749e76c6ea61a756252e7d0e098477a68
control.bwz.f2clapack.qlassq_.q00048.smt2	bwz	66661a07742d353d8aafc8708ece350611d8977f
control.bwz.f2clapack.qgels_.q00148.smt2	bwz	0cd9fec8cf08ff78dbf88ebce4686aeaf67fcf41
control.bwz.f2clapack.qlassq_.q00076.smt2	bwz	771113dd3493022e8cfd0501fad53b45aa43d26d
control.bwz.f2clapack.qgels_.q00041.smt2	bwz	50cb097e04d5245322859791c43adbb4acf05559
control.bwz.f2clapack.qgeqrf_.q00071.smt2	bwz	eb4f2a8a1aa917b38a2852f5f8a4d07cef373c9e
control.bwz.f2clapack.qgeqrf_.q00055.smt2	bwz	c9bcc571c940f5b90458a8b919e6fb9fc4916195
control.bwz.f2clapack.qlassq_.q00116.smt2	bwz	cb39346d89a19094177cf4741d1128dd2f51c1f5
control.bwz.f2clapack.qgels_.q00050.smt2	bwz	4a93995675baa3e71f90d6f060a095e717fa400d
control.bwz.f2clapack.qsyr2k_.q00013.smt2	bwz	d8f5231c0ba521ffc3127b100d853fedcccad056
control.bwz.f2clapack.qlassq_.q00113.smt2	bwz	164c6ea211f121fae5014a75d0dd5608214bcb64
control.bwz.f2clapack.qgels_.q00129.smt2	bwz	d984760cab68adf3e6fc67183bd018a669bfed4e
control.bwz.f2clapack.qlassq_.q00020.smt2	bwz	752ccce48527364c281c1aa245d5cce19146aea5
control.bwz.f2clapack.qgels_.q00034.smt2	bwz	7221a65a1efbb090112814c8e66e716f0854fe60
control.bwz.f2clapack.qtrtrs_.q00003.smt2	bwz	44d0b0f886a6d3a544a68d30e3626b9049238c31
control.bwz.f2clapack.qgels_.q00152.smt2	bwz	8e6d12d9fc740c7c35aa4c79e79b1c2ec9c8a59b
control.bwz.f2clapack.qgels_.q00038.smt2	bwz	be8514587770f08eeb745bc2e180de77c00b79cf
control.bwz.f2clapack.qlassq_.q00017.smt2	bwz	17792784e53e4b2b31ee330e45a2128ce5ab3c85
control.bwz.f2clapack.qlassq_.q00129.smt2	bwz	65dc8b5cd38dd55b7a38b72539ec02e83921960e
control.bwz.f2clapack.qlassq_.q00040.smt2	bwz	5b6c6e603f6c3067100a5d85746489b0911db15b
control.bwz.f2clapack.qgels_.q00055.smt2	bwz	fa28b1c2b75b33eb11bd09a3d827e7db0ff73e7b
control.bwz.f2clapack.qlassq_.q00111.smt2	bwz	33dbf7613d69d59e621873aad81f385a69b35955
control.bwz.f2clapack.qsyrk_.q00002.smt2	bwz	16f575af690c15a909b109cc0f30794625c7d62a
control.bwz.f2clapack.qtrsm_.q00018.smt2	bwz	ff3158e7fd43cc41648722a95379f8f1f91f5280
control.bwz.f2clapack.qlassq_.q00127.smt2	bwz	473ee351c5ecf2201fac7fd4bec6cab28d5e5e7d
control.bwz.f2clapack.qgesv_.q00003.smt2	bwz	0202d350b345c42da9ae5382d9e29e5d75fa6aba
control.bwz.f2clapack.qgeqr2_.q00002.smt2	bwz	f41f8616ad5f3d513a74da3b3dd762f7c083907a
control.bwz.f2clapack.qsyr2k_.q00019.smt2	bwz	afb86f5bdc77260646130f1ed72060905fe026f6
control.bwz.f2clapack.qsyr2k_.q00029.smt2	bwz	b06c01ad02be9b180df2b7750826b3e844f862f0
control.bwz.f2clapack.qlassq_.q00109.smt2	bwz	3ef6245e09ed1e06947aaceead2cfdd9904e5cc2
control.bwz.f2clapack.qlassq_.q00094.smt2	bwz	03e60f4c691668d3d8c57c1ba37a9d1e5e049e10
control.bwz.f2clapack.qgels_.q00126.smt2	bwz	7f251d1437e5af627dc6989050dbd9704ebc06cb
control.bwz.f2clapack.qsyr2k_.q00034.smt2	bwz	518726154d04deb8164ff039698ee8cbdcbfe9c1
control.bwz.f2clapack.qnrm2_.q00039.smt2	bwz	1fc13e8713d256df91c6a9c66acd2915bb8bb000
control.bwz.f2clapack.qtrtrs_.q00016.smt2	bwz	0bbd031d3c469c2ddbba1d18c39cae4d6f1bbd89
control.bwz.f2clapack.qtrsm_.q00001.smt2	bwz	16f575af690c15a909b109cc0f30794625c7d62a
control.bwz.f2clapack.qnrm2_.q00034.smt2	bwz	39475fdc48a37ee08b14dd459116d9d92890cb5e
control.stp.fftwq.fftwq_plan_dft_2d.q.0019.smt2	stp	
control.stp.fftwq.fftwq_plan_dft.q.0633.smt2	stp	
control.stp.fftwq.fftwq_plan_many_dft_r2c.q.0613.smt2	stp	801699a91843b14b96594b7bd6ede2871c7f3966
control.stp.fftwq.fftwq_plan_many_dft_r2c.q.0260.smt2	stp	292f16919dd4b5c47b14b4233489d7eadf2a6fcc
control.stp.fftwq.fftwq_plan_many_dft.q.0670.smt2	stp	
control.stp.fftwq.fftwq_plan_dft_c2r_1d.q.0063.smt2	stp	
control.stp.cmsisdsp-f32.arm_fir_f32.q.1687.smt2	stp	184533c76e36396d20b8c2d5a5235a07cd09c771
control.stp.cmsisdsp-f32.arm_correlate_f32.q.0590.smt2	stp	6c054bc63cd572d057b84521dd65b161fc24452c
control.stp.cmsisdsp-f32.arm_fir_f32.q.1407.smt2	stp	3ea976c4da42e554096a333040c73f477c1df682
control.stp.cmsisdsp-f32.arm_correlate_f32.q.0495.smt2	stp	7cc1abc9791d638cb1062ae7c8c2c60f0f8dbfbc
control.stp.cmsisdsp-f32.arm_correlate_f32.q.1118.smt2	stp	3ea9d4f73bc5546389a631eaaa1794d58b1c2c9f
control.stp.cmsisdsp-f32.arm_fir_f32.q.3205.smt2	stp	3a81aeee6fd9d77be67336e938965be9a8753280
control.stp.cmsisdsp-f32.arm_fir_f32.q.4386.smt2	stp	71c554f2c9842b71f4d5ef7afe9ee0cf02d54d4f
control.stp.cmsisdsp-f32.arm_fir_f32.q.3668.smt2	stp	9018464f0ca345730940a73d6862ea01b81c23ae
control.stp.cmsisdsp-f32.arm_correlate_f32.q.2100.smt2	stp	9978eb0fcb031ec1626f1117930c892820d6d81f
control.stp.cmsisdsp-f32.arm_fir_f32.q.1695.smt2	stp	0fa978b193641ec08aa544808d6031390b2e3d09
control.bwz.fftw.fftw_plan_dft.q00393.smt2	bwz	388e3407c90bfda6f73199392b6468e5096efb36
control.bwz.fftw.fftw_plan_dft_r2c.q00272.smt2	bwz	3be19cec41c9f5d96c24aece543c9b9bfc917f15
control.bwz.fftw.fftw_plan_dft_c2r_2d.q00232.smt2	bwz	ce3d34cd7484f92c290838ffe5083150b6f52bde
control.bwz.fftw.fftw_plan_dft_r2c.q00414.smt2	bwz	06921dac7e9166a93659058a9f4e6964816bc430
control.bwz.fftw.fftw_plan_dft_r2c_2d.q00010.smt2	bwz	adcb725a6be47765b041967ff7e1d82031abc407
control.bwz.fftw.fftw_plan_dft_c2r_2d.q00125.smt2	bwz	8b84733b45a4a62f56e60e20395d72df01e0416e
control.bwz.fftw.fftw_plan_dft_r2c_3d.q00162.smt2	bwz	d387563e9c67a00761fb5427b7e603a583480631
control.bwz.fftw.fftw_plan_dft_c2r.q00475.smt2	bwz	
control.bwz.fftw.fftw_plan_dft_r2c_3d.q00015.smt2	bwz	768c0cf7ef48983bda42f50f4e73afda8906a002
control.bwz.fftw.fftw_plan_dft_c2r_2d.q00020.smt2	bwz	adcb725a6be47765b041967ff7e1d82031abc407
control.bwz.fftw.fftw_plan_dft.q00274.smt2	bwz	a8c14479babdc68961bcde82bec9a90e4981a1a4
control.bwz.fftw.fftw_plan_dft_c2r.q00269.smt2	bwz	4a1f4d410520ba3eed3b845e1e6a206dc5be537d
control.bwz.fftw.fftw_plan_many_dft.q00137.smt2	bwz	
control.bwz.fftw.fftw_plan_dft_r2c_2d.q00312.smt2	bwz	fb624cc0c54a87be3d7fd89f6c4806e2bd03173b
control.bwz.fftw.fftw_plan_dft_c2r.q00184.smt2	bwz	9be433f8cc51e082baabff097aa56d41f9ed0b30
control.bwz.fftw.fftw_plan_many_dft_r2c.q00173.smt2	bwz	d0ff9436756489b76bb9a11c97e18eb5594ecdcd
control.stp.fftwq.fftwq_plan_many_dft_r2c.q.0333.smt2	stp	b39835b800fe7595aae6b49b698ca52b799e51f3
control.stp.fftwq.fftwq_plan_dft_c2r_2d.q.0205.smt2	stp	
control.stp.fftwq.fftwq_plan_dft_3d.q.0081.smt2	stp	
control.stp.fftwq.fftwq_plan_dft_c2r.q.0548.smt2	stp	
control.stp.fftwq.fftwq_plan_dft_2d.q.0021.smt2	stp	
control.stp.fftwq.fftwq_plan_dft_r2c_3d.q.0521.smt2	stp	
control.stp.fftwq.fftwq_plan_many_dft_r2c.q.0600.smt2	stp	ab856e8527e4bc0ae93ad784b869885f0466d126
control.stp.fftwq.fftwq_plan_dft.q.0684.smt2	stp	3e86d3abd78f6b713b30553a196d524cbf2274e2
control.stp.fftwq.fftwq_plan_many_dft_r2c.q.0342.smt2	stp	f2c2c8f1873f2a9cab9cdcd9f7d9a37d1dd84509
control.stp.fftwq.fftwq_plan_many_dft_r2c.q.0583.smt2	stp	c18fbb18f47fc16a1ce8615e3eee5dd64be5178f
control.stp.fftwq.fftwq_plan_dft.q.0787.smt2	stp	c131663a1a31bf094d7de7f3fecffd54ba86a311
control.stp.fftwq.fftwq_plan_dft.q.0712.smt2	stp	9754f4fea85ea1f7aec5df4bcfb680bf91688a72
control.stp.fftwq.fftwq_plan_dft_r2c_2d.q.0508.smt2	stp	
control.stp.fftwq.fftwq_plan_dft.q.0723.smt2	stp	eac7bea83d7a8fcb1ff114e2e3b385b3330cae4d
control.stp.fftwq.fftwq_plan_dft_c2r_2d.q.0511.smt2	stp	
control.stp.fftwq.fftwq_plan_dft.q.0569.smt2	stp	09411dd7a3d96e6eb2dee5eb5e523b17fcb5cd1c
abstractable.bwz.sundials-f128.SUNLinSolSetup.q00037.smt2	bwz	
abstractable.bwz.sundials-f128.SUNLinSolSetup.q00036.smt2	bwz	
abstractable.bwz.sundials-f128.SUNLinSolSetup.q00035.smt2	bwz	
abstractable.bwz.sundials-f128.SUNLinSolSetup.q00034.smt2	bwz	
abstractable.bwz.sundials-f128.SUNLinSolSetup.q00033.smt2	bwz	
abstractable.bwz.sundials-f128.SUNLinSolSetup.q00032.smt2	bwz	
abstractable.bwz.sundials-f128.SUNLinSolSetup.q00031.smt2	bwz	
abstractable.bwz.sundials-f128.SUNLinSolSetup.q00030.smt2	bwz	
abstractable.bwz.sundials-f128.SUNLinSolSetup.q00029.smt2	bwz	
abstractable.bwz.sundials-f128.SUNLinSolSetup.q00028.smt2	bwz	
abstractable.bwz.sundials-f128.SUNLinSolSetup.q00027.smt2	bwz	
abstractable.bwz.sundials-f128.SUNLinSolSetup.q00026.smt2	bwz	
abstractable.bwz.sundials-f128.SUNLinSolSetup.q00025.smt2	bwz	
abstractable.bwz.sundials-f128.SUNLinSolSetup.q00024.smt2	bwz	
abstractable.bwz.f2clapack.qlascl_.q00021.smt2	bwz	9f65e6ca50fa284b4aac5fdcd9528df0d6dc8b56
abstractable.bwz.f2clapack.qlascl_.q00020.smt2	bwz	30f088bee0ad1c2f2784c2ad7f276485d215b5f0
abstractable.bwz.f2clapack-f64.dgels_.q00230.smt2	bwz	1cb50ead20a46a020505fad447c71602f6630e26
abstractable.bwz.f2clapack-f64.dgels_.q00207.smt2	bwz	d06dcee31c0641178f8b5f9823644bdc71af719a
abstractable.bwz.f2clapack-f64.dgels_.q00176.smt2	bwz	e211e610c3df9f7bd8a5d3db9dd5dc8dd1de6462
abstractable.bwz.f2clapack-f64.dgels_.q00186.smt2	bwz	0072cefeedc6167920f91f0e163e0df9bd623d93
abstractable.bwz.f2clapack-f64.dgels_.q00196.smt2	bwz	6348434e372aa9babe52dcfe3591f5f1b1308ac8
abstractable.bwz.f2clapack-f64.dgels_.q00073.smt2	bwz	2b0d38fe15fa14f56f545b24242a7f0c13800cca
abstractable.bwz.f2clapack-f64.dgels_.q00074.smt2	bwz	6ce0a0e3565518648f98226b4caeae0efd79ae0a
abstractable.bwz.sundials.SUNLinSolSetup_Dense.q00037.smt2	bwz	
abstractable.bwz.sundials.SUNLinSolSetup_Dense.q00036.smt2	bwz	
abstractable.bwz.sundials.SUNLinSolSetup_Dense.q00035.smt2	bwz	
abstractable.bwz.sundials.SUNLinSolSetup_Dense.q00034.smt2	bwz	
abstractable.bwz.sundials.SUNLinSolSetup_Dense.q00033.smt2	bwz	
abstractable.bwz.sundials.SUNLinSolSetup_Dense.q00032.smt2	bwz	
abstractable.bwz.sundials.SUNLinSolSetup_Dense.q00031.smt2	bwz	
abstractable.bwz.sundials.SUNLinSolSetup_Dense.q00030.smt2	bwz	
abstractable.bwz.sundials.SUNLinSolSetup_Dense.q00029.smt2	bwz	
control.stp.fftwq.fftwq_plan_many_dft_r2c.q.0611.smt2	stp	57117d91495f7975c514af62b79412cfb203d330
control.stp.fftwq.fftwq_plan_dft_r2c_2d.q.0488.smt2	stp	
control.stp.fftwq.fftwq_plan_many_dft_r2c.q.0580.smt2	stp	1e8632ce25e215f2a0fc358eeb11a8ad018db66b
control.stp.fftwq.fftwq_plan_dft_c2r_2d.q.0490.smt2	stp	
control.stp.fftwq.fftwq_plan_many_dft_r2c.q.0214.smt2	stp	a9690313c3cdafa42ea2a1cb34860843fbc0afc0
control.stp.fftwq.fftwq_plan_many_dft_r2c.q.0237.smt2	stp	277d7a6c3b2fa52987ba2157e958ec8f2ce08e33
control.stp.fftwq.fftwq_plan_dft_r2c_2d.q.0504.smt2	stp	
control.stp.fftwq.fftwq_plan_dft_c2r_2d.q.0454.smt2	stp	
control.stp.fftwq.fftwq_plan_many_dft_r2c.q.0486.smt2	stp	a4931b164d4c932e29ac885598857ffbf4108c83
control.stp.fftwq.fftwq_plan_dft.q.0598.smt2	stp	2b93d53b672b1716041b42277170f5f54c85b3f9
control.stp.fftwq.fftwq_plan_many_dft.q.0693.smt2	stp	3b8ff8535d4d104688f3709ba080a6ffb5f57029
control.stp.fftwq.fftwq_plan_dft_r2c_2d.q.0085.smt2	stp	
control.stp.fftwq.fftwq_plan_dft_c2r_3d.q.0477.smt2	stp	
control.stp.fftwq.fftwq_plan_dft_c2r_2d.q.0478.smt2	stp	
control.stp.fftwq.fftwq_plan_many_dft.q.0690.smt2	stp	2ed62cd4db62a8b720a5a786c96c53a47ed789a7
control.stp.fftwq.fftwq_plan_many_dft.q.0699.smt2	stp	
abstractable.stp.sundials-f16.SUNLinSolSetup_Dense.q.0059.smt2	stp	
abstractable.stp.sundials-f16.SUNLinSolSetup_Dense.q.0058.smt2	stp	
abstractable.stp.sundials-f16.SUNLinSolSetup_Dense.q.0060.smt2	stp	
abstractable.stp.sundials-f16.SUNLinSolSetup_Dense.q.0053.smt2	stp	
abstractable.stp.sundials-f16.SUNLinSolSetup_Dense.q.0062.smt2	stp	
abstractable.stp.sundials-f16.SUNLinSolSetup_Dense.q.0064.smt2	stp	
abstractable.stp.sundials-f16.SUNLinSolSetup_Dense.q.0064.smt2	stp	
abstractable.stp.sundials-f16.SUNLinSolSetup_Dense.q.0067.smt2	stp	
abstractable.stp.sundials-f16.SUNLinSolSetup_Dense.q.0067.smt2	stp	
abstractable.stp.sundials-f16.SUNLinSolSetup_Dense.q.0069.smt2	stp	
abstractable.stp.sundials-f16.SUNLinSolSetup_Dense.q.0073.smt2	stp	
abstractable.stp.sundials-f16.SUNLinSolSetup_Dense.q.0075.smt2	stp	
abstractable.stp.sundials-f16.SUNLinSolSetup_Dense.q.0082.smt2	stp	
abstractable.stp.sundials-f16.SUNLinSolSetup_Dense.q.0076.smt2	stp	
abstractable.stp.sundials-f16.SUNLinSolSetup_Dense.q.0077.smt2	stp	
abstractable.stp.sundials-f16.SUNLinSolSetup_Dense.q.0072.smt2	stp	
abstractable.stp.sundials-f16.SUNLinSolSetup_Dense.q.0086.smt2	stp	
abstractable.stp.sundials-f16.SUNLinSolSetup_Dense.q.0087.smt2	stp	
abstractable.stp.sundials.SUNLinSolSetup_Dense.q.0033.smt2	stp	
abstractable.stp.sundials.SUNLinSolSetup_Dense.q.0025.smt2	stp	
abstractable.stp.sundials.SUNLinSolSetup_Dense.q.0035.smt2	stp	
abstractable.stp.sundials.SUNLinSolSetup_Dense.q.0036.smt2	stp	
abstractable.stp.sundials.SUNLinSolSetup_Dense.q.0037.smt2	stp	
abstractable.stp.sundials.SUNLinSolSetup_Dense.q.0028.smt2	stp	
abstractable.stp.sundials.SUNLinSolSetup_Dense.q.0038.smt2	stp	
abstractable.stp.sundials.SUNLinSolSetup_Dense.q.0029.smt2	stp	
abstractable.stp.sundials.SUNLinSolSetup_Dense.q.0041.smt2	stp	
abstractable.stp.sundials.SUNLinSolSetup_Dense.q.0047.smt2	stp	
abstractable.stp.sundials.SUNLinSolSetup_Dense.q.0045.smt2	stp	
abstractable.stp.sundials.SUNLinSolSetup_Dense.q.0044.smt2	stp	
abstractable.stp.sundials.SUNLinSolSetup_Dense.q.0043.smt2	stp	
abstractable.stp.sundials.SUNLinSolSetup_Dense.q.0040.smt2	stp	
abstractable.bwz.sundials-f16.SUNLinSolSetup_Dense.q00039.smt2	bwz	
abstractable.bwz.sundials-f16.SUNLinSolSetup_Dense.q00040.smt2	bwz	
abstractable.bwz.sundials-f16.SUNLinSolSetup_Dense.q00041.smt2	bwz	
abstractable.bwz.sundials-f16.SUNLinSolSetup_Dense.q00042.smt2	bwz	
abstractable.bwz.sundials-f16.SUNLinSolSetup_Dense.q00043.smt2	bwz	
abstractable.bwz.sundials-f16.SUNLinSolSetup_Dense.q00044.smt2	bwz	
abstractable.bwz.sundials-f16.SUNLinSolSetup_Dense.q00045.smt2	bwz	
abstractable.bwz.sundials-f16.SUNLinSolSetup_Dense.q00046.smt2	bwz	
abstractable.bwz.sundials-f16.SUNLinSolSetup_Dense.q00047.smt2	bwz	
abstractable.bwz.sundials-f16.SUNLinSolSetup_Dense.q00048.smt2	bwz	
abstractable.bwz.sundials-f16.SUNLinSolSetup_Dense.q00049.smt2	bwz	
abstractable.bwz.sundials.N_VWL2Norm.q00001.smt2	bwz	5122dabe45e22d031b4a67df2e578b97d3fc86c1
abstractable.bwz.sundials.N_VConstrMask_Serial.q00056.smt2	bwz	a69a972b967268c8de970f5daf9cb98b158cb542
abstractable.bwz.sundials.N_VConstrMask_Serial.q00057.smt2	bwz	a69a972b967268c8de970f5daf9cb98b158cb542
abstractable.bwz.sundials.N_VConstrMask_Serial.q00051.smt2	bwz	5323b9411ff61b397404b06752196b419db74e40
abstractable.bwz.sundials.N_VConstrMask_Serial.q00041.smt2	bwz	e582b9a3218a9f04e85ee8c5ad00a2cf7342298d
control.bwz.fftwq.fftwq_plan_dft_c2r_3d.q00415.smt2	bwz	d8830363fa787eb7f2dcedb6ab061109585af1dd
control.bwz.fftwq.fftwq_plan_dft_c2r.q00499.smt2	bwz	
control.bwz.fftwq.fftwq_plan_many_dft_c2r.q00566.smt2	bwz	
control.bwz.fftwq.fftwq_plan_many_dft_r2c.q00285.smt2	bwz	a6765c8d9dabc5711f6c76582ceeb58c7230ba0f
control.bwz.fftwq.fftwq_plan_dft_c2r_3d.q00375.smt2	bwz	33c5ba319eb4c1ff0d857c2daf1183db06e8fcb2
control.bwz.fftwq.fftwq_plan_many_dft_c2r.q00177.smt2	bwz	9b61c5b8884fc2ad93a92d18934bbb1e4f92f0f2
control.bwz.fftwq.fftwq_plan_many_dft_r2c.q00294.smt2	bwz	f3590f2b54d31a4d075bf2c14268fd564aaf2b03
control.bwz.fftwq.fftwq_plan_dft.q00090.smt2	bwz	
control.bwz.fftwq.fftwq_plan_dft.q00488.smt2	bwz	
control.bwz.fftwq.fftwq_plan_dft_r2c_3d.q00050.smt2	bwz	
control.bwz.fftwq.fftwq_plan_dft_c2r_3d.q00394.smt2	bwz	476e7b024c7dfdc10a848bd9977d9929c9472a2c
control.bwz.fftwq.fftwq_plan_many_dft_c2r.q00238.smt2	bwz	84aee4956b00668e1967ff33188f275bb2e04cd7
control.bwz.fftwq.fftwq_plan_many_dft_r2c.q00283.smt2	bwz	efe892dbb5847d60dfbd6c7d9f96a8c8490e4979
control.bwz.fftwq.fftwq_plan_many_dft_c2r.q00156.smt2	bwz	1e7b5705a21d76c5933b43fff7159593cc9751bb
control.bwz.fftwq.fftwq_plan_many_dft_r2c.q00573.smt2	bwz	
control.bwz.fftwq.fftwq_plan_many_dft_c2r.q00353.smt2	bwz	12dbef6fa19c2fde7c275a9b0866d2b338ced922
abstractable.stp.f2clapack-f64.dgels_.q.0179.smt2	stp	d5ee2614377838c2ed26d504d8f94fa7c2116906
abstractable.stp.f2clapack-f64.dgels_.q.0119.smt2	stp	964bdb466a63874e54e4283e0513b77f756dbbee
abstractable.stp.f2clapack-f64.dgels_.q.0186.smt2	stp	d8b14668c3f69bf902a333c8185eaec9b9f4ad7c
abstractable.stp.f2clapack-f64.dgels_.q.0166.smt2	stp	f0fc9ff88379e61c90f1e60ed43f945572ce394c
abstractable.stp.f2clapack-f64.dgels_.q.0164.smt2	stp	1ea55909b7ffb70ea4da3275eea56a5414477db9
abstractable.stp.f2clapack-f64.dgels_.q.0201.smt2	stp	8cf10fe5d06ec0cc7a43bb8443bf29004f4b95eb
abstractable.stp.f2clapack-f64.dgels_.q.0068.smt2	stp	0752ccd7bfb40983995a27493d36421c936c653b
abstractable.stp.f2clapack-f64.dgels_.q.0202.smt2	stp	fc10586ce9f0762c33dfddaffc6fe8ac4e29d3d1
abstractable.stp.f2clapack-f64.dgels_.q.0075.smt2	stp	fa038bb640df249b2e40a4d786ee81beb915dcad
abstractable.stp.f2clapack-f64.dgesv_.q.0006.smt2	stp	f73a0bf4dd0a3b205153d31863e49201ff78577a
abstractable.stp.f2clapack-f64.dgesv_.q.0009.smt2	stp	22d57b565d0c80e161512a710b1ce3c924685c18
abstractable.stp.f2clapack-f64.dgesv_.q.0016.smt2	stp	75f3fb7ea09d6f68c19ba3410c2d5112f87edb1a
abstractable.stp.f2clapack-f64.dgesv_.q.0081.smt2	stp	c7da40db9f7d1a933f6a63bf60af0a67eba1e5d5
abstractable.stp.f2clapack-f64.dgesv_.q.0076.smt2	stp	fd5fa3770d44cf06433211f1d14e1aac7b8d2e66
abstractable.stp.f2clapack-f64.dgesv_.q.0038.smt2	stp	ee80071973226987339fe44c316dd285850f8956
abstractable.stp.f2clapack-f64.dgesv_.q.0079.smt2	stp	cd1b36093787dcd7539dfd1793cc8b0bc494bcc7
abstractable.bwz.cmsisdsp.arm_cmplx_mag_f16.q00004.smt2	bwz	91922c1bc041e55e07e304c3fec1df7fc8662b43
abstractable.bwz.cmsisdsp.arm_cmplx_mag_f16.q00003.smt2	bwz	790075bb89dd84a1041acdd0b60a4d81360275cf
abstractable.bwz.sundials-f16.SUNLinSolSetup_Dense.q00024.smt2	bwz	
abstractable.bwz.sundials-f16.SUNLinSolSetup_Dense.q00025.smt2	bwz	
abstractable.bwz.sundials-f16.SUNLinSolSetup_Dense.q00026.smt2	bwz	
abstractable.bwz.sundials-f16.SUNLinSolSetup_Dense.q00027.smt2	bwz	
abstractable.bwz.sundials-f16.SUNLinSolSetup_Dense.q00028.smt2	bwz	
abstractable.bwz.sundials-f16.SUNLinSolSetup_Dense.q00029.smt2	bwz	
abstractable.bwz.sundials-f16.SUNLinSolSetup_Dense.q00030.smt2	bwz	
abstractable.bwz.sundials-f16.SUNLinSolSetup_Dense.q00031.smt2	bwz	
abstractable.bwz.sundials-f16.SUNLinSolSetup_Dense.q00032.smt2	bwz	
abstractable.bwz.sundials-f16.SUNLinSolSetup_Dense.q00037.smt2	bwz	
abstractable.bwz.sundials-f16.SUNLinSolSetup_Dense.q00036.smt2	bwz	
abstractable.bwz.sundials-f16.SUNLinSolSetup_Dense.q00035.smt2	bwz	
abstractable.bwz.sundials-f16.SUNLinSolSetup_Dense.q00034.smt2	bwz	
abstractable.bwz.sundials-f16.SUNLinSolSetup_Dense.q00038.smt2	bwz	
control.bwz.fftwq.fftwq_plan_many_dft_c2r.q00174.smt2	bwz	4a146ce73501ef0758555b64cd7ff519eff3664b
control.bwz.fftwq.fftwq_plan_many_dft_c2r.q00230.smt2	bwz	3871c87c9d7a7a5b155083ecc8e24ffb3bee92df
control.bwz.fftwq.fftwq_plan_dft_r2c_2d.q00146.smt2	bwz	
control.bwz.fftwq.fftwq_plan_many_dft_r2c.q00449.smt2	bwz	
control.bwz.fftwq.fftwq_plan_many_dft_c2r.q00255.smt2	bwz	
control.bwz.fftwq.fftwq_plan_dft_r2c_2d.q00430.smt2	bwz	
control.bwz.fftwq.fftwq_plan_dft_r2c_1d.q00065.smt2	bwz	
control.bwz.fftwq.fftwq_plan_many_dft_r2c.q00504.smt2	bwz	
control.bwz.fftwq.fftwq_plan_many_dft_c2r.q00121.smt2	bwz	5ffd564c1ea31e25c3c3f4650cd1e0326ab2e740
control.bwz.fftwq.fftwq_plan_dft.q00118.smt2	bwz	
control.bwz.fftwq.fftwq_plan_dft_c2r_3d.q00413.smt2	bwz	9a8cab8e8039fc3ba84ec26c0ede4b248d450da0
control.bwz.fftwq.fftwq_plan_dft_r2c_2d.q00207.smt2	bwz	
control.bwz.fftwq.fftwq_plan_many_dft_c2r.q00342.smt2	bwz	0355e32027a40ad2b74875586c98d3d163b092a5
control.bwz.cmsisdsp-f32.arm_correlate_f32.q01078.smt2	bwz	66a6ea7277322875d44268d00a63d805e74f4e08
control.bwz.cmsisdsp-f32.arm_fir_f32.q03713.smt2	bwz	7d310a338f4c16b1a303ff9bec2732a39b85ed27
control.bwz.cmsisdsp-f32.arm_fir_f32.q02183.smt2	bwz	82712b23d46202872af5bedc0a3908f4ca76aefd
control.bwz.fftw.fftw_plan_dft_r2c_2d.q00368.smt2	bwz	ed05ed9c6c26be2cbade76cd2ebb9b306fcbccdc
control.bwz.fftw.fftw_plan_dft_c2r_2d.q00392.smt2	bwz	589702c2fb559df759e8cfc25ae5bfdc78934e73
control.bwz.fftw.fftw_plan_many_dft.q00142.smt2	bwz	
control.bwz.fftw.fftw_plan_dft_c2r_3d.q00061.smt2	bwz	d3df0cad5232b051be15c80705de737b1ccf3cb3
control.bwz.fftwq.fftwq_plan_dft_c2r_2d.q00343.smt2	bwz	e8c9f3c0deb800d38156994d1f3093ef33239077
control.bwz.fftwq.fftwq_plan_many_dft_r2c.q00482.smt2	bwz	
control.bwz.fftwq.fftwq_plan_dft_r2c_1d.q00049.smt2	bwz	
control.bwz.fftwq.fftwq_plan_dft_r2c_1d.q00006.smt2	bwz	
control.bwz.fftwq.fftwq_plan_many_dft_c2r.q00258.smt2	bwz	
control.bwz.fftwq.fftwq_plan_dft_r2c_2d.q00418.smt2	bwz	f6d5a1f564e644ff4444356b4632bfba98904279
control.bwz.fftwq.fftwq_plan_dft_c2r_3d.q00260.smt2	bwz	3595d7dee99011387d03d9a85db9bfd42d90e42c
control.bwz.fftwq.fftwq_plan_dft_c2r_3d.q00360.smt2	bwz	
control.bwz.fftwq.fftwq_plan_dft.q00336.smt2	bwz	
control.bwz.fftwq.fftwq_plan_many_dft_c2r.q00115.smt2	bwz	c207d8b3504f80491b9b9dafa17055f2cbc56f8d
control.bwz.fftwq.fftwq_plan_many_dft_c2r.q00263.smt2	bwz	
control.bwz.fftwq.fftwq_plan_dft_2d.q00083.smt2	bwz	
control.bwz.fftw.fftw_plan_many_dft.q00380.smt2	bwz	c5a2f6c3f50e52d7bd417e649ce2edb3a59c2232
control.bwz.fftw.fftw_plan_dft_c2r.q00540.smt2	bwz	
control.bwz.fftw.fftw_plan_dft_1d.q00069.smt2	bwz	
control.bwz.fftw.fftw_plan_dft_r2c_3d.q00114.smt2	bwz	d399fde06e5e3c75be77e4718be3b009aa58fd33
control.bwz.fftw.fftw_plan_many_dft_r2c.q00448.smt2	bwz	
control.bwz.fftw.fftw_plan_dft_c2r.q00160.smt2	bwz	
control.bwz.fftw.fftw_plan_dft_c2r.q00497.smt2	bwz	
control.bwz.fftw.fftw_plan_dft_r2c_2d.q00191.smt2	bwz	2ca5bf4b58e242ff1e964d5f8c39a3783395aa23
control.bwz.fftw.fftw_plan_many_dft.q00337.smt2	bwz	21ab8eebc69b8136905878f9d2671bf25761c95e
control.bwz.fftw.fftw_plan_dft_r2c.q00171.smt2	bwz	
control.bwz.fftw.fftw_plan_dft_c2r.q00330.smt2	bwz	
control.bwz.fftw.fftw_plan_many_dft_r2c.q00161.smt2	bwz	96be94af89001e783019d9add2415115a52e37f3
control.bwz.fftw.fftw_plan_dft_c2r_2d.q00251.smt2	bwz	e7802a5ddfd8d2be9eb31aa26cd87be379f49dca
control.bwz.fftw.fftw_plan_dft_r2c_3d.q00074.smt2	bwz	899f3d754cfaed34d2e9430ea11914d6fb0117b4
control.bwz.fftw.fftw_plan_dft_c2r_2d.q00419.smt2	bwz	0997db42af1ea86d2393685819f26edebabd890e
control.bwz.fftw.fftw_plan_dft.q00378.smt2	bwz	4f579221ad18ac5603b96054998d4dc5ff4b42e4
abstractable.stp.f2clapack-f64.dgetrf_.q.0082.smt2	stp	8e07132056563bee25eb0dc49f3d10910b6f26d5
abstractable.stp.f2clapack-f64.dgetrf_.q.0089.smt2	stp	718c91a6cdcca7b83ca805cc138aabae7d99579b
abstractable.stp.f2clapack-f64.dgetrf_.q.0019.smt2	stp	139b73169e95c6c0aa02dee766e7d0c78cc9f5f1
abstractable.stp.f2clapack-f64.dgetrf_.q.0017.smt2	stp	c222ba011f5aacd76ae27329cd2af4868edbd469
abstractable.stp.f2clapack-f64.dgetrf_.q.0058.smt2	stp	
abstractable.stp.f2clapack-f64.dgetrf_.q.0100.smt2	stp	e52cb9ef80ee0ccfcb90b28d46466a3377bea9ab
abstractable.stp.f2clapack-f64.dgetrf_.q.0029.smt2	stp	b0d08a500418c1b0f2c266d8b56e9bceb66443d5
abstractable.stp.f2clapack-f64.dgetrf_.q.0113.smt2	stp	07940ff8c9a8d461757928721fd7903b5d1e98e4
abstractable.stp.f2clapack-f64.dgetrf_.q.0026.smt2	stp	d3e28efff6199047c23b7662518f89a5ed0a9a9e
abstractable.stp.f2clapack-f64.dgetrf_.q.0095.smt2	stp	2bee395c75a5a1d20aea1a78ee50c3acc635ccf5
abstractable.stp.f2clapack-f64.dgetrf_.q.0023.smt2	stp	32febf1927c5d68a5392fcde3e3b5f2bed14c7dc
abstractable.stp.f2clapack-f64.dgetrf_.q.0102.smt2	stp	e0eee010875b8fa4579c007803546804b41d92a1
abstractable.stp.f2clapack-f64.dgetrf_.q.0051.smt2	stp	e0973c840502d3dfb88dfa91e45e7f097328bf65
abstractable.stp.f2clapack-f64.dgetrf_.q.0068.smt2	stp	
abstractable.stp.f2clapack-f64.dgetrf_.q.0061.smt2	stp	
abstractable.stp.f2clapack-f64.dgetrf_.q.0064.smt2	stp	
abstractable.bwz.f2clapack-f32.sgetf2_.q00082.smt2	bwz	6a6d9134b7f5e1fb33cffce98bff729e380320d9
abstractable.bwz.f2clapack-f32.sgetf2_.q00050.smt2	bwz	df025aac5c8c3c1b2b3f1c50c4138e9908851f33
abstractable.bwz.f2clapack-f32.sgetf2_.q00102.smt2	bwz	cb82b681401fafd2ba16411943e918d4d057bbb9
abstractable.bwz.f2clapack-f32.sgetf2_.q00155.smt2	bwz	a60957fe0b20806d02e106205a0cbda837eb2f6c
abstractable.bwz.f2clapack-f32.sgetf2_.q00159.smt2	bwz	a93bf598e4a965b17424f4dc1bb9eab9d284956d
abstractable.bwz.f2clapack-f32.sgetf2_.q00139.smt2	bwz	dd6c00994bf9cf5f72e347a04c0b7e8d8c232784
abstractable.bwz.f2clapack-f32.sgetf2_.q00142.smt2	bwz	1c38dfb06fd2fce127faa3f95e9fbcb71941a96e
abstractable.bwz.f2clapack-f32.sgetf2_.q00163.smt2	bwz	5bbde72e1d6d42f3bcd7621ab9583420a9bc9335
abstractable.bwz.f2clapack-f32.sgeqr2_.q00048.smt2	bwz	75f2bad4fb4fdd9df1fd2b8d2e1dfb19877b4510
abstractable.bwz.f2clapack-f32.sgeqr2_.q00085.smt2	bwz	052788215f0fc0599658e5fc69dd10a7387d8556
abstractable.bwz.f2clapack-f32.sgeqr2_.q00154.smt2	bwz	661a626c83a60dfeb044d17ac627bdcac6077c84
abstractable.bwz.f2clapack-f32.sgeqr2_.q00015.smt2	bwz	5609f6127e7afe3a757a1ecf09fef7b56643544c
abstractable.bwz.f2clapack-f32.sgeqr2_.q00087.smt2	bwz	3e0fcad3b562605088b7d43e9564c0a460d55a37
abstractable.bwz.f2clapack-f32.sgeqr2_.q00070.smt2	bwz	dbda59433b09efa7eaa958e36ce0550e4e36ae13
abstractable.bwz.f2clapack-f32.sgeqr2_.q00017.smt2	bwz	cd96fae1210d2ca46d8d9e67d393019f50832043
abstractable.bwz.f2clapack-f32.sgeqr2_.q00177.smt2	bwz	6e449a8eef92156103e67a41654f37ce58be9c50
abstractable.stp.f2clapack-f16.hgetrf_.q.0027.smt2	stp	6491fbd3bc40bb8f42e28b4a060b2d30705bae3f
abstractable.stp.f2clapack-f16.hgetrf_.q.0032.smt2	stp	8a858addc4d8487424200a66efcb3ac04a79a2fc
abstractable.stp.f2clapack-f16.hgetrf_.q.0186.smt2	stp	fd0e4d49f39a90ae358fe73a52c9003baf7fd4ee
abstractable.stp.f2clapack-f16.hgetrf_.q.0243.smt2	stp	f41aa24d6afbf4d2163b89b51930fca47f9a4bdd
abstractable.stp.f2clapack-f16.hgetrf_.q.0313.smt2	stp	56589fb3d764c04de33823910ed249b147a5621d
abstractable.stp.f2clapack-f16.hgetrf_.q.0525.smt2	stp	dcd5603e073bf815992ed8c44e870d09a6fc38db
abstractable.stp.f2clapack-f16.hgetrf_.q.0166.smt2	stp	f503d548730dd4bd4c3414688577b7aad3a56aec
abstractable.stp.f2clapack-f16.hgetrf_.q.0534.smt2	stp	f65f6b1b580cb7a4c023efd98ec4d74adba00375
abstractable.stp.f2clapack-f16.hgetrf_.q.0427.smt2	stp	50d619837a433f88937fdc71b8ab94183a6369d7
abstractable.stp.f2clapack-f16.hgetrf_.q.0333.smt2	stp	b4a006d53d61486ce7d25397a09a80294af2c3da
