file	library	driver	bytes	widths	maxwidth	asserts	mul	div	sqrt	fma	add	sub	to_sbv	to_ubv	rem	roundToIntegral
cuba.Cuhre.Cuhre.smt2	cuba	Cuhre	54074	128	128	2	110	0	0	302	0	0	0	0	0	0
cuba.Cuhre.Cuhre__00001__Cuhre.smt2	cuba	Cuhre	54043	128	128	1	110	0	0	302	0	0	0	0	0	0
cuba.Divonne.Divonne.smt2	cuba	Divonne	126205	128	128	185	293	1	0	0	24	0	0	0	0	0
cuba.Divonne.Divonne__00002__Divonne.smt2	cuba	Divonne	1105	128	128	2	2	0	0	0	0	0	0	0	0	0
cuba.Divonne.Divonne__00003__Divonne.smt2	cuba	Divonne	1948	128	128	3	4	0	0	0	0	0	0	0	0	0
cuba.Divonne.Divonne__00004__Divonne.smt2	cuba	Divonne	1949	128	128	3	4	0	0	0	0	0	0	0	0	0
cuba.Divonne.Divonne__00005__Divonne.smt2	cuba	Divonne	1947	128	128	3	4	0	0	0	0	0	0	0	0	0
cuba.Divonne.Divonne__00006__Divonne.smt2	cuba	Divonne	1948	128	128	3	4	0	0	0	0	0	0	0	0	0
cuba.Divonne.Divonne__00007__Divonne.smt2	cuba	Divonne	1948	128	128	3	4	0	0	0	0	0	0	0	0	0
cuba.Divonne.Divonne__00008__Divonne.smt2	cuba	Divonne	1949	128	128	3	4	0	0	0	0	0	0	0	0	0
cuba.Divonne.Divonne__00009__Divonne.smt2	cuba	Divonne	1948	128	128	3	4	0	0	0	0	0	0	0	0	0
cuba.Divonne.Divonne__00010__Divonne.smt2	cuba	Divonne	1949	128	128	3	4	0	0	0	0	0	0	0	0	0
cuba.Divonne.Divonne__00011__Divonne.smt2	cuba	Divonne	1947	128	128	3	4	0	0	0	0	0	0	0	0	0
cuba.Divonne.Divonne__00012__Divonne.smt2	cuba	Divonne	1948	128	128	3	4	0	0	0	0	0	0	0	0	0
cuba.Divonne.Divonne__00013__Divonne.smt2	cuba	Divonne	1948	128	128	3	4	0	0	0	0	0	0	0	0	0
cuba.Divonne.Divonne__00014__Divonne.smt2	cuba	Divonne	1949	128	128	3	4	0	0	0	0	0	0	0	0	0
cuba.Divonne.Divonne__00015__Divonne.smt2	cuba	Divonne	1948	128	128	3	4	0	0	0	0	0	0	0	0	0
cuba.Divonne.Divonne__00016__Divonne.smt2	cuba	Divonne	1949	128	128	3	4	0	0	0	0	0	0	0	0	0
cuba.Divonne.Divonne__00017__Divonne.smt2	cuba	Divonne	1947	128	128	3	4	0	0	0	0	0	0	0	0	0
cuba.Divonne.Divonne__00018__Divonne.smt2	cuba	Divonne	1948	128	128	3	4	0	0	0	0	0	0	0	0	0
cuba.Divonne.Divonne__00019__Divonne.smt2	cuba	Divonne	1948	128	128	3	4	0	0	0	0	0	0	0	0	0
cuba.Divonne.Divonne__00020__Divonne.smt2	cuba	Divonne	1949	128	128	3	4	0	0	0	0	0	0	0	0	0
cuba.Divonne.Divonne__00021__Divonne.smt2	cuba	Divonne	1948	128	128	3	4	0	0	0	0	0	0	0	0	0
cuba.Divonne.Divonne__00022__Divonne.smt2	cuba	Divonne	1949	128	128	3	4	0	0	0	0	0	0	0	0	0
cuba.Divonne.Divonne__00023__Divonne.smt2	cuba	Divonne	1947	128	128	3	4	0	0	0	0	0	0	0	0	0
cuba.Divonne.Divonne__00024__Divonne.smt2	cuba	Divonne	1948	128	128	3	4	0	0	0	0	0	0	0	0	0
cuba.Divonne.Divonne__00025__Divonne.smt2	cuba	Divonne	1948	128	128	3	4	0	0	0	0	0	0	0	0	0
cuba.Divonne.Divonne__00026__Divonne.smt2	cuba	Divonne	1949	128	128	3	4	0	0	0	0	0	0	0	0	0
cuba.Divonne.Divonne__00027__Divonne.smt2	cuba	Divonne	1947	128	128	3	4	0	0	0	0	0	0	0	0	0
cuba.Divonne.Divonne__00028__Divonne.smt2	cuba	Divonne	1948	128	128	3	4	0	0	0	0	0	0	0	0	0
cuba.Divonne.Divonne__00029__Divonne.smt2	cuba	Divonne	1947	128	128	3	4	0	0	0	0	0	0	0	0	0
cuba.Divonne.Divonne__00030__Divonne.smt2	cuba	Divonne	1948	128	128	3	4	0	0	0	0	0	0	0	0	0
cuba.Divonne.Divonne__00031__Divonne.smt2	cuba	Divonne	1948	128	128	3	4	0	0	0	0	0	0	0	0	0
cuba.Divonne.Divonne__00032__Divonne.smt2	cuba	Divonne	1949	128	128	3	4	0	0	0	0	0	0	0	0	0
cuba.Divonne.Divonne__00033__Divonne.smt2	cuba	Divonne	1947	128	128	3	4	0	0	0	0	0	0	0	0	0
cuba.Divonne.Divonne__00034__Divonne.smt2	cuba	Divonne	1948	128	128	3	4	0	0	0	0	0	0	0	0	0
cuba.Divonne.Divonne__00035__Divonne.smt2	cuba	Divonne	1947	128	128	3	4	0	0	0	0	0	0	0	0	0
cuba.Divonne.Divonne__00036__Divonne.smt2	cuba	Divonne	1948	128	128	3	4	0	0	0	0	0	0	0	0	0
cuba.Divonne.Divonne__00037__Divonne.smt2	cuba	Divonne	1947	128	128	3	4	0	0	0	0	0	0	0	0	0
cuba.Divonne.Divonne__00038__Divonne.smt2	cuba	Divonne	1948	128	128	3	4	0	0	0	0	0	0	0	0	0
cuba.Divonne.Divonne__00039__Divonne.smt2	cuba	Divonne	1947	128	128	3	4	0	0	0	0	0	0	0	0	0
cuba.Divonne.Divonne__00040__Divonne.smt2	cuba	Divonne	1948	128	128	3	4	0	0	0	0	0	0	0	0	0
cuba.Divonne.Divonne__00041__Divonne.smt2	cuba	Divonne	1948	128	128	3	4	0	0	0	0	0	0	0	0	0
cuba.Divonne.Divonne__00042__Divonne.smt2	cuba	Divonne	1949	128	128	3	4	0	0	0	0	0	0	0	0	0
cuba.Divonne.Divonne__00043__Divonne.smt2	cuba	Divonne	1948	128	128	3	4	0	0	0	0	0	0	0	0	0
cuba.Divonne.Divonne__00044__Divonne.smt2	cuba	Divonne	1949	128	128	3	4	0	0	0	0	0	0	0	0	0
cuba.Divonne.Divonne__00045__Divonne.smt2	cuba	Divonne	1947	128	128	3	4	0	0	0	0	0	0	0	0	0
cuba.Divonne.Divonne__00046__Divonne.smt2	cuba	Divonne	1948	128	128	3	4	0	0	0	0	0	0	0	0	0
cuba.Divonne.Divonne__00047__Divonne.smt2	cuba	Divonne	1947	128	128	3	4	0	0	0	0	0	0	0	0	0
cuba.Divonne.Divonne__00048__Divonne.smt2	cuba	Divonne	1948	128	128	3	4	0	0	0	0	0	0	0	0	0
cuba.Divonne.Divonne__00049__Divonne.smt2	cuba	Divonne	5954	128	128	3	49	1	0	0	24	0	0	0	0	0
cuba.Divonne.Divonne__00050__Divonne.smt2	cuba	Divonne	1942	128	128	3	4	0	0	0	0	0	0	0	0	0
cuba.Divonne.Divonne__00051__Divonne.smt2	cuba	Divonne	2030	128	128	4	4	0	0	0	0	0	0	0	0	0
cuba.Divonne.Divonne__00052__Divonne.smt2	cuba	Divonne	2784	128	128	4	6	0	0	0	0	0	0	0	0	0
cuba.Divonne.Divonne__00053__Divonne.smt2	cuba	Divonne	2872	128	128	5	6	0	0	0	0	0	0	0	0	0
cuba.Divonne.Divonne__00054__Divonne.smt2	cuba	Divonne	3627	128	128	5	8	0	0	0	0	0	0	0	0	0
cuba.Divonne.Divonne__00055__Divonne.smt2	cuba	Divonne	3715	128	128	6	8	0	0	0	0	0	0	0	0	0
cuba.Divonne.Divonne__00056__Divonne.smt2	cuba	Divonne	4470	128	128	6	10	0	0	0	0	0	0	0	0	0
cuba.Divonne.Divonne__00057__Divonne.smt2	cuba	Divonne	4558	128	128	7	10	0	0	0	0	0	0	0	0	0
cuba.Suave.Suave.smt2	cuba	Suave	47130	128	128	2	202	2	1	0	102	1	0	0	0	0
cuba.Suave.Suave__00001__Suave.smt2	cuba	Suave	47030	128	128	1	202	2	1	0	102	1	0	0	0	0
f2clapack.qgecon_.qgecon_.smt2	f2clapack	qgecon_	619586	128	128	613	81	27	0	89	230	29	0	0	0	0
f2clapack.qgecon_.qgecon___00005__qgecon_.smt2	f2clapack	qgecon_	13871	128	128	9	1	1	0	0	7	0	0	0	0	0
f2clapack.qgecon_.qgecon___00006__qgecon_.smt2	f2clapack	qgecon_	13944	128	128	11	1	1	0	0	7	0	0	0	0	0
f2clapack.qgecon_.qgecon___00007__qgecon_.smt2	f2clapack	qgecon_	14127	128	128	11	2	1	0	0	7	0	0	0	0	0
f2clapack.qgecon_.qgecon___00008__qgecon_.smt2	f2clapack	qgecon_	14129	128	128	11	2	1	0	0	7	0	0	0	0	0
f2clapack.qgecon_.qgecon___00009__qgecon_.smt2	f2clapack	qgecon_	15924	128	128	17	1	1	0	3	7	0	0	0	0	0
f2clapack.qgecon_.qgecon___00010__qgecon_.smt2	f2clapack	qgecon_	14565	128	128	13	1	1	0	1	7	0	0	0	0	0
f2clapack.qgecon_.qgecon___00011__qgecon_.smt2	f2clapack	qgecon_	20213	128	128	18	2	1	0	3	7	1	0	0	0	0
f2clapack.qgecon_.qgecon___00012__qgecon_.smt2	f2clapack	qgecon_	20393	128	128	19	3	1	0	3	7	1	0	0	0	0
f2clapack.qgecon_.qgecon___00013__qgecon_.smt2	f2clapack	qgecon_	21426	128	128	24	3	1	0	5	7	1	0	0	0	0
f2clapack.qgecon_.qgecon___00014__qgecon_.smt2	f2clapack	qgecon_	20940	128	128	22	3	1	0	4	7	1	0	0	0	0
f2clapack.qgecon_.qgecon___00015__qgecon_.smt2	f2clapack	qgecon_	24783	128	128	25	4	1	0	5	7	2	0	0	0	0
f2clapack.qgecon_.qgecon___00016__qgecon_.smt2	f2clapack	qgecon_	24963	128	128	26	5	1	0	5	7	2	0	0	0	0
f2clapack.qgecon_.qgecon___00017__qgecon_.smt2	f2clapack	qgecon_	25516	128	128	29	5	1	0	6	7	2	0	0	0	0
f2clapack.qgecon_.qgecon___00018__qgecon_.smt2	f2clapack	qgecon_	25830	128	128	30	6	1	0	6	7	3	0	0	0	0
f2clapack.qgecon_.qgecon___00020__qgecon_.smt2	f2clapack	qgecon_	36269	128	128	36	5	1	0	6	13	2	0	0	0	0
f2clapack.qgecon_.qgecon___00021__qgecon_.smt2	f2clapack	qgecon_	38069	128	128	38	5	1	0	6	13	2	0	0	0	0
f2clapack.qgecon_.qgecon___00022__qgecon_.smt2	f2clapack	qgecon_	39703	128	128	40	5	2	0	6	13	2	0	0	0	0
f2clapack.qgecon_.qgecon___00023__qgecon_.smt2	f2clapack	qgecon_	38443	128	128	38	5	1	0	6	14	2	0	0	0	0
f2clapack.qgecon_.qgecon___00024__qgecon_.smt2	f2clapack	qgecon_	38472	128	128	40	5	1	0	6	14	2	0	0	0	0
f2clapack.qgecon_.qgecon___00025__qgecon_.smt2	f2clapack	qgecon_	40748	128	128	42	6	3	0	6	14	2	0	0	0	0
f2clapack.qgecon_.qgecon___00027__qgecon_.smt2	f2clapack	qgecon_	36443	128	128	37	5	1	0	6	13	2	0	0	0	0
f2clapack.qgecon_.qgecon___00028__qgecon_.smt2	f2clapack	qgecon_	40779	128	128	44	6	3	0	6	14	2	0	0	0	0
f2clapack.qgels_.qgels_.smt2	f2clapack	qgels_	5049250	128	128	9074	52	158	0	287	0	42	0	0	0	0
f2clapack.qgels_.qgels___00051__qgels_.smt2	f2clapack	qgels_	17735	128	128	32	0	1	0	0	0	1	0	0	0	0
f2clapack.qgels_.qgels___00063__qgels_.smt2	f2clapack	qgels_	18629	128	128	34	2	2	0	4	0	2	0	0	0	0
f2clapack.qgels_.qgels___00064__qgels_.smt2	f2clapack	qgels_	34092	128	128	54	2	2	0	4	0	2	0	0	0	0
f2clapack.qgels_.qgels___00065__qgels_.smt2	f2clapack	qgels_	35115	128	128	56	3	3	0	11	0	2	0	0	0	0
f2clapack.qgels_.qgels___00066__qgels_.smt2	f2clapack	qgels_	35773	128	128	58	3	4	0	13	0	2	0	0	0	0
f2clapack.qgels_.qgels___00067__qgels_.smt2	f2clapack	qgels_	36322	128	128	60	3	5	0	16	0	2	0	0	0	0
f2clapack.qgels_.qgels___00068__qgels_.smt2	f2clapack	qgels_	34092	128	128	54	2	2	0	4	0	2	0	0	0	0
f2clapack.qgels_.qgels___00069__qgels_.smt2	f2clapack	qgels_	35115	128	128	56	3	3	0	11	0	2	0	0	0	0
f2clapack.qgels_.qgels___00070__qgels_.smt2	f2clapack	qgels_	35773	128	128	58	3	4	0	13	0	2	0	0	0	0
f2clapack.qgels_.qgels___00071__qgels_.smt2	f2clapack	qgels_	36342	128	128	60	3	5	0	16	0	2	0	0	0	0
f2clapack.qgels_.qgels___00072__qgels_.smt2	f2clapack	qgels_	34104	128	128	54	2	2	0	4	0	2	0	0	0	0
f2clapack.qgels_.qgels___00073__qgels_.smt2	f2clapack	qgels_	35132	128	128	56	3	3	0	11	0	2	0	0	0	0
f2clapack.qgels_.qgels___00074__qgels_.smt2	f2clapack	qgels_	35795	128	128	58	3	4	0	13	0	2	0	0	0	0
f2clapack.qgels_.qgels___00075__qgels_.smt2	f2clapack	qgels_	36350	128	128	60	3	5	0	16	0	2	0	0	0	0
f2clapack.qgels_.qgels___00076__qgels_.smt2	f2clapack	qgels_	34104	128	128	54	2	2	0	4	0	2	0	0	0	0
f2clapack.qgels_.qgels___00077__qgels_.smt2	f2clapack	qgels_	35132	128	128	56	3	3	0	11	0	2	0	0	0	0
f2clapack.qgels_.qgels___00078__qgels_.smt2	f2clapack	qgels_	35795	128	128	58	3	4	0	13	0	2	0	0	0	0
f2clapack.qgels_.qgels___00079__qgels_.smt2	f2clapack	qgels_	36350	128	128	60	3	5	0	16	0	2	0	0	0	0
f2clapack.qgels_.qgels___00095__qgels_.smt2	f2clapack	qgels_	34510	128	128	67	0	1	0	1	0	0	0	0	0	0
f2clapack.qgels_.qgels___00099__qgels_.smt2	f2clapack	qgels_	34504	128	128	67	0	1	0	1	0	0	0	0	0	0
f2clapack.qgels_.qgels___00101__qgels_.smt2	f2clapack	qgels_	34300	128	128	65	0	1	0	1	0	0	0	0	0	0
f2clapack.qgels_.qgels___00104__qgels_.smt2	f2clapack	qgels_	34399	128	128	66	0	1	0	1	0	0	0	0	0	0
f2clapack.qgels_.qgels___00110__qgels_.smt2	f2clapack	qgels_	34504	128	128	67	0	1	0	1	0	0	0	0	0	0
f2clapack.qgels_.qgels___00114__qgels_.smt2	f2clapack	qgels_	34498	128	128	67	0	1	0	1	0	0	0	0	0	0
f2clapack.qgels_.qgels___00116__qgels_.smt2	f2clapack	qgels_	34294	128	128	65	0	1	0	1	0	0	0	0	0	0
f2clapack.qgels_.qgels___00117__qgels_.smt2	f2clapack	qgels_	34398	128	128	66	0	1	0	1	0	0	0	0	0	0
f2clapack.qgels_.qgels___00118__qgels_.smt2	f2clapack	qgels_	34502	128	128	67	0	1	0	1	0	0	0	0	0	0
f2clapack.qgels_.qgels___00119__qgels_.smt2	f2clapack	qgels_	34871	128	128	69	0	2	0	2	0	0	0	0	0	0
f2clapack.qgels_.qgels___00120__qgels_.smt2	f2clapack	qgels_	34392	128	128	66	0	1	0	1	0	0	0	0	0	0
f2clapack.qgels_.qgels___00121__qgels_.smt2	f2clapack	qgels_	34496	128	128	67	0	1	0	1	0	0	0	0	0	0
f2clapack.qgels_.qgels___00122__qgels_.smt2	f2clapack	qgels_	34865	128	128	69	0	2	0	2	0	0	0	0	0	0
f2clapack.qgels_.qgels___00124__qgels_.smt2	f2clapack	qgels_	34090	128	128	63	0	1	0	1	0	0	0	0	0	0
f2clapack.qgels_.qgels___00130__qgels_.smt2	f2clapack	qgels_	34399	128	128	66	0	1	0	1	0	0	0	0	0	0
f2clapack.qgels_.qgels___00134__qgels_.smt2	f2clapack	qgels_	34393	128	128	66	0	1	0	1	0	0	0	0	0	0
f2clapack.qgels_.qgels___00135__qgels_.smt2	f2clapack	qgels_	34189	128	128	64	0	1	0	1	0	0	0	0	0	0
f2clapack.qgels_.qgels___00136__qgels_.smt2	f2clapack	qgels_	34293	128	128	65	0	1	0	1	0	0	0	0	0	0
f2clapack.qgels_.qgels___00137__qgels_.smt2	f2clapack	qgels_	34397	128	128	66	0	1	0	1	0	0	0	0	0	0
f2clapack.qgels_.qgels___00138__qgels_.smt2	f2clapack	qgels_	34766	128	128	68	0	2	0	2	0	0	0	0	0	0
f2clapack.qgels_.qgels___00139__qgels_.smt2	f2clapack	qgels_	34287	128	128	65	0	1	0	1	0	0	0	0	0	0
f2clapack.qgels_.qgels___00140__qgels_.smt2	f2clapack	qgels_	34391	128	128	66	0	1	0	1	0	0	0	0	0	0
f2clapack.qgels_.qgels___00141__qgels_.smt2	f2clapack	qgels_	34760	128	128	68	0	2	0	2	0	0	0	0	0	0
f2clapack.qgels_.qgels___00149__qgels_.smt2	f2clapack	qgels_	34504	128	128	67	0	1	0	1	0	0	0	0	0	0
f2clapack.qgels_.qgels___00153__qgels_.smt2	f2clapack	qgels_	34498	128	128	67	0	1	0	1	0	0	0	0	0	0
f2clapack.qgels_.qgels___00155__qgels_.smt2	f2clapack	qgels_	34294	128	128	65	0	1	0	1	0	0	0	0	0	0
f2clapack.qgels_.qgels___00156__qgels_.smt2	f2clapack	qgels_	34398	128	128	66	0	1	0	1	0	0	0	0	0	0
f2clapack.qgels_.qgels___00157__qgels_.smt2	f2clapack	qgels_	34502	128	128	67	0	1	0	1	0	0	0	0	0	0
f2clapack.qgels_.qgels___00158__qgels_.smt2	f2clapack	qgels_	34871	128	128	69	0	2	0	2	0	0	0	0	0	0
f2clapack.qgels_.qgels___00159__qgels_.smt2	f2clapack	qgels_	34392	128	128	66	0	1	0	1	0	0	0	0	0	0
f2clapack.qgels_.qgels___00160__qgels_.smt2	f2clapack	qgels_	34496	128	128	67	0	1	0	1	0	0	0	0	0	0
f2clapack.qgels_.qgels___00161__qgels_.smt2	f2clapack	qgels_	34865	128	128	69	0	2	0	2	0	0	0	0	0	0
f2clapack.qgels_.qgels___00167__qgels_.smt2	f2clapack	qgels_	34498	128	128	67	0	1	0	1	0	0	0	0	0	0
f2clapack.qgels_.qgels___00171__qgels_.smt2	f2clapack	qgels_	34492	128	128	67	0	1	0	1	0	0	0	0	0	0
f2clapack.qgels_.qgels___00173__qgels_.smt2	f2clapack	qgels_	34288	128	128	65	0	1	0	1	0	0	0	0	0	0
f2clapack.qgels_.qgels___00174__qgels_.smt2	f2clapack	qgels_	34392	128	128	66	0	1	0	1	0	0	0	0	0	0
f2clapack.qgels_.qgels___00175__qgels_.smt2	f2clapack	qgels_	34496	128	128	67	0	1	0	1	0	0	0	0	0	0
f2clapack.qgels_.qgels___00176__qgels_.smt2	f2clapack	qgels_	34865	128	128	69	0	2	0	2	0	0	0	0	0	0
f2clapack.qgels_.qgels___00177__qgels_.smt2	f2clapack	qgels_	34386	128	128	66	0	1	0	1	0	0	0	0	0	0
f2clapack.qgels_.qgels___00178__qgels_.smt2	f2clapack	qgels_	34490	128	128	67	0	1	0	1	0	0	0	0	0	0
f2clapack.qgels_.qgels___00179__qgels_.smt2	f2clapack	qgels_	34859	128	128	69	0	2	0	2	0	0	0	0	0	0
f2clapack.qgels_.qgels___00181__qgels_.smt2	f2clapack	qgels_	34084	128	128	63	0	1	0	1	0	0	0	0	0	0
f2clapack.qgels_.qgels___00182__qgels_.smt2	f2clapack	qgels_	34188	128	128	64	0	1	0	1	0	0	0	0	0	0
f2clapack.qgels_.qgels___00183__qgels_.smt2	f2clapack	qgels_	34292	128	128	65	0	1	0	1	0	0	0	0	0	0
f2clapack.qgels_.qgels___00184__qgels_.smt2	f2clapack	qgels_	34399	128	128	66	0	1	0	1	0	0	0	0	0	0
f2clapack.qgels_.qgels___00185__qgels_.smt2	f2clapack	qgels_	34503	128	128	67	0	1	0	1	0	0	0	0	0	0
f2clapack.qgels_.qgels___00186__qgels_.smt2	f2clapack	qgels_	34871	128	128	69	0	2	0	2	0	0	0	0	0	0
f2clapack.qgels_.qgels___00187__qgels_.smt2	f2clapack	qgels_	34393	128	128	66	0	1	0	1	0	0	0	0	0	0
f2clapack.qgels_.qgels___00188__qgels_.smt2	f2clapack	qgels_	34497	128	128	67	0	1	0	1	0	0	0	0	0	0
f2clapack.qgels_.qgels___00189__qgels_.smt2	f2clapack	qgels_	34865	128	128	69	0	2	0	2	0	0	0	0	0	0
f2clapack.qgels_.qgels___00190__qgels_.smt2	f2clapack	qgels_	34661	128	128	67	0	2	0	2	0	0	0	0	0	0
f2clapack.qgels_.qgels___00191__qgels_.smt2	f2clapack	qgels_	34766	128	128	68	0	2	0	2	0	0	0	0	0	0
f2clapack.qgels_.qgels___00192__qgels_.smt2	f2clapack	qgels_	34870	128	128	69	0	2	0	2	0	0	0	0	0	0
f2clapack.qgels_.qgels___00193__qgels_.smt2	f2clapack	qgels_	35238	128	128	71	0	3	0	3	0	0	0	0	0	0
f2clapack.qgels_.qgels___00194__qgels_.smt2	f2clapack	qgels_	34760	128	128	68	0	2	0	2	0	0	0	0	0	0
f2clapack.qgels_.qgels___00195__qgels_.smt2	f2clapack	qgels_	34864	128	128	69	0	2	0	2	0	0	0	0	0	0
f2clapack.qgels_.qgels___00196__qgels_.smt2	f2clapack	qgels_	35232	128	128	71	0	3	0	3	0	0	0	0	0	0
f2clapack.qgels_.qgels___00197__qgels_.smt2	f2clapack	qgels_	34182	128	128	64	0	1	0	1	0	0	0	0	0	0
f2clapack.qgels_.qgels___00198__qgels_.smt2	f2clapack	qgels_	34286	128	128	65	0	1	0	1	0	0	0	0	0	0
f2clapack.qgels_.qgels___00199__qgels_.smt2	f2clapack	qgels_	34393	128	128	66	0	1	0	1	0	0	0	0	0	0
f2clapack.qgels_.qgels___00200__qgels_.smt2	f2clapack	qgels_	34497	128	128	67	0	1	0	1	0	0	0	0	0	0
f2clapack.qgels_.qgels___00201__qgels_.smt2	f2clapack	qgels_	34865	128	128	69	0	2	0	2	0	0	0	0	0	0
f2clapack.qgels_.qgels___00202__qgels_.smt2	f2clapack	qgels_	34387	128	128	66	0	1	0	1	0	0	0	0	0	0
f2clapack.qgels_.qgels___00203__qgels_.smt2	f2clapack	qgels_	34491	128	128	67	0	1	0	1	0	0	0	0	0	0
f2clapack.qgels_.qgels___00204__qgels_.smt2	f2clapack	qgels_	34859	128	128	69	0	2	0	2	0	0	0	0	0	0
f2clapack.qgels_.qgels___00205__qgels_.smt2	f2clapack	qgels_	34655	128	128	67	0	2	0	2	0	0	0	0	0	0
f2clapack.qgels_.qgels___00206__qgels_.smt2	f2clapack	qgels_	34760	128	128	68	0	2	0	2	0	0	0	0	0	0
f2clapack.qgels_.qgels___00207__qgels_.smt2	f2clapack	qgels_	34864	128	128	69	0	2	0	2	0	0	0	0	0	0
f2clapack.qgeqr2_.qgeqr2_.smt2	f2clapack	qgeqr2_	194150	128	128	349	56	52	23	52	0	29	0	0	0	0
f2clapack.qgeqr2_.qgeqr2___00015__qgeqr2_.smt2	f2clapack	qgeqr2_	3141	128	128	6	0	1	0	0	0	1	0	0	0	0
f2clapack.qgeqr2_.qgeqr2___00024__qgeqr2_.smt2	f2clapack	qgeqr2_	1681	128	128	4	0	1	0	0	0	1	0	0	0	0
f2clapack.qgeqr2_.qgeqr2___00032__qgeqr2_.smt2	f2clapack	qgeqr2_	3147	128	128	6	0	1	0	0	0	1	0	0	0	0
f2clapack.qgeqr2_.qgeqr2___00038__qgeqr2_.smt2	f2clapack	qgeqr2_	3664	128	128	7	1	1	1	1	0	0	0	0	0	0
f2clapack.qgeqr2_.qgeqr2___00039__qgeqr2_.smt2	f2clapack	qgeqr2_	3887	128	128	8	1	2	1	1	0	1	0	0	0	0
f2clapack.qgeqr2_.qgeqr2___00040__qgeqr2_.smt2	f2clapack	qgeqr2_	3965	128	128	8	2	2	1	1	0	1	0	0	0	0
f2clapack.qgeqr2_.qgeqr2___00041__qgeqr2_.smt2	f2clapack	qgeqr2_	4450	128	128	11	2	3	1	1	0	2	0	0	0	0
f2clapack.qgeqr2_.qgeqr2___00042__qgeqr2_.smt2	f2clapack	qgeqr2_	5272	128	128	11	2	2	1	1	0	1	0	0	0	0
f2clapack.qgeqr2_.qgeqr2___00043__qgeqr2_.smt2	f2clapack	qgeqr2_	6701	128	128	11	2	2	1	4	0	1	0	0	0	0
f2clapack.qgeqr2_.qgeqr2___00044__qgeqr2_.smt2	f2clapack	qgeqr2_	4629	128	128	10	2	2	1	1	0	1	0	0	0	0
f2clapack.qgeqr2_.qgeqr2___00045__qgeqr2_.smt2	f2clapack	qgeqr2_	6058	128	128	10	2	2	1	4	0	1	0	0	0	0
f2clapack.qgeqr2_.qgeqr2___00047__qgeqr2_.smt2	f2clapack	qgeqr2_	4454	128	128	11	2	3	1	1	0	2	0	0	0	0
f2clapack.qgeqr2_.qgeqr2___00049__qgeqr2_.smt2	f2clapack	qgeqr2_	4306	128	128	10	2	1	1	1	0	0	0	0	0	0
f2clapack.qgeqr2_.qgeqr2___00050__qgeqr2_.smt2	f2clapack	qgeqr2_	3861	128	128	8	2	1	1	1	0	0	0	0	0	0
f2clapack.qgeqr2_.qgeqr2___00051__qgeqr2_.smt2	f2clapack	qgeqr2_	4250	128	128	10	2	1	1	1	0	0	0	0	0	0
f2clapack.qgeqr2_.qgeqr2___00052__qgeqr2_.smt2	f2clapack	qgeqr2_	4504	128	128	10	3	1	1	1	0	0	0	0	0	0
f2clapack.qgeqr2_.qgeqr2___00053__qgeqr2_.smt2	f2clapack	qgeqr2_	5088	128	128	12	3	1	1	1	0	0	0	0	0	0
f2clapack.qgeqr2_.qgeqr2___00054__qgeqr2_.smt2	f2clapack	qgeqr2_	6072	128	128	14	4	3	2	2	0	1	0	0	0	0
f2clapack.qgeqr2_.qgeqr2___00055__qgeqr2_.smt2	f2clapack	qgeqr2_	6132	128	128	14	5	3	2	2	0	1	0	0	0	0
f2clapack.qgeqr2_.qgeqr2___00056__qgeqr2_.smt2	f2clapack	qgeqr2_	6338	128	128	16	4	3	2	2	0	1	0	0	0	0
f2clapack.qgeqr2_.qgeqr2___00057__qgeqr2_.smt2	f2clapack	qgeqr2_	4971	128	128	10	1	1	1	1	0	0	0	0	0	0
f2clapack.qgeqr2_.qgeqr2___00058__qgeqr2_.smt2	f2clapack	qgeqr2_	8671	128	128	16	5	3	2	5	0	1	0	0	0	0
f2clapack.qgeqrf_.qgeqrf_.smt2	f2clapack	qgeqrf_	194150	128	128	349	56	52	23	52	0	29	0	0	0	0
f2clapack.qgeqrf_.qgeqrf___00015__qgeqrf_.smt2	f2clapack	qgeqrf_	3141	128	128	6	0	1	0	0	0	1	0	0	0	0
f2clapack.qgeqrf_.qgeqrf___00024__qgeqrf_.smt2	f2clapack	qgeqrf_	1681	128	128	4	0	1	0	0	0	1	0	0	0	0
f2clapack.qgeqrf_.qgeqrf___00032__qgeqrf_.smt2	f2clapack	qgeqrf_	3147	128	128	6	0	1	0	0	0	1	0	0	0	0
f2clapack.qgeqrf_.qgeqrf___00038__qgeqrf_.smt2	f2clapack	qgeqrf_	3664	128	128	7	1	1	1	1	0	0	0	0	0	0
f2clapack.qgeqrf_.qgeqrf___00039__qgeqrf_.smt2	f2clapack	qgeqrf_	3887	128	128	8	1	2	1	1	0	1	0	0	0	0
f2clapack.qgeqrf_.qgeqrf___00040__qgeqrf_.smt2	f2clapack	qgeqrf_	3965	128	128	8	2	2	1	1	0	1	0	0	0	0
f2clapack.qgeqrf_.qgeqrf___00041__qgeqrf_.smt2	f2clapack	qgeqrf_	4450	128	128	11	2	3	1	1	0	2	0	0	0	0
f2clapack.qgeqrf_.qgeqrf___00042__qgeqrf_.smt2	f2clapack	qgeqrf_	5272	128	128	11	2	2	1	1	0	1	0	0	0	0
f2clapack.qgeqrf_.qgeqrf___00043__qgeqrf_.smt2	f2clapack	qgeqrf_	6701	128	128	11	2	2	1	4	0	1	0	0	0	0
f2clapack.qgeqrf_.qgeqrf___00044__qgeqrf_.smt2	f2clapack	qgeqrf_	4629	128	128	10	2	2	1	1	0	1	0	0	0	0
f2clapack.qgeqrf_.qgeqrf___00045__qgeqrf_.smt2	f2clapack	qgeqrf_	6058	128	128	10	2	2	1	4	0	1	0	0	0	0
f2clapack.qgeqrf_.qgeqrf___00047__qgeqrf_.smt2	f2clapack	qgeqrf_	4454	128	128	11	2	3	1	1	0	2	0	0	0	0
f2clapack.qgeqrf_.qgeqrf___00049__qgeqrf_.smt2	f2clapack	qgeqrf_	4306	128	128	10	2	1	1	1	0	0	0	0	0	0
f2clapack.qgeqrf_.qgeqrf___00050__qgeqrf_.smt2	f2clapack	qgeqrf_	3861	128	128	8	2	1	1	1	0	0	0	0	0	0
f2clapack.qgeqrf_.qgeqrf___00051__qgeqrf_.smt2	f2clapack	qgeqrf_	4250	128	128	10	2	1	1	1	0	0	0	0	0	0
f2clapack.qgeqrf_.qgeqrf___00052__qgeqrf_.smt2	f2clapack	qgeqrf_	4504	128	128	10	3	1	1	1	0	0	0	0	0	0
f2clapack.qgeqrf_.qgeqrf___00053__qgeqrf_.smt2	f2clapack	qgeqrf_	5088	128	128	12	3	1	1	1	0	0	0	0	0	0
f2clapack.qgeqrf_.qgeqrf___00054__qgeqrf_.smt2	f2clapack	qgeqrf_	6072	128	128	14	4	3	2	2	0	1	0	0	0	0
f2clapack.qgeqrf_.qgeqrf___00055__qgeqrf_.smt2	f2clapack	qgeqrf_	6132	128	128	14	5	3	2	2	0	1	0	0	0	0
f2clapack.qgeqrf_.qgeqrf___00056__qgeqrf_.smt2	f2clapack	qgeqrf_	6338	128	128	16	4	3	2	2	0	1	0	0	0	0
f2clapack.qgeqrf_.qgeqrf___00057__qgeqrf_.smt2	f2clapack	qgeqrf_	4971	128	128	10	1	1	1	1	0	0	0	0	0	0
f2clapack.qgeqrf_.qgeqrf___00058__qgeqrf_.smt2	f2clapack	qgeqrf_	8671	128	128	16	5	3	2	5	0	1	0	0	0	0
f2clapack.qgesv_.qgesv_.smt2	f2clapack	qgesv_	1486183	128	128	1153	242	25	0	477	0	0	0	0	0	0
f2clapack.qgesv_.qgesv___00005__qgesv_.smt2	f2clapack	qgesv_	9040	128	128	9	1	0	0	3	0	0	0	0	0	0
f2clapack.qgesv_.qgesv___00006__qgesv_.smt2	f2clapack	qgesv_	12737	128	128	9	1	0	0	3	0	0	0	0	0	0
f2clapack.qgesv_.qgesv___00007__qgesv_.smt2	f2clapack	qgesv_	12834	128	128	10	1	0	0	3	0	0	0	0	0	0
f2clapack.qgesv_.qgesv___00008__qgesv_.smt2	f2clapack	qgesv_	13428	128	128	10	1	0	0	3	0	0	0	0	0	0
f2clapack.qgesv_.qgesv___00009__qgesv_.smt2	f2clapack	qgesv_	14098	128	128	11	1	0	0	3	0	0	0	0	0	0
f2clapack.qgesv_.qgesv___00010__qgesv_.smt2	f2clapack	qgesv_	14747	128	128	12	1	0	0	3	0	0	0	0	0	0
f2clapack.qgesv_.qgesv___00011__qgesv_.smt2	f2clapack	qgesv_	15396	128	128	13	1	0	0	3	0	0	0	0	0	0
f2clapack.qgesv_.qgesv___00012__qgesv_.smt2	f2clapack	qgesv_	18938	128	128	18	3	0	0	7	0	0	0	0	0	0
f2clapack.qgesv_.qgesv___00013__qgesv_.smt2	f2clapack	qgesv_	26746	128	128	22	5	0	0	11	0	0	0	0	0	0
f2clapack.qgesv_.qgesv___00014__qgesv_.smt2	f2clapack	qgesv_	26865	128	128	23	5	0	0	11	0	0	0	0	0	0
f2clapack.qgesv_.qgesv___00015__qgesv_.smt2	f2clapack	qgesv_	26832	128	128	23	5	0	0	11	0	0	0	0	0	0
f2clapack.qgesv_.qgesv___00016__qgesv_.smt2	f2clapack	qgesv_	27015	128	128	24	6	0	0	12	0	0	0	0	0	0
f2clapack.qgesv_.qgesv___00017__qgesv_.smt2	f2clapack	qgesv_	27015	128	128	24	6	0	0	12	0	0	0	0	0	0
f2clapack.qgesv_.qgesv___00018__qgesv_.smt2	f2clapack	qgesv_	26859	128	128	23	5	0	0	11	0	0	0	0	0	0
f2clapack.qgesv_.qgesv___00019__qgesv_.smt2	f2clapack	qgesv_	32055	128	128	24	5	0	0	11	0	0	0	0	0	0
f2clapack.qgesv_.qgesv___00020__qgesv_.smt2	f2clapack	qgesv_	32196	128	128	26	5	0	0	11	0	0	0	0	0	0
f2clapack.qgesv_.qgesv___00021__qgesv_.smt2	f2clapack	qgesv_	32299	128	128	26	5	0	0	11	0	0	0	0	0	0
f2clapack.qgesv_.qgesv___00022__qgesv_.smt2	f2clapack	qgesv_	38883	128	128	28	6	1	0	11	0	0	0	0	0	0
f2clapack.qgesv_.qgesv___00023__qgesv_.smt2	f2clapack	qgesv_	41026	128	128	29	7	1	0	12	0	0	0	0	0	0
f2clapack.qgesv_.qgesv___00024__qgesv_.smt2	f2clapack	qgesv_	41243	128	128	30	7	1	0	12	0	0	0	0	0	0
f2clapack.qgesv_.qgesv___00025__qgesv_.smt2	f2clapack	qgesv_	41243	128	128	30	7	1	0	12	0	0	0	0	0	0
f2clapack.qgesv_.qgesv___00026__qgesv_.smt2	f2clapack	qgesv_	41237	128	128	30	7	1	0	12	0	0	0	0	0	0
f2clapack.qgesv_.qgesv___00027__qgesv_.smt2	f2clapack	qgesv_	41237	128	128	30	7	1	0	12	0	0	0	0	0	0
f2clapack.qgesv_.qgesv___00028__qgesv_.smt2	f2clapack	qgesv_	41083	128	128	29	7	1	0	12	0	0	0	0	0	0
f2clapack.qgesv_.qgesv___00029__qgesv_.smt2	f2clapack	qgesv_	41237	128	128	30	7	1	0	12	0	0	0	0	0	0
f2clapack.qgesv_.qgesv___00030__qgesv_.smt2	f2clapack	qgesv_	41237	128	128	30	7	1	0	12	0	0	0	0	0	0
f2clapack.qgesv_.qgesv___00031__qgesv_.smt2	f2clapack	qgesv_	41231	128	128	30	7	1	0	12	0	0	0	0	0	0
f2clapack.qgesv_.qgesv___00032__qgesv_.smt2	f2clapack	qgesv_	41231	128	128	30	7	1	0	12	0	0	0	0	0	0
f2clapack.qgesv_.qgesv___00033__qgesv_.smt2	f2clapack	qgesv_	32332	128	128	25	5	0	0	11	0	0	0	0	0	0
f2clapack.qgesv_.qgesv___00034__qgesv_.smt2	f2clapack	qgesv_	38860	128	128	27	5	1	0	11	0	0	0	0	0	0
f2clapack.qgesv_.qgesv___00035__qgesv_.smt2	f2clapack	qgesv_	40882	128	128	28	6	1	0	12	0	0	0	0	0	0
f2clapack.qgesv_.qgesv___00036__qgesv_.smt2	f2clapack	qgesv_	41036	128	128	29	6	1	0	12	0	0	0	0	0	0
f2clapack.qgesv_.qgesv___00037__qgesv_.smt2	f2clapack	qgesv_	41036	128	128	29	6	1	0	12	0	0	0	0	0	0
f2clapack.qgesv_.qgesv___00038__qgesv_.smt2	f2clapack	qgesv_	41030	128	128	29	6	1	0	12	0	0	0	0	0	0
f2clapack.qgesv_.qgesv___00039__qgesv_.smt2	f2clapack	qgesv_	41030	128	128	29	6	1	0	12	0	0	0	0	0	0
f2clapack.qgesv_.qgesv___00040__qgesv_.smt2	f2clapack	qgesv_	40870	128	128	28	6	1	0	12	0	0	0	0	0	0
f2clapack.qgesv_.qgesv___00041__qgesv_.smt2	f2clapack	qgesv_	41030	128	128	29	6	1	0	12	0	0	0	0	0	0
f2clapack.qgesv_.qgesv___00042__qgesv_.smt2	f2clapack	qgesv_	41030	128	128	29	6	1	0	12	0	0	0	0	0	0
f2clapack.qgesv_.qgesv___00043__qgesv_.smt2	f2clapack	qgesv_	41024	128	128	29	6	1	0	12	0	0	0	0	0	0
f2clapack.qgesv_.qgesv___00044__qgesv_.smt2	f2clapack	qgesv_	41024	128	128	29	6	1	0	12	0	0	0	0	0	0
f2clapack.qgesv_.qgesv___00045__qgesv_.smt2	f2clapack	qgesv_	19020	128	128	20	3	0	0	7	0	0	0	0	0	0
f2clapack.qgesv_.qgesv___00046__qgesv_.smt2	f2clapack	qgesv_	19292	128	128	20	3	0	0	7	0	0	0	0	0	0
f2clapack.qgesv_.qgesv___00047__qgesv_.smt2	f2clapack	qgesv_	19412	128	128	22	3	0	0	7	0	0	0	0	0	0
f2clapack.qgesv_.qgesv___00048__qgesv_.smt2	f2clapack	qgesv_	21367	128	128	22	5	0	0	9	0	0	0	0	0	0
f2clapack.qgesv_.qgesv___00049__qgesv_.smt2	f2clapack	qgesv_	22498	128	128	23	7	1	0	12	0	0	0	0	0	0
f2clapack.qgesv_.qgesv___00050__qgesv_.smt2	f2clapack	qgesv_	22492	128	128	23	7	1	0	12	0	0	0	0	0	0
f2clapack.qgesv_.qgesv___00051__qgesv_.smt2	f2clapack	qgesv_	21256	128	128	21	5	0	0	9	0	0	0	0	0	0
f2clapack.qgesv_.qgesv___00052__qgesv_.smt2	f2clapack	qgesv_	22306	128	128	22	6	1	0	12	0	0	0	0	0	0
f2clapack.qgetf2_.qgetf2_.smt2	f2clapack	qgetf2_	1133941	128	128	687	37	8	0	54	0	0	0	0	0	0
f2clapack.qgetf2_.qgetf2___00038__qgetf2_.smt2	f2clapack	qgetf2_	17896	128	128	12	1	0	0	2	0	0	0	0	0	0
f2clapack.qgetf2_.qgetf2___00039__qgetf2_.smt2	f2clapack	qgetf2_	17976	128	128	13	1	0	0	2	0	0	0	0	0	0
f2clapack.qgetf2_.qgetf2___00040__qgetf2_.smt2	f2clapack	qgetf2_	18062	128	128	14	1	0	0	2	0	0	0	0	0	0
f2clapack.qgetf2_.qgetf2___00041__qgetf2_.smt2	f2clapack	qgetf2_	18184	128	128	14	2	0	0	3	0	0	0	0	0	0
f2clapack.qgetf2_.qgetf2___00042__qgetf2_.smt2	f2clapack	qgetf2_	18009	128	128	13	1	0	0	2	0	0	0	0	0	0
f2clapack.qgetf2_.qgetf2___00043__qgetf2_.smt2	f2clapack	qgetf2_	18188	128	128	14	1	0	0	2	0	0	0	0	0	0
f2clapack.qgetf2_.qgetf2___00044__qgetf2_.smt2	f2clapack	qgetf2_	18188	128	128	14	1	0	0	2	0	0	0	0	0	0
f2clapack.qgetf2_.qgetf2___00045__qgetf2_.smt2	f2clapack	qgetf2_	18170	128	128	14	1	0	0	2	0	0	0	0	0	0
f2clapack.qgetf2_.qgetf2___00046__qgetf2_.smt2	f2clapack	qgetf2_	18171	128	128	14	1	0	0	2	0	0	0	0	0	0
f2clapack.qgetf2_.qgetf2___00047__qgetf2_.smt2	f2clapack	qgetf2_	32289	128	128	14	1	0	0	2	0	0	0	0	0	0
f2clapack.qgetf2_.qgetf2___00048__qgetf2_.smt2	f2clapack	qgetf2_	33112	128	128	16	1	0	0	2	0	0	0	0	0	0
f2clapack.qgetf2_.qgetf2___00049__qgetf2_.smt2	f2clapack	qgetf2_	33825	128	128	17	1	0	0	2	0	0	0	0	0	0
f2clapack.qgetf2_.qgetf2___00050__qgetf2_.smt2	f2clapack	qgetf2_	35303	128	128	17	3	1	0	3	0	0	0	0	0	0
f2clapack.qgetf2_.qgetf2___00051__qgetf2_.smt2	f2clapack	qgetf2_	32291	128	128	15	1	0	0	2	0	0	0	0	0	0
f2clapack.qgetf2_.qgetf2___00052__qgetf2_.smt2	f2clapack	qgetf2_	32983	128	128	15	1	0	0	2	0	0	0	0	0	0
f2clapack.qgetf2_.qgetf2___00053__qgetf2_.smt2	f2clapack	qgetf2_	33696	128	128	16	1	0	0	2	0	0	0	0	0	0
f2clapack.qgetf2_.qgetf2___00054__qgetf2_.smt2	f2clapack	qgetf2_	35093	128	128	16	2	1	0	3	0	0	0	0	0	0
f2clapack.qgetf2_.qgetf2___00058__qgetf2_.smt2	f2clapack	qgetf2_	15154	128	128	13	1	0	0	2	0	0	0	0	0	0
f2clapack.qgetf2_.qgetf2___00059__qgetf2_.smt2	f2clapack	qgetf2_	15445	128	128	13	3	1	0	3	0	0	0	0	0	0
f2clapack.qgetf2_.qgetf2___00062__qgetf2_.smt2	f2clapack	qgetf2_	15036	128	128	12	1	0	0	2	0	0	0	0	0	0
f2clapack.qgetf2_.qgetf2___00063__qgetf2_.smt2	f2clapack	qgetf2_	15252	128	128	12	2	1	0	3	0	0	0	0	0	0
f2clapack.qgetrf_.qgetrf_.smt2	f2clapack	qgetrf_	1486183	128	128	1153	242	25	0	477	0	0	0	0	0	0
f2clapack.qgetrf_.qgetrf___00005__qgetrf_.smt2	f2clapack	qgetrf_	9040	128	128	9	1	0	0	3	0	0	0	0	0	0
f2clapack.qgetrf_.qgetrf___00006__qgetrf_.smt2	f2clapack	qgetrf_	12737	128	128	9	1	0	0	3	0	0	0	0	0	0
f2clapack.qgetrf_.qgetrf___00007__qgetrf_.smt2	f2clapack	qgetrf_	12834	128	128	10	1	0	0	3	0	0	0	0	0	0
f2clapack.qgetrf_.qgetrf___00008__qgetrf_.smt2	f2clapack	qgetrf_	13428	128	128	10	1	0	0	3	0	0	0	0	0	0
f2clapack.qgetrf_.qgetrf___00009__qgetrf_.smt2	f2clapack	qgetrf_	14098	128	128	11	1	0	0	3	0	0	0	0	0	0
f2clapack.qgetrf_.qgetrf___00010__qgetrf_.smt2	f2clapack	qgetrf_	14747	128	128	12	1	0	0	3	0	0	0	0	0	0
f2clapack.qgetrf_.qgetrf___00011__qgetrf_.smt2	f2clapack	qgetrf_	15396	128	128	13	1	0	0	3	0	0	0	0	0	0
f2clapack.qgetrf_.qgetrf___00012__qgetrf_.smt2	f2clapack	qgetrf_	18938	128	128	18	3	0	0	7	0	0	0	0	0	0
f2clapack.qgetrf_.qgetrf___00013__qgetrf_.smt2	f2clapack	qgetrf_	26746	128	128	22	5	0	0	11	0	0	0	0	0	0
f2clapack.qgetrf_.qgetrf___00014__qgetrf_.smt2	f2clapack	qgetrf_	26865	128	128	23	5	0	0	11	0	0	0	0	0	0
f2clapack.qgetrf_.qgetrf___00015__qgetrf_.smt2	f2clapack	qgetrf_	26832	128	128	23	5	0	0	11	0	0	0	0	0	0
f2clapack.qgetrf_.qgetrf___00016__qgetrf_.smt2	f2clapack	qgetrf_	27015	128	128	24	6	0	0	12	0	0	0	0	0	0
f2clapack.qgetrf_.qgetrf___00017__qgetrf_.smt2	f2clapack	qgetrf_	27015	128	128	24	6	0	0	12	0	0	0	0	0	0
f2clapack.qgetrf_.qgetrf___00018__qgetrf_.smt2	f2clapack	qgetrf_	26859	128	128	23	5	0	0	11	0	0	0	0	0	0
f2clapack.qgetrf_.qgetrf___00019__qgetrf_.smt2	f2clapack	qgetrf_	32055	128	128	24	5	0	0	11	0	0	0	0	0	0
f2clapack.qgetrf_.qgetrf___00020__qgetrf_.smt2	f2clapack	qgetrf_	32196	128	128	26	5	0	0	11	0	0	0	0	0	0
f2clapack.qgetrf_.qgetrf___00021__qgetrf_.smt2	f2clapack	qgetrf_	32299	128	128	26	5	0	0	11	0	0	0	0	0	0
f2clapack.qgetrf_.qgetrf___00022__qgetrf_.smt2	f2clapack	qgetrf_	38883	128	128	28	6	1	0	11	0	0	0	0	0	0
f2clapack.qgetrf_.qgetrf___00023__qgetrf_.smt2	f2clapack	qgetrf_	41026	128	128	29	7	1	0	12	0	0	0	0	0	0
f2clapack.qgetrf_.qgetrf___00024__qgetrf_.smt2	f2clapack	qgetrf_	41243	128	128	30	7	1	0	12	0	0	0	0	0	0
f2clapack.qgetrf_.qgetrf___00025__qgetrf_.smt2	f2clapack	qgetrf_	41243	128	128	30	7	1	0	12	0	0	0	0	0	0
f2clapack.qgetrf_.qgetrf___00026__qgetrf_.smt2	f2clapack	qgetrf_	41237	128	128	30	7	1	0	12	0	0	0	0	0	0
f2clapack.qgetrf_.qgetrf___00027__qgetrf_.smt2	f2clapack	qgetrf_	41237	128	128	30	7	1	0	12	0	0	0	0	0	0
f2clapack.qgetrf_.qgetrf___00028__qgetrf_.smt2	f2clapack	qgetrf_	41083	128	128	29	7	1	0	12	0	0	0	0	0	0
f2clapack.qgetrf_.qgetrf___00029__qgetrf_.smt2	f2clapack	qgetrf_	41237	128	128	30	7	1	0	12	0	0	0	0	0	0
f2clapack.qgetrf_.qgetrf___00030__qgetrf_.smt2	f2clapack	qgetrf_	41237	128	128	30	7	1	0	12	0	0	0	0	0	0
f2clapack.qgetrf_.qgetrf___00031__qgetrf_.smt2	f2clapack	qgetrf_	41231	128	128	30	7	1	0	12	0	0	0	0	0	0
f2clapack.qgetrf_.qgetrf___00032__qgetrf_.smt2	f2clapack	qgetrf_	41231	128	128	30	7	1	0	12	0	0	0	0	0	0
f2clapack.qgetrf_.qgetrf___00033__qgetrf_.smt2	f2clapack	qgetrf_	32332	128	128	25	5	0	0	11	0	0	0	0	0	0
f2clapack.qgetrf_.qgetrf___00034__qgetrf_.smt2	f2clapack	qgetrf_	38860	128	128	27	5	1	0	11	0	0	0	0	0	0
f2clapack.qgetrf_.qgetrf___00035__qgetrf_.smt2	f2clapack	qgetrf_	40882	128	128	28	6	1	0	12	0	0	0	0	0	0
f2clapack.qgetrf_.qgetrf___00036__qgetrf_.smt2	f2clapack	qgetrf_	41036	128	128	29	6	1	0	12	0	0	0	0	0	0
f2clapack.qgetrf_.qgetrf___00037__qgetrf_.smt2	f2clapack	qgetrf_	41036	128	128	29	6	1	0	12	0	0	0	0	0	0
f2clapack.qgetrf_.qgetrf___00038__qgetrf_.smt2	f2clapack	qgetrf_	41030	128	128	29	6	1	0	12	0	0	0	0	0	0
f2clapack.qgetrf_.qgetrf___00039__qgetrf_.smt2	f2clapack	qgetrf_	41030	128	128	29	6	1	0	12	0	0	0	0	0	0
f2clapack.qgetrf_.qgetrf___00040__qgetrf_.smt2	f2clapack	qgetrf_	40870	128	128	28	6	1	0	12	0	0	0	0	0	0
f2clapack.qgetrf_.qgetrf___00041__qgetrf_.smt2	f2clapack	qgetrf_	41030	128	128	29	6	1	0	12	0	0	0	0	0	0
f2clapack.qgetrf_.qgetrf___00042__qgetrf_.smt2	f2clapack	qgetrf_	41030	128	128	29	6	1	0	12	0	0	0	0	0	0
f2clapack.qgetrf_.qgetrf___00043__qgetrf_.smt2	f2clapack	qgetrf_	41024	128	128	29	6	1	0	12	0	0	0	0	0	0
f2clapack.qgetrf_.qgetrf___00044__qgetrf_.smt2	f2clapack	qgetrf_	41024	128	128	29	6	1	0	12	0	0	0	0	0	0
f2clapack.qgetrf_.qgetrf___00045__qgetrf_.smt2	f2clapack	qgetrf_	19020	128	128	20	3	0	0	7	0	0	0	0	0	0
f2clapack.qgetrf_.qgetrf___00046__qgetrf_.smt2	f2clapack	qgetrf_	19292	128	128	20	3	0	0	7	0	0	0	0	0	0
f2clapack.qgetrf_.qgetrf___00047__qgetrf_.smt2	f2clapack	qgetrf_	19412	128	128	22	3	0	0	7	0	0	0	0	0	0
f2clapack.qgetrf_.qgetrf___00048__qgetrf_.smt2	f2clapack	qgetrf_	21367	128	128	22	5	0	0	9	0	0	0	0	0	0
f2clapack.qgetrf_.qgetrf___00049__qgetrf_.smt2	f2clapack	qgetrf_	22498	128	128	23	7	1	0	12	0	0	0	0	0	0
f2clapack.qgetrf_.qgetrf___00050__qgetrf_.smt2	f2clapack	qgetrf_	22492	128	128	23	7	1	0	12	0	0	0	0	0	0
f2clapack.qgetrf_.qgetrf___00051__qgetrf_.smt2	f2clapack	qgetrf_	21256	128	128	21	5	0	0	9	0	0	0	0	0	0
f2clapack.qgetrf_.qgetrf___00052__qgetrf_.smt2	f2clapack	qgetrf_	22306	128	128	22	6	1	0	12	0	0	0	0	0	0
f2clapack.qlascl_.qlascl_.smt2	f2clapack	qlascl_	73099	128	128	210	25	24	0	0	0	0	0	0	0	0
f2clapack.qlascl_.qlascl___00007__qlascl_.smt2	f2clapack	qlascl_	4048	128	128	8	1	1	0	0	0	0	0	0	0	0
f2clapack.qlascl_.qlascl___00008__qlascl_.smt2	f2clapack	qlascl_	3062	128	128	11	1	1	0	0	0	0	0	0	0	0
f2clapack.qlascl_.qlascl___00009__qlascl_.smt2	f2clapack	qlascl_	3172	128	128	12	1	2	0	0	0	0	0	0	0	0
f2clapack.qlascl_.qlascl___00010__qlascl_.smt2	f2clapack	qlascl_	3365	128	128	12	1	1	0	0	0	0	0	0	0	0
f2clapack.qlascl_.qlascl___00011__qlascl_.smt2	f2clapack	qlascl_	3625	128	128	14	1	2	0	0	0	0	0	0	0	0
f2clapack.qlascl_.qlascl___00012__qlascl_.smt2	f2clapack	qlascl_	3750	128	128	15	1	3	0	0	0	0	0	0	0	0
f2clapack.qlascl_.qlascl___00013__qlascl_.smt2	f2clapack	qlascl_	3947	128	128	15	1	2	0	0	0	0	0	0	0	0
f2clapack.qlascl_.qlascl___00014__qlascl_.smt2	f2clapack	qlascl_	4208	128	128	17	1	3	0	0	0	0	0	0	0	0
f2clapack.qlascl_.qlascl___00015__qlascl_.smt2	f2clapack	qlascl_	4106	128	128	10	1	1	0	0	0	0	0	0	0	0
f2clapack.qlascl_.qlascl___00016__qlascl_.smt2	f2clapack	qlascl_	4203	128	128	10	2	1	0	0	0	0	0	0	0	0
f2clapack.qlascl_.qlascl___00017__qlascl_.smt2	f2clapack	qlascl_	4704	128	128	12	2	1	0	0	0	0	0	0	0	0
f2clapack.qlascl_.qlascl___00018__qlascl_.smt2	f2clapack	qlascl_	5199	128	128	15	2	1	0	0	0	0	0	0	0	0
f2clapack.qlascl_.qlascl___00019__qlascl_.smt2	f2clapack	qlascl_	4810	128	128	13	3	1	0	0	0	0	0	0	0	0
f2clapack.qlascl_.qlascl___00020__qlascl_.smt2	f2clapack	qlascl_	5268	128	128	15	3	1	0	0	0	0	0	0	0	0
f2clapack.qlascl_.qlascl___00021__qlascl_.smt2	f2clapack	qlascl_	5193	128	128	15	2	1	0	0	0	0	0	0	0	0
f2clapack.qposv_.qposv_.smt2	f2clapack	qposv_	63814	128	128	69	54	30	18	69	0	0	0	0	0	0
f2clapack.qposv_.qposv___00004__qposv_.smt2	f2clapack	qposv_	3564	128	128	3	2	1	1	2	0	0	0	0	0	0
f2clapack.qposv_.qposv___00005__qposv_.smt2	f2clapack	qposv_	3566	128	128	4	2	1	1	2	0	0	0	0	0	0
f2clapack.qposv_.qposv___00006__qposv_.smt2	f2clapack	qposv_	3586	128	128	4	2	1	1	2	0	0	0	0	0	0
f2clapack.qposv_.qposv___00007__qposv_.smt2	f2clapack	qposv_	6404	128	128	7	5	3	2	6	0	0	0	0	0	0
f2clapack.qposv_.qposv___00008__qposv_.smt2	f2clapack	qposv_	6406	128	128	8	5	3	2	6	0	0	0	0	0	0
f2clapack.qposv_.qposv___00009__qposv_.smt2	f2clapack	qposv_	6426	128	128	8	5	3	2	6	0	0	0	0	0	0
f2clapack.qposv_.qposv___00010__qposv_.smt2	f2clapack	qposv_	10111	128	128	9	11	6	3	15	0	0	0	0	0	0
f2clapack.qposv_.qposv___00011__qposv_.smt2	f2clapack	qposv_	10113	128	128	10	11	6	3	15	0	0	0	0	0	0
f2clapack.qposv_.qposv___00012__qposv_.smt2	f2clapack	qposv_	10135	128	128	10	11	6	3	15	0	0	0	0	0	0
f2clapack.qpotf2_.qpotf2_.smt2	f2clapack	qpotf2_	33141	128	128	41	18	12	12	31	0	22	0	0	0	0
f2clapack.qpotf2_.qpotf2___00004__qpotf2_.smt2	f2clapack	qpotf2_	2410	128	128	3	1	1	1	1	0	2	0	0	0	0
f2clapack.qpotf2_.qpotf2___00005__qpotf2_.smt2	f2clapack	qpotf2_	2412	128	128	4	1	1	1	1	0	2	0	0	0	0
f2clapack.qpotf2_.qpotf2___00006__qpotf2_.smt2	f2clapack	qpotf2_	2438	128	128	4	1	1	1	1	0	2	0	0	0	0
f2clapack.qpotf2_.qpotf2___00007__qpotf2_.smt2	f2clapack	qpotf2_	4853	128	128	5	3	2	2	5	0	3	0	0	0	0
f2clapack.qpotf2_.qpotf2___00008__qpotf2_.smt2	f2clapack	qpotf2_	4855	128	128	6	3	2	2	5	0	3	0	0	0	0
f2clapack.qpotf2_.qpotf2___00009__qpotf2_.smt2	f2clapack	qpotf2_	4875	128	128	6	3	2	2	5	0	3	0	0	0	0
f2clapack.qpotf2_.qpotf2___00010__qpotf2_.smt2	f2clapack	qpotf2_	8145	128	128	7	6	3	3	13	0	4	0	0	0	0
f2clapack.qpotrf_.qpotrf_.smt2	f2clapack	qpotrf_	63814	128	128	69	54	30	18	69	0	0	0	0	0	0
f2clapack.qpotrf_.qpotrf___00004__qpotrf_.smt2	f2clapack	qpotrf_	3564	128	128	3	2	1	1	2	0	0	0	0	0	0
f2clapack.qpotrf_.qpotrf___00005__qpotrf_.smt2	f2clapack	qpotrf_	3566	128	128	4	2	1	1	2	0	0	0	0	0	0
f2clapack.qpotrf_.qpotrf___00006__qpotrf_.smt2	f2clapack	qpotrf_	3586	128	128	4	2	1	1	2	0	0	0	0	0	0
f2clapack.qpotrf_.qpotrf___00007__qpotrf_.smt2	f2clapack	qpotrf_	6404	128	128	7	5	3	2	6	0	0	0	0	0	0
f2clapack.qpotrf_.qpotrf___00008__qpotrf_.smt2	f2clapack	qpotrf_	6406	128	128	8	5	3	2	6	0	0	0	0	0	0
f2clapack.qpotrf_.qpotrf___00009__qpotrf_.smt2	f2clapack	qpotrf_	6426	128	128	8	5	3	2	6	0	0	0	0	0	0
f2clapack.qpotrf_.qpotrf___00010__qpotrf_.smt2	f2clapack	qpotrf_	10111	128	128	9	11	6	3	15	0	0	0	0	0	0
f2clapack.qpotrf_.qpotrf___00011__qpotrf_.smt2	f2clapack	qpotrf_	10113	128	128	10	11	6	3	15	0	0	0	0	0	0
f2clapack.qpotrf_.qpotrf___00012__qpotrf_.smt2	f2clapack	qpotrf_	10135	128	128	10	11	6	3	15	0	0	0	0	0	0
f2clapack.qpotrs_.qpotrs_.smt2	f2clapack	qpotrs_	188769	128	128	67	84	84	0	126	0	0	0	0	0	0
f2clapack.qpotrs_.qpotrs___00001__qpotrs_.smt2	f2clapack	qpotrs_	8792	128	128	1	4	4	0	6	0	0	0	0	0	0
f2clapack.qpotrs_.qpotrs___00002__qpotrs_.smt2	f2clapack	qpotrs_	8970	128	128	2	4	4	0	6	0	0	0	0	0	0
f2clapack.qpotrs_.qpotrs___00003__qpotrs_.smt2	f2clapack	qpotrs_	9061	128	128	3	4	4	0	6	0	0	0	0	0	0
f2clapack.qpotrs_.qpotrs___00004__qpotrs_.smt2	f2clapack	qpotrs_	9140	128	128	4	4	4	0	6	0	0	0	0	0	0
f2clapack.qpotrs_.qpotrs___00005__qpotrs_.smt2	f2clapack	qpotrs_	17733	128	128	5	8	8	0	12	0	0	0	0	0	0
f2clapack.qpotrs_.qpotrs___00006__qpotrs_.smt2	f2clapack	qpotrs_	17911	128	128	6	8	8	0	12	0	0	0	0	0	0
f2clapack.qpotrs_.qpotrs___00007__qpotrs_.smt2	f2clapack	qpotrs_	17996	128	128	7	8	8	0	12	0	0	0	0	0	0
f2clapack.qpotrs_.qpotrs___00008__qpotrs_.smt2	f2clapack	qpotrs_	18081	128	128	8	8	8	0	12	0	0	0	0	0	0
f2clapack.qpotrs_.qpotrs___00009__qpotrs_.smt2	f2clapack	qpotrs_	26704	128	128	9	12	12	0	18	0	0	0	0	0	0
f2clapack.qpotrs_.qpotrs___00010__qpotrs_.smt2	f2clapack	qpotrs_	26882	128	128	10	12	12	0	18	0	0	0	0	0	0
f2clapack.qpotrs_.qpotrs___00011__qpotrs_.smt2	f2clapack	qpotrs_	26967	128	128	11	12	12	0	18	0	0	0	0	0	0
f2clapack.qtrsm_.qtrsm_.smt2	f2clapack	qtrsm_	90196	128	128	98	0	20	0	37	0	0	0	0	0	0
f2clapack.qtrsm_.qtrsm___00019__qtrsm_.smt2	f2clapack	qtrsm_	3504	128	128	4	0	1	0	1	0	0	0	0	0	0
f2clapack.qtrsm_.qtrsm___00020__qtrsm_.smt2	f2clapack	qtrsm_	3536	128	128	4	0	1	0	1	0	0	0	0	0	0
f2clapack.qtrsm_.qtrsm___00021__qtrsm_.smt2	f2clapack	qtrsm_	4867	128	128	5	0	1	0	2	0	0	0	0	0	0
f2clapack.qtrsm_.qtrsm___00022__qtrsm_.smt2	f2clapack	qtrsm_	6349	128	128	7	0	2	0	3	0	0	0	0	0	0
f2clapack.qtrsm_.qtrsm___00023__qtrsm_.smt2	f2clapack	qtrsm_	3536	128	128	4	0	1	0	1	0	0	0	0	0	0
f2clapack.qtrsm_.qtrsm___00024__qtrsm_.smt2	f2clapack	qtrsm_	4867	128	128	5	0	1	0	2	0	0	0	0	0	0
f2clapack.qtrsm_.qtrsm___00025__qtrsm_.smt2	f2clapack	qtrsm_	6192	128	128	6	0	1	0	3	0	0	0	0	0	0
f2clapack.qtrsm_.qtrsm___00026__qtrsm_.smt2	f2clapack	qtrsm_	7631	128	128	8	0	2	0	4	0	0	0	0	0	0
f2clapack.qtrsm_.qtrsm___00027__qtrsm_.smt2	f2clapack	qtrsm_	6390	128	128	7	0	2	0	3	0	0	0	0	0	0
f2clapack.qtrsm_.qtrsm___00028__qtrsm_.smt2	f2clapack	qtrsm_	8313	128	128	8	0	2	0	5	0	0	0	0	0	0
f2clapack.qtrsm_.qtrsm___00029__qtrsm_.smt2	f2clapack	qtrsm_	9756	128	128	10	0	3	0	6	0	0	0	0	0	0
f2clapack.qtrsm_.qtrsm___00030__qtrsm_.smt2	f2clapack	qtrsm_	9756	128	128	10	0	3	0	6	0	0	0	0	0	0
f2clapack.qtrsv_.qtrsv_.smt2	f2clapack	qtrsv_	67855	128	128	73	0	17	0	31	0	0	0	0	0	0
f2clapack.qtrsv_.qtrsv___00005__qtrsv_.smt2	f2clapack	qtrsv_	3446	128	128	4	0	1	0	1	0	0	0	0	0	0
f2clapack.qtrsv_.qtrsv___00006__qtrsv_.smt2	f2clapack	qtrsv_	3488	128	128	4	0	1	0	1	0	0	0	0	0	0
f2clapack.qtrsv_.qtrsv___00007__qtrsv_.smt2	f2clapack	qtrsv_	4793	128	128	5	0	1	0	2	0	0	0	0	0	0
f2clapack.qtrsv_.qtrsv___00008__qtrsv_.smt2	f2clapack	qtrsv_	6275	128	128	7	0	2	0	3	0	0	0	0	0	0
f2clapack.qtrsv_.qtrsv___00009__qtrsv_.smt2	f2clapack	qtrsv_	3488	128	128	4	0	1	0	1	0	0	0	0	0	0
f2clapack.qtrsv_.qtrsv___00010__qtrsv_.smt2	f2clapack	qtrsv_	4803	128	128	5	0	1	0	2	0	0	0	0	0	0
f2clapack.qtrsv_.qtrsv___00011__qtrsv_.smt2	f2clapack	qtrsv_	6102	128	128	6	0	1	0	3	0	0	0	0	0	0
f2clapack.qtrsv_.qtrsv___00012__qtrsv_.smt2	f2clapack	qtrsv_	7541	128	128	8	0	2	0	4	0	0	0	0	0	0
f2clapack.qtrsv_.qtrsv___00013__qtrsv_.smt2	f2clapack	qtrsv_	6326	128	128	7	0	2	0	3	0	0	0	0	0	0
f2clapack.qtrsv_.qtrsv___00014__qtrsv_.smt2	f2clapack	qtrsv_	8223	128	128	8	0	2	0	5	0	0	0	0	0	0
f2clapack.qtrsv_.qtrsv___00015__qtrsv_.smt2	f2clapack	qtrsv_	9666	128	128	10	0	3	0	6	0	0	0	0	0	0
f2clapack.qtrtrs_.qtrtrs_.smt2	f2clapack	qtrtrs_	206487	128	128	254	0	43	0	67	0	0	0	0	0	0
f2clapack.qtrtrs_.qtrtrs___00022__qtrtrs_.smt2	f2clapack	qtrtrs_	4131	128	128	5	0	1	0	1	0	0	0	0	0	0
f2clapack.qtrtrs_.qtrtrs___00024__qtrtrs_.smt2	f2clapack	qtrtrs_	4179	128	128	5	0	1	0	1	0	0	0	0	0	0
f2clapack.qtrtrs_.qtrtrs___00025__qtrtrs_.smt2	f2clapack	qtrtrs_	5510	128	128	6	0	1	0	2	0	0	0	0	0	0
f2clapack.qtrtrs_.qtrtrs___00026__qtrtrs_.smt2	f2clapack	qtrtrs_	4821	128	128	7	0	1	0	1	0	0	0	0	0	0
f2clapack.qtrtrs_.qtrtrs___00027__qtrtrs_.smt2	f2clapack	qtrtrs_	7619	128	128	9	0	2	0	3	0	0	0	0	0	0
f2clapack.qtrtrs_.qtrtrs___00029__qtrtrs_.smt2	f2clapack	qtrtrs_	4179	128	128	5	0	1	0	1	0	0	0	0	0	0
f2clapack.qtrtrs_.qtrtrs___00030__qtrtrs_.smt2	f2clapack	qtrtrs_	5510	128	128	6	0	1	0	2	0	0	0	0	0	0
f2clapack.qtrtrs_.qtrtrs___00031__qtrtrs_.smt2	f2clapack	qtrtrs_	6835	128	128	7	0	1	0	3	0	0	0	0	0	0
f2clapack.qtrtrs_.qtrtrs___00032__qtrtrs_.smt2	f2clapack	qtrtrs_	6146	128	128	8	0	1	0	2	0	0	0	0	0	0
f2clapack.qtrtrs_.qtrtrs___00033__qtrtrs_.smt2	f2clapack	qtrtrs_	8911	128	128	10	0	2	0	4	0	0	0	0	0	0
f2clapack.qtrtrs_.qtrtrs___00034__qtrtrs_.smt2	f2clapack	qtrtrs_	4841	128	128	7	0	1	0	1	0	0	0	0	0	0
f2clapack.qtrtrs_.qtrtrs___00035__qtrtrs_.smt2	f2clapack	qtrtrs_	7676	128	128	9	0	2	0	3	0	0	0	0	0	0
f2clapack.qtrtrs_.qtrtrs___00036__qtrtrs_.smt2	f2clapack	qtrtrs_	9599	128	128	10	0	2	0	5	0	0	0	0	0	0
f2clapack.qtrtrs_.qtrtrs___00037__qtrtrs_.smt2	f2clapack	qtrtrs_	8318	128	128	11	0	2	0	3	0	0	0	0	0	0
f2clapack.qtrtrs_.qtrtrs___00038__qtrtrs_.smt2	f2clapack	qtrtrs_	11669	128	128	13	0	3	0	6	0	0	0	0	0	0
f2clapack.qtrtrs_.qtrtrs___00040__qtrtrs_.smt2	f2clapack	qtrtrs_	4135	128	128	5	0	1	0	1	0	0	0	0	0	0
f2clapack.qtrtrs_.qtrtrs___00041__qtrtrs_.smt2	f2clapack	qtrtrs_	4799	128	128	7	0	1	0	1	0	0	0	0	0	0
f2clapack.qtrtrs_.qtrtrs___00042__qtrtrs_.smt2	f2clapack	qtrtrs_	7479	128	128	9	0	2	0	2	0	0	0	0	0	0
f2clapack.qtrtrs_.qtrtrs___00043__qtrtrs_.smt2	f2clapack	qtrtrs_	8169	128	128	11	0	2	0	2	0	0	0	0	0	0
f2clapack.qtrtrs_.qtrtrs___00044__qtrtrs_.smt2	f2clapack	qtrtrs_	10886	128	128	13	0	3	0	4	0	0	0	0	0	0
f2clapack.qtrtrs_.qtrtrs___00045__qtrtrs_.smt2	f2clapack	qtrtrs_	9452	128	128	12	0	2	0	3	0	0	0	0	0	0
f2clapack.qtrtrs_.qtrtrs___00046__qtrtrs_.smt2	f2clapack	qtrtrs_	12169	128	128	14	0	3	0	5	0	0	0	0	0	0
f2clapack.qtrtrs_.qtrtrs___00047__qtrtrs_.smt2	f2clapack	qtrtrs_	11576	128	128	15	0	3	0	4	0	0	0	0	0	0
f2clapack.qtrtrs_.qtrtrs___00048__qtrtrs_.smt2	f2clapack	qtrtrs_	14927	128	128	17	0	4	0	7	0	0	0	0	0	0
sundials-f128.N_VConstrMask.N_VConstrMask.smt2	sundials-f128	N_VConstrMask	135019	128	128	167	31	0	0	0	0	0	0	0	0	0
sundials-f128.N_VConstrMask.N_VConstrMask__00026__N_VConstrMask.smt2	sundials-f128	N_VConstrMask	2910	128	128	3	1	0	0	0	0	0	0	0	0	0
sundials-f128.N_VConstrMask.N_VConstrMask__00027__N_VConstrMask.smt2	sundials-f128	N_VConstrMask	2912	128	128	4	1	0	0	0	0	0	0	0	0	0
sundials-f128.N_VConstrMask.N_VConstrMask__00028__N_VConstrMask.smt2	sundials-f128	N_VConstrMask	3593	128	128	4	1	0	0	0	0	0	0	0	0	0
sundials-f128.N_VConstrMask.N_VConstrMask__00029__N_VConstrMask.smt2	sundials-f128	N_VConstrMask	2976	128	128	4	1	0	0	0	0	0	0	0	0	0
sundials-f128.N_VConstrMask.N_VConstrMask__00031__N_VConstrMask.smt2	sundials-f128	N_VConstrMask	2894	128	128	3	1	0	0	0	0	0	0	0	0	0
sundials-f128.N_VConstrMask.N_VConstrMask__00032__N_VConstrMask.smt2	sundials-f128	N_VConstrMask	2896	128	128	4	1	0	0	0	0	0	0	0	0	0
sundials-f128.N_VConstrMask.N_VConstrMask__00033__N_VConstrMask.smt2	sundials-f128	N_VConstrMask	3573	128	128	4	1	0	0	0	0	0	0	0	0	0
sundials-f128.N_VConstrMask.N_VConstrMask__00034__N_VConstrMask.smt2	sundials-f128	N_VConstrMask	2960	128	128	4	1	0	0	0	0	0	0	0	0	0
sundials-f128.N_VConstrMask.N_VConstrMask__00036__N_VConstrMask.smt2	sundials-f128	N_VConstrMask	2846	128	128	3	1	0	0	0	0	0	0	0	0	0
sundials-f128.N_VConstrMask.N_VConstrMask__00037__N_VConstrMask.smt2	sundials-f128	N_VConstrMask	2848	128	128	4	1	0	0	0	0	0	0	0	0	0
sundials-f128.N_VConstrMask.N_VConstrMask__00038__N_VConstrMask.smt2	sundials-f128	N_VConstrMask	3513	128	128	4	1	0	0	0	0	0	0	0	0	0
sundials-f128.N_VConstrMask.N_VConstrMask__00039__N_VConstrMask.smt2	sundials-f128	N_VConstrMask	2912	128	128	4	1	0	0	0	0	0	0	0	0	0
sundials-f128.N_VConstrMask.N_VConstrMask__00041__N_VConstrMask.smt2	sundials-f128	N_VConstrMask	2846	128	128	3	1	0	0	0	0	0	0	0	0	0
sundials-f128.N_VConstrMask.N_VConstrMask__00042__N_VConstrMask.smt2	sundials-f128	N_VConstrMask	2848	128	128	4	1	0	0	0	0	0	0	0	0	0
sundials-f128.N_VConstrMask.N_VConstrMask__00043__N_VConstrMask.smt2	sundials-f128	N_VConstrMask	3513	128	128	4	1	0	0	0	0	0	0	0	0	0
sundials-f128.N_VConstrMask.N_VConstrMask__00044__N_VConstrMask.smt2	sundials-f128	N_VConstrMask	2912	128	128	4	1	0	0	0	0	0	0	0	0	0
sundials-f128.N_VConstrMask.N_VConstrMask__00046__N_VConstrMask.smt2	sundials-f128	N_VConstrMask	2846	128	128	3	1	0	0	0	0	0	0	0	0	0
sundials-f128.N_VConstrMask.N_VConstrMask__00047__N_VConstrMask.smt2	sundials-f128	N_VConstrMask	2848	128	128	4	1	0	0	0	0	0	0	0	0	0
sundials-f128.N_VConstrMask.N_VConstrMask__00048__N_VConstrMask.smt2	sundials-f128	N_VConstrMask	3513	128	128	4	1	0	0	0	0	0	0	0	0	0
sundials-f128.N_VConstrMask.N_VConstrMask__00049__N_VConstrMask.smt2	sundials-f128	N_VConstrMask	2912	128	128	4	1	0	0	0	0	0	0	0	0	0
sundials-f128.N_VConstrMask.N_VConstrMask__00051__N_VConstrMask.smt2	sundials-f128	N_VConstrMask	2846	128	128	3	1	0	0	0	0	0	0	0	0	0
sundials-f128.N_VConstrMask.N_VConstrMask__00052__N_VConstrMask.smt2	sundials-f128	N_VConstrMask	2848	128	128	4	1	0	0	0	0	0	0	0	0	0
sundials-f128.N_VConstrMask.N_VConstrMask__00053__N_VConstrMask.smt2	sundials-f128	N_VConstrMask	3513	128	128	4	1	0	0	0	0	0	0	0	0	0
sundials-f128.N_VConstrMask.N_VConstrMask__00054__N_VConstrMask.smt2	sundials-f128	N_VConstrMask	2912	128	128	4	1	0	0	0	0	0	0	0	0	0
sundials-f128.N_VConstrMaskLocal.N_VConstrMaskLocal.smt2	sundials-f128	N_VConstrMaskLocal	135019	128	128	167	31	0	0	0	0	0	0	0	0	0
sundials-f128.N_VConstrMaskLocal.N_VConstrMaskLocal__00026__N_VConstrMaskLocal.smt2	sundials-f128	N_VConstrMaskLocal	2910	128	128	3	1	0	0	0	0	0	0	0	0	0
sundials-f128.N_VConstrMaskLocal.N_VConstrMaskLocal__00027__N_VConstrMaskLocal.smt2	sundials-f128	N_VConstrMaskLocal	2912	128	128	4	1	0	0	0	0	0	0	0	0	0
sundials-f128.N_VConstrMaskLocal.N_VConstrMaskLocal__00028__N_VConstrMaskLocal.smt2	sundials-f128	N_VConstrMaskLocal	3593	128	128	4	1	0	0	0	0	0	0	0	0	0
sundials-f128.N_VConstrMaskLocal.N_VConstrMaskLocal__00029__N_VConstrMaskLocal.smt2	sundials-f128	N_VConstrMaskLocal	2976	128	128	4	1	0	0	0	0	0	0	0	0	0
sundials-f128.N_VConstrMaskLocal.N_VConstrMaskLocal__00031__N_VConstrMaskLocal.smt2	sundials-f128	N_VConstrMaskLocal	2894	128	128	3	1	0	0	0	0	0	0	0	0	0
sundials-f128.N_VConstrMaskLocal.N_VConstrMaskLocal__00032__N_VConstrMaskLocal.smt2	sundials-f128	N_VConstrMaskLocal	2896	128	128	4	1	0	0	0	0	0	0	0	0	0
sundials-f128.N_VConstrMaskLocal.N_VConstrMaskLocal__00033__N_VConstrMaskLocal.smt2	sundials-f128	N_VConstrMaskLocal	3573	128	128	4	1	0	0	0	0	0	0	0	0	0
sundials-f128.N_VConstrMaskLocal.N_VConstrMaskLocal__00034__N_VConstrMaskLocal.smt2	sundials-f128	N_VConstrMaskLocal	2960	128	128	4	1	0	0	0	0	0	0	0	0	0
sundials-f128.N_VConstrMaskLocal.N_VConstrMaskLocal__00036__N_VConstrMaskLocal.smt2	sundials-f128	N_VConstrMaskLocal	2846	128	128	3	1	0	0	0	0	0	0	0	0	0
sundials-f128.N_VConstrMaskLocal.N_VConstrMaskLocal__00037__N_VConstrMaskLocal.smt2	sundials-f128	N_VConstrMaskLocal	2848	128	128	4	1	0	0	0	0	0	0	0	0	0
sundials-f128.N_VConstrMaskLocal.N_VConstrMaskLocal__00038__N_VConstrMaskLocal.smt2	sundials-f128	N_VConstrMaskLocal	3513	128	128	4	1	0	0	0	0	0	0	0	0	0
sundials-f128.N_VConstrMaskLocal.N_VConstrMaskLocal__00039__N_VConstrMaskLocal.smt2	sundials-f128	N_VConstrMaskLocal	2912	128	128	4	1	0	0	0	0	0	0	0	0	0
sundials-f128.N_VConstrMaskLocal.N_VConstrMaskLocal__00041__N_VConstrMaskLocal.smt2	sundials-f128	N_VConstrMaskLocal	2846	128	128	3	1	0	0	0	0	0	0	0	0	0
sundials-f128.N_VConstrMaskLocal.N_VConstrMaskLocal__00042__N_VConstrMaskLocal.smt2	sundials-f128	N_VConstrMaskLocal	2848	128	128	4	1	0	0	0	0	0	0	0	0	0
sundials-f128.N_VConstrMaskLocal.N_VConstrMaskLocal__00043__N_VConstrMaskLocal.smt2	sundials-f128	N_VConstrMaskLocal	3513	128	128	4	1	0	0	0	0	0	0	0	0	0
sundials-f128.N_VConstrMaskLocal.N_VConstrMaskLocal__00044__N_VConstrMaskLocal.smt2	sundials-f128	N_VConstrMaskLocal	2912	128	128	4	1	0	0	0	0	0	0	0	0	0
sundials-f128.N_VConstrMaskLocal.N_VConstrMaskLocal__00046__N_VConstrMaskLocal.smt2	sundials-f128	N_VConstrMaskLocal	2846	128	128	3	1	0	0	0	0	0	0	0	0	0
sundials-f128.N_VConstrMaskLocal.N_VConstrMaskLocal__00047__N_VConstrMaskLocal.smt2	sundials-f128	N_VConstrMaskLocal	2848	128	128	4	1	0	0	0	0	0	0	0	0	0
sundials-f128.N_VConstrMaskLocal.N_VConstrMaskLocal__00048__N_VConstrMaskLocal.smt2	sundials-f128	N_VConstrMaskLocal	3513	128	128	4	1	0	0	0	0	0	0	0	0	0
sundials-f128.N_VConstrMaskLocal.N_VConstrMaskLocal__00049__N_VConstrMaskLocal.smt2	sundials-f128	N_VConstrMaskLocal	2912	128	128	4	1	0	0	0	0	0	0	0	0	0
sundials-f128.N_VConstrMaskLocal.N_VConstrMaskLocal__00051__N_VConstrMaskLocal.smt2	sundials-f128	N_VConstrMaskLocal	2846	128	128	3	1	0	0	0	0	0	0	0	0	0
sundials-f128.N_VConstrMaskLocal.N_VConstrMaskLocal__00052__N_VConstrMaskLocal.smt2	sundials-f128	N_VConstrMaskLocal	2848	128	128	4	1	0	0	0	0	0	0	0	0	0
sundials-f128.N_VConstrMaskLocal.N_VConstrMaskLocal__00053__N_VConstrMaskLocal.smt2	sundials-f128	N_VConstrMaskLocal	3513	128	128	4	1	0	0	0	0	0	0	0	0	0
sundials-f128.N_VConstrMaskLocal.N_VConstrMaskLocal__00054__N_VConstrMaskLocal.smt2	sundials-f128	N_VConstrMaskLocal	2912	128	128	4	1	0	0	0	0	0	0	0	0	0
sundials-f128.N_VConstrMask_Serial.N_VConstrMask_Serial.smt2	sundials-f128	N_VConstrMask_Serial	135019	128	128	167	31	0	0	0	0	0	0	0	0	0
sundials-f128.N_VConstrMask_Serial.N_VConstrMask_Serial__00026__N_VConstrMask_Serial.smt2	sundials-f128	N_VConstrMask_Serial	2910	128	128	3	1	0	0	0	0	0	0	0	0	0
sundials-f128.N_VConstrMask_Serial.N_VConstrMask_Serial__00027__N_VConstrMask_Serial.smt2	sundials-f128	N_VConstrMask_Serial	2912	128	128	4	1	0	0	0	0	0	0	0	0	0
sundials-f128.N_VConstrMask_Serial.N_VConstrMask_Serial__00028__N_VConstrMask_Serial.smt2	sundials-f128	N_VConstrMask_Serial	3593	128	128	4	1	0	0	0	0	0	0	0	0	0
sundials-f128.N_VConstrMask_Serial.N_VConstrMask_Serial__00029__N_VConstrMask_Serial.smt2	sundials-f128	N_VConstrMask_Serial	2976	128	128	4	1	0	0	0	0	0	0	0	0	0
sundials-f128.N_VConstrMask_Serial.N_VConstrMask_Serial__00031__N_VConstrMask_Serial.smt2	sundials-f128	N_VConstrMask_Serial	2894	128	128	3	1	0	0	0	0	0	0	0	0	0
sundials-f128.N_VConstrMask_Serial.N_VConstrMask_Serial__00032__N_VConstrMask_Serial.smt2	sundials-f128	N_VConstrMask_Serial	2896	128	128	4	1	0	0	0	0	0	0	0	0	0
sundials-f128.N_VConstrMask_Serial.N_VConstrMask_Serial__00033__N_VConstrMask_Serial.smt2	sundials-f128	N_VConstrMask_Serial	3573	128	128	4	1	0	0	0	0	0	0	0	0	0
sundials-f128.N_VConstrMask_Serial.N_VConstrMask_Serial__00034__N_VConstrMask_Serial.smt2	sundials-f128	N_VConstrMask_Serial	2960	128	128	4	1	0	0	0	0	0	0	0	0	0
sundials-f128.N_VConstrMask_Serial.N_VConstrMask_Serial__00036__N_VConstrMask_Serial.smt2	sundials-f128	N_VConstrMask_Serial	2846	128	128	3	1	0	0	0	0	0	0	0	0	0
sundials-f128.N_VConstrMask_Serial.N_VConstrMask_Serial__00037__N_VConstrMask_Serial.smt2	sundials-f128	N_VConstrMask_Serial	2848	128	128	4	1	0	0	0	0	0	0	0	0	0
sundials-f128.N_VConstrMask_Serial.N_VConstrMask_Serial__00038__N_VConstrMask_Serial.smt2	sundials-f128	N_VConstrMask_Serial	3513	128	128	4	1	0	0	0	0	0	0	0	0	0
sundials-f128.N_VConstrMask_Serial.N_VConstrMask_Serial__00039__N_VConstrMask_Serial.smt2	sundials-f128	N_VConstrMask_Serial	2912	128	128	4	1	0	0	0	0	0	0	0	0	0
sundials-f128.N_VConstrMask_Serial.N_VConstrMask_Serial__00041__N_VConstrMask_Serial.smt2	sundials-f128	N_VConstrMask_Serial	2846	128	128	3	1	0	0	0	0	0	0	0	0	0
sundials-f128.N_VConstrMask_Serial.N_VConstrMask_Serial__00042__N_VConstrMask_Serial.smt2	sundials-f128	N_VConstrMask_Serial	2848	128	128	4	1	0	0	0	0	0	0	0	0	0
sundials-f128.N_VConstrMask_Serial.N_VConstrMask_Serial__00043__N_VConstrMask_Serial.smt2	sundials-f128	N_VConstrMask_Serial	3513	128	128	4	1	0	0	0	0	0	0	0	0	0
sundials-f128.N_VConstrMask_Serial.N_VConstrMask_Serial__00044__N_VConstrMask_Serial.smt2	sundials-f128	N_VConstrMask_Serial	2912	128	128	4	1	0	0	0	0	0	0	0	0	0
sundials-f128.N_VConstrMask_Serial.N_VConstrMask_Serial__00046__N_VConstrMask_Serial.smt2	sundials-f128	N_VConstrMask_Serial	2846	128	128	3	1	0	0	0	0	0	0	0	0	0
sundials-f128.N_VConstrMask_Serial.N_VConstrMask_Serial__00047__N_VConstrMask_Serial.smt2	sundials-f128	N_VConstrMask_Serial	2848	128	128	4	1	0	0	0	0	0	0	0	0	0
sundials-f128.N_VConstrMask_Serial.N_VConstrMask_Serial__00048__N_VConstrMask_Serial.smt2	sundials-f128	N_VConstrMask_Serial	3513	128	128	4	1	0	0	0	0	0	0	0	0	0
sundials-f128.N_VConstrMask_Serial.N_VConstrMask_Serial__00049__N_VConstrMask_Serial.smt2	sundials-f128	N_VConstrMask_Serial	2912	128	128	4	1	0	0	0	0	0	0	0	0	0
sundials-f128.N_VConstrMask_Serial.N_VConstrMask_Serial__00051__N_VConstrMask_Serial.smt2	sundials-f128	N_VConstrMask_Serial	2846	128	128	3	1	0	0	0	0	0	0	0	0	0
sundials-f128.N_VConstrMask_Serial.N_VConstrMask_Serial__00052__N_VConstrMask_Serial.smt2	sundials-f128	N_VConstrMask_Serial	2848	128	128	4	1	0	0	0	0	0	0	0	0	0
sundials-f128.N_VConstrMask_Serial.N_VConstrMask_Serial__00053__N_VConstrMask_Serial.smt2	sundials-f128	N_VConstrMask_Serial	3513	128	128	4	1	0	0	0	0	0	0	0	0	0
sundials-f128.N_VConstrMask_Serial.N_VConstrMask_Serial__00054__N_VConstrMask_Serial.smt2	sundials-f128	N_VConstrMask_Serial	2912	128	128	4	1	0	0	0	0	0	0	0	0	0
sundials-f128.N_VWL2Norm.N_VWL2Norm.smt2	sundials-f128	N_VWL2Norm	21110	128	128	4	16	0	0	16	0	0	0	0	0	0
sundials-f128.N_VWL2Norm.N_VWL2Norm__00001__N_VWL2Norm.smt2	sundials-f128	N_VWL2Norm	10464	128	128	1	8	0	0	8	0	0	0	0	0	0
sundials-f128.N_VWL2Norm.N_VWL2Norm__00002__N_VWL2Norm.smt2	sundials-f128	N_VWL2Norm	10466	128	128	2	8	0	0	8	0	0	0	0	0	0
sundials-f128.N_VWL2Norm_Serial.N_VWL2Norm_Serial.smt2	sundials-f128	N_VWL2Norm_Serial	21110	128	128	4	16	0	0	16	0	0	0	0	0	0
sundials-f128.N_VWL2Norm_Serial.N_VWL2Norm_Serial__00001__N_VWL2Norm_Serial.smt2	sundials-f128	N_VWL2Norm_Serial	10464	128	128	1	8	0	0	8	0	0	0	0	0	0
sundials-f128.N_VWL2Norm_Serial.N_VWL2Norm_Serial__00002__N_VWL2Norm_Serial.smt2	sundials-f128	N_VWL2Norm_Serial	10466	128	128	2	8	0	0	8	0	0	0	0	0	0
sundials-f128.N_VWrmsNorm.N_VWrmsNorm.smt2	sundials-f128	N_VWrmsNorm	21272	128	128	4	16	2	0	16	0	0	0	0	0	0
sundials-f128.N_VWrmsNorm.N_VWrmsNorm__00001__N_VWrmsNorm.smt2	sundials-f128	N_VWrmsNorm	10545	128	128	1	8	1	0	8	0	0	0	0	0	0
sundials-f128.N_VWrmsNorm.N_VWrmsNorm__00002__N_VWrmsNorm.smt2	sundials-f128	N_VWrmsNorm	10547	128	128	2	8	1	0	8	0	0	0	0	0	0
sundials-f128.N_VWrmsNormMask.N_VWrmsNormMask.smt2	sundials-f128	N_VWrmsNormMask	1146730	128	128	366	808	238	0	808	0	0	0	0	0	0
sundials-f128.N_VWrmsNormMask.N_VWrmsNormMask__00009__N_VWrmsNormMask.smt2	sundials-f128	N_VWrmsNormMask	1742	128	128	1	1	1	0	1	0	0	0	0	0	0
sundials-f128.N_VWrmsNormMask.N_VWrmsNormMask__00010__N_VWrmsNormMask.smt2	sundials-f128	N_VWrmsNormMask	1744	128	128	2	1	1	0	1	0	0	0	0	0	0
sundials-f128.N_VWrmsNormMask.N_VWrmsNormMask__00011__N_VWrmsNormMask.smt2	sundials-f128	N_VWrmsNormMask	1734	128	128	1	1	1	0	1	0	0	0	0	0	0
sundials-f128.N_VWrmsNormMask.N_VWrmsNormMask__00012__N_VWrmsNormMask.smt2	sundials-f128	N_VWrmsNormMask	1736	128	128	2	1	1	0	1	0	0	0	0	0	0
sundials-f128.N_VWrmsNormMask.N_VWrmsNormMask__00013__N_VWrmsNormMask.smt2	sundials-f128	N_VWrmsNormMask	3023	128	128	1	2	1	0	2	0	0	0	0	0	0
sundials-f128.N_VWrmsNormMask.N_VWrmsNormMask__00014__N_VWrmsNormMask.smt2	sundials-f128	N_VWrmsNormMask	3025	128	128	2	2	1	0	2	0	0	0	0	0	0
sundials-f128.N_VWrmsNormMask.N_VWrmsNormMask__00015__N_VWrmsNormMask.smt2	sundials-f128	N_VWrmsNormMask	1710	128	128	1	1	1	0	1	0	0	0	0	0	0
sundials-f128.N_VWrmsNormMask.N_VWrmsNormMask__00016__N_VWrmsNormMask.smt2	sundials-f128	N_VWrmsNormMask	1712	128	128	2	1	1	0	1	0	0	0	0	0	0
sundials-f128.N_VWrmsNormMask.N_VWrmsNormMask__00017__N_VWrmsNormMask.smt2	sundials-f128	N_VWrmsNormMask	2999	128	128	1	2	1	0	2	0	0	0	0	0	0
sundials-f128.N_VWrmsNormMask.N_VWrmsNormMask__00018__N_VWrmsNormMask.smt2	sundials-f128	N_VWrmsNormMask	3001	128	128	2	2	1	0	2	0	0	0	0	0	0
sundials-f128.N_VWrmsNormMask.N_VWrmsNormMask__00019__N_VWrmsNormMask.smt2	sundials-f128	N_VWrmsNormMask	2991	128	128	1	2	1	0	2	0	0	0	0	0	0
sundials-f128.N_VWrmsNormMask.N_VWrmsNormMask__00020__N_VWrmsNormMask.smt2	sundials-f128	N_VWrmsNormMask	2993	128	128	2	2	1	0	2	0	0	0	0	0	0
sundials-f128.N_VWrmsNormMask.N_VWrmsNormMask__00021__N_VWrmsNormMask.smt2	sundials-f128	N_VWrmsNormMask	4280	128	128	1	3	1	0	3	0	0	0	0	0	0
sundials-f128.N_VWrmsNormMask.N_VWrmsNormMask__00022__N_VWrmsNormMask.smt2	sundials-f128	N_VWrmsNormMask	4282	128	128	2	3	1	0	3	0	0	0	0	0	0
sundials-f128.N_VWrmsNormMask.N_VWrmsNormMask__00023__N_VWrmsNormMask.smt2	sundials-f128	N_VWrmsNormMask	1710	128	128	1	1	1	0	1	0	0	0	0	0	0
sundials-f128.N_VWrmsNormMask.N_VWrmsNormMask__00024__N_VWrmsNormMask.smt2	sundials-f128	N_VWrmsNormMask	1712	128	128	2	1	1	0	1	0	0	0	0	0	0
sundials-f128.N_VWrmsNormMask.N_VWrmsNormMask__00025__N_VWrmsNormMask.smt2	sundials-f128	N_VWrmsNormMask	2999	128	128	1	2	1	0	2	0	0	0	0	0	0
sundials-f128.N_VWrmsNormMask.N_VWrmsNormMask__00026__N_VWrmsNormMask.smt2	sundials-f128	N_VWrmsNormMask	3001	128	128	2	2	1	0	2	0	0	0	0	0	0
sundials-f128.N_VWrmsNormMask.N_VWrmsNormMask__00027__N_VWrmsNormMask.smt2	sundials-f128	N_VWrmsNormMask	2991	128	128	1	2	1	0	2	0	0	0	0	0	0
sundials-f128.N_VWrmsNormMask.N_VWrmsNormMask__00028__N_VWrmsNormMask.smt2	sundials-f128	N_VWrmsNormMask	2993	128	128	2	2	1	0	2	0	0	0	0	0	0
sundials-f128.N_VWrmsNormMask.N_VWrmsNormMask__00029__N_VWrmsNormMask.smt2	sundials-f128	N_VWrmsNormMask	4280	128	128	1	3	1	0	3	0	0	0	0	0	0
sundials-f128.N_VWrmsNormMask.N_VWrmsNormMask__00030__N_VWrmsNormMask.smt2	sundials-f128	N_VWrmsNormMask	4282	128	128	2	3	1	0	3	0	0	0	0	0	0
sundials-f128.N_VWrmsNormMask.N_VWrmsNormMask__00031__N_VWrmsNormMask.smt2	sundials-f128	N_VWrmsNormMask	2967	128	128	1	2	1	0	2	0	0	0	0	0	0
sundials-f128.N_VWrmsNormMask.N_VWrmsNormMask__00032__N_VWrmsNormMask.smt2	sundials-f128	N_VWrmsNormMask	2969	128	128	2	2	1	0	2	0	0	0	0	0	0
sundials-f128.N_VWrmsNormMask.N_VWrmsNormMask__00033__N_VWrmsNormMask.smt2	sundials-f128	N_VWrmsNormMask	4256	128	128	1	3	1	0	3	0	0	0	0	0	0
sundials-f128.N_VWrmsNormMask.N_VWrmsNormMask__00034__N_VWrmsNormMask.smt2	sundials-f128	N_VWrmsNormMask	4258	128	128	2	3	1	0	3	0	0	0	0	0	0
sundials-f128.N_VWrmsNormMask.N_VWrmsNormMask__00035__N_VWrmsNormMask.smt2	sundials-f128	N_VWrmsNormMask	4248	128	128	1	3	1	0	3	0	0	0	0	0	0
sundials-f128.N_VWrmsNormMask.N_VWrmsNormMask__00036__N_VWrmsNormMask.smt2	sundials-f128	N_VWrmsNormMask	4250	128	128	2	3	1	0	3	0	0	0	0	0	0
sundials-f128.N_VWrmsNormMask.N_VWrmsNormMask__00037__N_VWrmsNormMask.smt2	sundials-f128	N_VWrmsNormMask	5537	128	128	1	4	1	0	4	0	0	0	0	0	0
sundials-f128.N_VWrmsNormMask.N_VWrmsNormMask__00038__N_VWrmsNormMask.smt2	sundials-f128	N_VWrmsNormMask	5539	128	128	2	4	1	0	4	0	0	0	0	0	0
sundials-f128.N_VWrmsNormMask.N_VWrmsNormMask__00039__N_VWrmsNormMask.smt2	sundials-f128	N_VWrmsNormMask	1710	128	128	1	1	1	0	1	0	0	0	0	0	0
sundials-f128.N_VWrmsNormMask.N_VWrmsNormMask__00040__N_VWrmsNormMask.smt2	sundials-f128	N_VWrmsNormMask	1712	128	128	2	1	1	0	1	0	0	0	0	0	0
sundials-f128.N_VWrmsNormMask.N_VWrmsNormMask__00041__N_VWrmsNormMask.smt2	sundials-f128	N_VWrmsNormMask	2999	128	128	1	2	1	0	2	0	0	0	0	0	0
sundials-f128.N_VWrmsNormMask.N_VWrmsNormMask__00042__N_VWrmsNormMask.smt2	sundials-f128	N_VWrmsNormMask	3001	128	128	2	2	1	0	2	0	0	0	0	0	0
sundials-f128.N_VWrmsNormMask.N_VWrmsNormMask__00043__N_VWrmsNormMask.smt2	sundials-f128	N_VWrmsNormMask	2991	128	128	1	2	1	0	2	0	0	0	0	0	0
sundials-f128.N_VWrmsNormMask.N_VWrmsNormMask__00044__N_VWrmsNormMask.smt2	sundials-f128	N_VWrmsNormMask	2993	128	128	2	2	1	0	2	0	0	0	0	0	0
sundials-f128.N_VWrmsNormMask.N_VWrmsNormMask__00045__N_VWrmsNormMask.smt2	sundials-f128	N_VWrmsNormMask	4280	128	128	1	3	1	0	3	0	0	0	0	0	0
sundials-f128.N_VWrmsNormMask.N_VWrmsNormMask__00046__N_VWrmsNormMask.smt2	sundials-f128	N_VWrmsNormMask	4282	128	128	2	3	1	0	3	0	0	0	0	0	0
sundials-f128.N_VWrmsNormMask.N_VWrmsNormMask__00047__N_VWrmsNormMask.smt2	sundials-f128	N_VWrmsNormMask	2967	128	128	1	2	1	0	2	0	0	0	0	0	0
sundials-f128.N_VWrmsNormMask.N_VWrmsNormMask__00048__N_VWrmsNormMask.smt2	sundials-f128	N_VWrmsNormMask	2969	128	128	2	2	1	0	2	0	0	0	0	0	0
sundials-f128.N_VWrmsNormMask.N_VWrmsNormMask__00049__N_VWrmsNormMask.smt2	sundials-f128	N_VWrmsNormMask	4256	128	128	1	3	1	0	3	0	0	0	0	0	0
sundials-f128.N_VWrmsNormMask.N_VWrmsNormMask__00050__N_VWrmsNormMask.smt2	sundials-f128	N_VWrmsNormMask	4258	128	128	2	3	1	0	3	0	0	0	0	0	0
sundials-f128.N_VWrmsNormMask.N_VWrmsNormMask__00051__N_VWrmsNormMask.smt2	sundials-f128	N_VWrmsNormMask	4248	128	128	1	3	1	0	3	0	0	0	0	0	0
sundials-f128.N_VWrmsNormMask.N_VWrmsNormMask__00052__N_VWrmsNormMask.smt2	sundials-f128	N_VWrmsNormMask	4250	128	128	2	3	1	0	3	0	0	0	0	0	0
sundials-f128.N_VWrmsNormMask.N_VWrmsNormMask__00053__N_VWrmsNormMask.smt2	sundials-f128	N_VWrmsNormMask	5537	128	128	1	4	1	0	4	0	0	0	0	0	0
sundials-f128.N_VWrmsNormMask.N_VWrmsNormMask__00054__N_VWrmsNormMask.smt2	sundials-f128	N_VWrmsNormMask	5539	128	128	2	4	1	0	4	0	0	0	0	0	0
sundials-f128.N_VWrmsNormMask.N_VWrmsNormMask__00055__N_VWrmsNormMask.smt2	sundials-f128	N_VWrmsNormMask	2967	128	128	1	2	1	0	2	0	0	0	0	0	0
sundials-f128.N_VWrmsNormMask.N_VWrmsNormMask__00056__N_VWrmsNormMask.smt2	sundials-f128	N_VWrmsNormMask	2969	128	128	2	2	1	0	2	0	0	0	0	0	0
sundials-f128.N_VWrmsNormMask.N_VWrmsNormMask__00057__N_VWrmsNormMask.smt2	sundials-f128	N_VWrmsNormMask	4256	128	128	1	3	1	0	3	0	0	0	0	0	0
sundials-f128.N_VWrmsNormMask.N_VWrmsNormMask__00058__N_VWrmsNormMask.smt2	sundials-f128	N_VWrmsNormMask	4258	128	128	2	3	1	0	3	0	0	0	0	0	0
sundials-f128.N_VWrmsNormMask.N_VWrmsNormMask__00059__N_VWrmsNormMask.smt2	sundials-f128	N_VWrmsNormMask	4248	128	128	1	3	1	0	3	0	0	0	0	0	0
sundials-f128.N_VWrmsNormMask.N_VWrmsNormMask__00060__N_VWrmsNormMask.smt2	sundials-f128	N_VWrmsNormMask	4250	128	128	2	3	1	0	3	0	0	0	0	0	0
sundials-f128.N_VWrmsNormMask.N_VWrmsNormMask__00061__N_VWrmsNormMask.smt2	sundials-f128	N_VWrmsNormMask	5537	128	128	1	4	1	0	4	0	0	0	0	0	0
sundials-f128.N_VWrmsNormMask.N_VWrmsNormMask__00062__N_VWrmsNormMask.smt2	sundials-f128	N_VWrmsNormMask	5539	128	128	2	4	1	0	4	0	0	0	0	0	0
sundials-f128.N_VWrmsNormMask.N_VWrmsNormMask__00063__N_VWrmsNormMask.smt2	sundials-f128	N_VWrmsNormMask	4224	128	128	1	3	1	0	3	0	0	0	0	0	0
sundials-f128.N_VWrmsNormMask.N_VWrmsNormMask__00064__N_VWrmsNormMask.smt2	sundials-f128	N_VWrmsNormMask	4226	128	128	2	3	1	0	3	0	0	0	0	0	0
sundials-f128.N_VWrmsNormMask.N_VWrmsNormMask__00065__N_VWrmsNormMask.smt2	sundials-f128	N_VWrmsNormMask	5513	128	128	1	4	1	0	4	0	0	0	0	0	0
sundials-f128.N_VWrmsNormMask.N_VWrmsNormMask__00066__N_VWrmsNormMask.smt2	sundials-f128	N_VWrmsNormMask	5515	128	128	2	4	1	0	4	0	0	0	0	0	0
sundials-f128.N_VWrmsNormMask.N_VWrmsNormMask__00067__N_VWrmsNormMask.smt2	sundials-f128	N_VWrmsNormMask	5505	128	128	1	4	1	0	4	0	0	0	0	0	0
sundials-f128.N_VWrmsNormMask.N_VWrmsNormMask__00068__N_VWrmsNormMask.smt2	sundials-f128	N_VWrmsNormMask	5507	128	128	2	4	1	0	4	0	0	0	0	0	0
sundials-f128.N_VWrmsNormMask.N_VWrmsNormMask__00069__N_VWrmsNormMask.smt2	sundials-f128	N_VWrmsNormMask	6794	128	128	1	5	1	0	5	0	0	0	0	0	0
sundials-f128.N_VWrmsNormMask.N_VWrmsNormMask__00070__N_VWrmsNormMask.smt2	sundials-f128	N_VWrmsNormMask	6796	128	128	2	5	1	0	5	0	0	0	0	0	0
sundials-f128.N_VWrmsNormMask.N_VWrmsNormMask__00071__N_VWrmsNormMask.smt2	sundials-f128	N_VWrmsNormMask	1710	128	128	1	1	1	0	1	0	0	0	0	0	0
sundials-f128.N_VWrmsNormMask.N_VWrmsNormMask__00072__N_VWrmsNormMask.smt2	sundials-f128	N_VWrmsNormMask	1712	128	128	2	1	1	0	1	0	0	0	0	0	0
sundials-f128.N_VWrmsNormMask.N_VWrmsNormMask__00073__N_VWrmsNormMask.smt2	sundials-f128	N_VWrmsNormMask	2999	128	128	1	2	1	0	2	0	0	0	0	0	0
sundials-f128.N_VWrmsNormMask.N_VWrmsNormMask__00074__N_VWrmsNormMask.smt2	sundials-f128	N_VWrmsNormMask	3001	128	128	2	2	1	0	2	0	0	0	0	0	0
sundials-f128.N_VWrmsNormMask.N_VWrmsNormMask__00075__N_VWrmsNormMask.smt2	sundials-f128	N_VWrmsNormMask	2991	128	128	1	2	1	0	2	0	0	0	0	0	0
sundials-f128.N_VWrmsNormMask.N_VWrmsNormMask__00076__N_VWrmsNormMask.smt2	sundials-f128	N_VWrmsNormMask	2993	128	128	2	2	1	0	2	0	0	0	0	0	0
sundials-f128.N_VWrmsNormMask.N_VWrmsNormMask__00077__N_VWrmsNormMask.smt2	sundials-f128	N_VWrmsNormMask	4280	128	128	1	3	1	0	3	0	0	0	0	0	0
sundials-f128.N_VWrmsNormMask.N_VWrmsNormMask__00078__N_VWrmsNormMask.smt2	sundials-f128	N_VWrmsNormMask	4282	128	128	2	3	1	0	3	0	0	0	0	0	0
sundials-f128.N_VWrmsNormMask.N_VWrmsNormMask__00079__N_VWrmsNormMask.smt2	sundials-f128	N_VWrmsNormMask	2967	128	128	1	2	1	0	2	0	0	0	0	0	0
sundials-f128.N_VWrmsNormMask.N_VWrmsNormMask__00080__N_VWrmsNormMask.smt2	sundials-f128	N_VWrmsNormMask	2969	128	128	2	2	1	0	2	0	0	0	0	0	0
sundials-f128.N_VWrmsNormMask.N_VWrmsNormMask__00081__N_VWrmsNormMask.smt2	sundials-f128	N_VWrmsNormMask	4256	128	128	1	3	1	0	3	0	0	0	0	0	0
sundials-f128.N_VWrmsNormMask.N_VWrmsNormMask__00082__N_VWrmsNormMask.smt2	sundials-f128	N_VWrmsNormMask	4258	128	128	2	3	1	0	3	0	0	0	0	0	0
sundials-f128.N_VWrmsNormMask.N_VWrmsNormMask__00083__N_VWrmsNormMask.smt2	sundials-f128	N_VWrmsNormMask	4248	128	128	1	3	1	0	3	0	0	0	0	0	0
sundials-f128.N_VWrmsNormMask.N_VWrmsNormMask__00084__N_VWrmsNormMask.smt2	sundials-f128	N_VWrmsNormMask	4250	128	128	2	3	1	0	3	0	0	0	0	0	0
sundials-f128.N_VWrmsNormMask.N_VWrmsNormMask__00085__N_VWrmsNormMask.smt2	sundials-f128	N_VWrmsNormMask	5537	128	128	1	4	1	0	4	0	0	0	0	0	0
sundials-f128.N_VWrmsNormMask.N_VWrmsNormMask__00086__N_VWrmsNormMask.smt2	sundials-f128	N_VWrmsNormMask	5539	128	128	2	4	1	0	4	0	0	0	0	0	0
sundials-f128.N_VWrmsNormMask.N_VWrmsNormMask__00087__N_VWrmsNormMask.smt2	sundials-f128	N_VWrmsNormMask	2967	128	128	1	2	1	0	2	0	0	0	0	0	0
sundials-f128.N_VWrmsNormMask.N_VWrmsNormMask__00088__N_VWrmsNormMask.smt2	sundials-f128	N_VWrmsNormMask	2969	128	128	2	2	1	0	2	0	0	0	0	0	0
sundials-f128.N_VWrmsNormMask.N_VWrmsNormMask__00089__N_VWrmsNormMask.smt2	sundials-f128	N_VWrmsNormMask	4256	128	128	1	3	1	0	3	0	0	0	0	0	0
sundials-f128.N_VWrmsNormMask.N_VWrmsNormMask__00090__N_VWrmsNormMask.smt2	sundials-f128	N_VWrmsNormMask	4258	128	128	2	3	1	0	3	0	0	0	0	0	0
sundials-f128.N_VWrmsNormMask.N_VWrmsNormMask__00091__N_VWrmsNormMask.smt2	sundials-f128	N_VWrmsNormMask	4248	128	128	1	3	1	0	3	0	0	0	0	0	0
sundials-f128.N_VWrmsNormMask.N_VWrmsNormMask__00092__N_VWrmsNormMask.smt2	sundials-f128	N_VWrmsNormMask	4250	128	128	2	3	1	0	3	0	0	0	0	0	0
sundials-f128.N_VWrmsNormMask.N_VWrmsNormMask__00093__N_VWrmsNormMask.smt2	sundials-f128	N_VWrmsNormMask	5537	128	128	1	4	1	0	4	0	0	0	0	0	0
sundials-f128.N_VWrmsNormMask.N_VWrmsNormMask__00094__N_VWrmsNormMask.smt2	sundials-f128	N_VWrmsNormMask	5539	128	128	2	4	1	0	4	0	0	0	0	0	0
sundials-f128.N_VWrmsNormMask.N_VWrmsNormMask__00095__N_VWrmsNormMask.smt2	sundials-f128	N_VWrmsNormMask	4224	128	128	1	3	1	0	3	0	0	0	0	0	0
sundials-f128.N_VWrmsNormMask.N_VWrmsNormMask__00096__N_VWrmsNormMask.smt2	sundials-f128	N_VWrmsNormMask	4226	128	128	2	3	1	0	3	0	0	0	0	0	0
sundials-f128.N_VWrmsNormMask.N_VWrmsNormMask__00097__N_VWrmsNormMask.smt2	sundials-f128	N_VWrmsNormMask	5513	128	128	1	4	1	0	4	0	0	0	0	0	0
sundials-f128.N_VWrmsNormMask.N_VWrmsNormMask__00098__N_VWrmsNormMask.smt2	sundials-f128	N_VWrmsNormMask	5515	128	128	2	4	1	0	4	0	0	0	0	0	0
sundials-f128.N_VWrmsNormMask.N_VWrmsNormMask__00099__N_VWrmsNormMask.smt2	sundials-f128	N_VWrmsNormMask	5505	128	128	1	4	1	0	4	0	0	0	0	0	0
sundials-f128.N_VWrmsNormMask.N_VWrmsNormMask__00100__N_VWrmsNormMask.smt2	sundials-f128	N_VWrmsNormMask	5507	128	128	2	4	1	0	4	0	0	0	0	0	0
sundials-f128.N_VWrmsNormMask.N_VWrmsNormMask__00101__N_VWrmsNormMask.smt2	sundials-f128	N_VWrmsNormMask	6794	128	128	1	5	1	0	5	0	0	0	0	0	0
sundials-f128.N_VWrmsNormMask.N_VWrmsNormMask__00102__N_VWrmsNormMask.smt2	sundials-f128	N_VWrmsNormMask	6796	128	128	2	5	1	0	5	0	0	0	0	0	0
sundials-f128.N_VWrmsNormMask.N_VWrmsNormMask__00103__N_VWrmsNormMask.smt2	sundials-f128	N_VWrmsNormMask	2967	128	128	1	2	1	0	2	0	0	0	0	0	0
sundials-f128.N_VWrmsNormMask.N_VWrmsNormMask__00104__N_VWrmsNormMask.smt2	sundials-f128	N_VWrmsNormMask	2969	128	128	2	2	1	0	2	0	0	0	0	0	0
sundials-f128.N_VWrmsNormMask.N_VWrmsNormMask__00105__N_VWrmsNormMask.smt2	sundials-f128	N_VWrmsNormMask	4256	128	128	1	3	1	0	3	0	0	0	0	0	0
sundials-f128.N_VWrmsNormMask.N_VWrmsNormMask__00106__N_VWrmsNormMask.smt2	sundials-f128	N_VWrmsNormMask	4258	128	128	2	3	1	0	3	0	0	0	0	0	0
sundials-f128.N_VWrmsNormMask.N_VWrmsNormMask__00107__N_VWrmsNormMask.smt2	sundials-f128	N_VWrmsNormMask	4248	128	128	1	3	1	0	3	0	0	0	0	0	0
sundials-f128.N_VWrmsNormMask.N_VWrmsNormMask__00108__N_VWrmsNormMask.smt2	sundials-f128	N_VWrmsNormMask	4250	128	128	2	3	1	0	3	0	0	0	0	0	0
sundials-f128.N_VWrmsNormMask.N_VWrmsNormMask__00109__N_VWrmsNormMask.smt2	sundials-f128	N_VWrmsNormMask	5537	128	128	1	4	1	0	4	0	0	0	0	0	0
sundials-f128.N_VWrmsNormMask.N_VWrmsNormMask__00110__N_VWrmsNormMask.smt2	sundials-f128	N_VWrmsNormMask	5539	128	128	2	4	1	0	4	0	0	0	0	0	0
sundials-f128.N_VWrmsNormMask.N_VWrmsNormMask__00111__N_VWrmsNormMask.smt2	sundials-f128	N_VWrmsNormMask	4224	128	128	1	3	1	0	3	0	0	0	0	0	0
sundials-f128.N_VWrmsNormMask.N_VWrmsNormMask__00112__N_VWrmsNormMask.smt2	sundials-f128	N_VWrmsNormMask	4226	128	128	2	3	1	0	3	0	0	0	0	0	0
sundials-f128.N_VWrmsNormMask.N_VWrmsNormMask__00113__N_VWrmsNormMask.smt2	sundials-f128	N_VWrmsNormMask	5513	128	128	1	4	1	0	4	0	0	0	0	0	0
sundials-f128.N_VWrmsNormMask.N_VWrmsNormMask__00114__N_VWrmsNormMask.smt2	sundials-f128	N_VWrmsNormMask	5515	128	128	2	4	1	0	4	0	0	0	0	0	0
sundials-f128.N_VWrmsNormMask.N_VWrmsNormMask__00115__N_VWrmsNormMask.smt2	sundials-f128	N_VWrmsNormMask	5505	128	128	1	4	1	0	4	0	0	0	0	0	0
sundials-f128.N_VWrmsNormMask.N_VWrmsNormMask__00116__N_VWrmsNormMask.smt2	sundials-f128	N_VWrmsNormMask	5507	128	128	2	4	1	0	4	0	0	0	0	0	0
sundials-f128.N_VWrmsNormMask.N_VWrmsNormMask__00117__N_VWrmsNormMask.smt2	sundials-f128	N_VWrmsNormMask	6794	128	128	1	5	1	0	5	0	0	0	0	0	0
sundials-f128.N_VWrmsNormMask.N_VWrmsNormMask__00118__N_VWrmsNormMask.smt2	sundials-f128	N_VWrmsNormMask	6796	128	128	2	5	1	0	5	0	0	0	0	0	0
sundials-f128.N_VWrmsNormMask.N_VWrmsNormMask__00119__N_VWrmsNormMask.smt2	sundials-f128	N_VWrmsNormMask	4224	128	128	1	3	1	0	3	0	0	0	0	0	0
sundials-f128.N_VWrmsNormMask.N_VWrmsNormMask__00120__N_VWrmsNormMask.smt2	sundials-f128	N_VWrmsNormMask	4226	128	128	2	3	1	0	3	0	0	0	0	0	0
sundials-f128.N_VWrmsNormMask.N_VWrmsNormMask__00121__N_VWrmsNormMask.smt2	sundials-f128	N_VWrmsNormMask	5513	128	128	1	4	1	0	4	0	0	0	0	0	0
sundials-f128.N_VWrmsNormMask.N_VWrmsNormMask__00122__N_VWrmsNormMask.smt2	sundials-f128	N_VWrmsNormMask	5515	128	128	2	4	1	0	4	0	0	0	0	0	0
sundials-f128.N_VWrmsNormMask.N_VWrmsNormMask__00123__N_VWrmsNormMask.smt2	sundials-f128	N_VWrmsNormMask	5505	128	128	1	4	1	0	4	0	0	0	0	0	0
sundials-f128.N_VWrmsNormMask.N_VWrmsNormMask__00124__N_VWrmsNormMask.smt2	sundials-f128	N_VWrmsNormMask	5507	128	128	2	4	1	0	4	0	0	0	0	0	0
sundials-f128.N_VWrmsNormMask.N_VWrmsNormMask__00125__N_VWrmsNormMask.smt2	sundials-f128	N_VWrmsNormMask	6794	128	128	1	5	1	0	5	0	0	0	0	0	0
sundials-f128.N_VWrmsNormMask.N_VWrmsNormMask__00126__N_VWrmsNormMask.smt2	sundials-f128	N_VWrmsNormMask	6796	128	128	2	5	1	0	5	0	0	0	0	0	0
sundials-f128.N_VWrmsNormMask.N_VWrmsNormMask__00127__N_VWrmsNormMask.smt2	sundials-f128	N_VWrmsNormMask	5481	128	128	1	4	1	0	4	0	0	0	0	0	0
sundials-f128.N_VWrmsNormMask.N_VWrmsNormMask__00128__N_VWrmsNormMask.smt2	sundials-f128	N_VWrmsNormMask	5483	128	128	2	4	1	0	4	0	0	0	0	0	0
sundials-f128.N_VWrmsNormMask.N_VWrmsNormMask__00129__N_VWrmsNormMask.smt2	sundials-f128	N_VWrmsNormMask	6770	128	128	1	5	1	0	5	0	0	0	0	0	0
sundials-f128.N_VWrmsNormMask.N_VWrmsNormMask__00130__N_VWrmsNormMask.smt2	sundials-f128	N_VWrmsNormMask	6772	128	128	2	5	1	0	5	0	0	0	0	0	0
sundials-f128.N_VWrmsNormMask.N_VWrmsNormMask__00131__N_VWrmsNormMask.smt2	sundials-f128	N_VWrmsNormMask	6762	128	128	1	5	1	0	5	0	0	0	0	0	0
sundials-f128.N_VWrmsNormMask.N_VWrmsNormMask__00132__N_VWrmsNormMask.smt2	sundials-f128	N_VWrmsNormMask	6764	128	128	2	5	1	0	5	0	0	0	0	0	0
sundials-f128.N_VWrmsNormMask.N_VWrmsNormMask__00133__N_VWrmsNormMask.smt2	sundials-f128	N_VWrmsNormMask	8051	128	128	1	6	1	0	6	0	0	0	0	0	0
sundials-f128.N_VWrmsNormMask.N_VWrmsNormMask__00134__N_VWrmsNormMask.smt2	sundials-f128	N_VWrmsNormMask	8053	128	128	2	6	1	0	6	0	0	0	0	0	0
sundials-f128.N_VWrmsNormMask.N_VWrmsNormMask__00135__N_VWrmsNormMask.smt2	sundials-f128	N_VWrmsNormMask	1710	128	128	1	1	1	0	1	0	0	0	0	0	0
sundials-f128.N_VWrmsNormMask.N_VWrmsNormMask__00136__N_VWrmsNormMask.smt2	sundials-f128	N_VWrmsNormMask	1712	128	128	2	1	1	0	1	0	0	0	0	0	0
sundials-f128.N_VWrmsNormMask.N_VWrmsNormMask__00137__N_VWrmsNormMask.smt2	sundials-f128	N_VWrmsNormMask	2999	128	128	1	2	1	0	2	0	0	0	0	0	0
sundials-f128.N_VWrmsNormMask.N_VWrmsNormMask__00138__N_VWrmsNormMask.smt2	sundials-f128	N_VWrmsNormMask	3001	128	128	2	2	1	0	2	0	0	0	0	0	0
sundials-f128.N_VWrmsNormMask.N_VWrmsNormMask__00139__N_VWrmsNormMask.smt2	sundials-f128	N_VWrmsNormMask	2991	128	128	1	2	1	0	2	0	0	0	0	0	0
sundials-f128.N_VWrmsNormMask.N_VWrmsNormMask__00140__N_VWrmsNormMask.smt2	sundials-f128	N_VWrmsNormMask	2993	128	128	2	2	1	0	2	0	0	0	0	0	0
sundials-f128.N_VWrmsNormMask.N_VWrmsNormMask__00141__N_VWrmsNormMask.smt2	sundials-f128	N_VWrmsNormMask	4280	128	128	1	3	1	0	3	0	0	0	0	0	0
sundials-f128.N_VWrmsNormMask.N_VWrmsNormMask__00142__N_VWrmsNormMask.smt2	sundials-f128	N_VWrmsNormMask	4282	128	128	2	3	1	0	3	0	0	0	0	0	0
sundials-f128.N_VWrmsNormMask.N_VWrmsNormMask__00143__N_VWrmsNormMask.smt2	sundials-f128	N_VWrmsNormMask	2967	128	128	1	2	1	0	2	0	0	0	0	0	0
sundials-f128.N_VWrmsNormMask.N_VWrmsNormMask__00144__N_VWrmsNormMask.smt2	sundials-f128	N_VWrmsNormMask	2969	128	128	2	2	1	0	2	0	0	0	0	0	0
sundials-f128.N_VWrmsNormMask.N_VWrmsNormMask__00145__N_VWrmsNormMask.smt2	sundials-f128	N_VWrmsNormMask	4256	128	128	1	3	1	0	3	0	0	0	0	0	0
sundials-f128.N_VWrmsNormMask.N_VWrmsNormMask__00146__N_VWrmsNormMask.smt2	sundials-f128	N_VWrmsNormMask	4258	128	128	2	3	1	0	3	0	0	0	0	0	0
sundials-f128.N_VWrmsNormMask.N_VWrmsNormMask__00147__N_VWrmsNormMask.smt2	sundials-f128	N_VWrmsNormMask	4248	128	128	1	3	1	0	3	0	0	0	0	0	0
sundials-f128.N_VWrmsNormMask.N_VWrmsNormMask__00148__N_VWrmsNormMask.smt2	sundials-f128	N_VWrmsNormMask	4250	128	128	2	3	1	0	3	0	0	0	0	0	0
sundials-f128.N_VWrmsNormMask.N_VWrmsNormMask__00149__N_VWrmsNormMask.smt2	sundials-f128	N_VWrmsNormMask	5537	128	128	1	4	1	0	4	0	0	0	0	0	0
sundials-f128.N_VWrmsNormMask.N_VWrmsNormMask__00150__N_VWrmsNormMask.smt2	sundials-f128	N_VWrmsNormMask	5539	128	128	2	4	1	0	4	0	0	0	0	0	0
sundials-f128.N_VWrmsNormMask.N_VWrmsNormMask__00151__N_VWrmsNormMask.smt2	sundials-f128	N_VWrmsNormMask	2967	128	128	1	2	1	0	2	0	0	0	0	0	0
sundials-f128.N_VWrmsNormMask.N_VWrmsNormMask__00152__N_VWrmsNormMask.smt2	sundials-f128	N_VWrmsNormMask	2969	128	128	2	2	1	0	2	0	0	0	0	0	0
sundials-f128.N_VWrmsNormMask.N_VWrmsNormMask__00153__N_VWrmsNormMask.smt2	sundials-f128	N_VWrmsNormMask	4256	128	128	1	3	1	0	3	0	0	0	0	0	0
sundials-f128.N_VWrmsNormMask.N_VWrmsNormMask__00154__N_VWrmsNormMask.smt2	sundials-f128	N_VWrmsNormMask	4258	128	128	2	3	1	0	3	0	0	0	0	0	0
sundials-f128.N_VWrmsNormMask.N_VWrmsNormMask__00155__N_VWrmsNormMask.smt2	sundials-f128	N_VWrmsNormMask	4248	128	128	1	3	1	0	3	0	0	0	0	0	0
sundials-f128.N_VWrmsNormMask.N_VWrmsNormMask__00156__N_VWrmsNormMask.smt2	sundials-f128	N_VWrmsNormMask	4250	128	128	2	3	1	0	3	0	0	0	0	0	0
sundials-f128.N_VWrmsNormMask.N_VWrmsNormMask__00157__N_VWrmsNormMask.smt2	sundials-f128	N_VWrmsNormMask	5537	128	128	1	4	1	0	4	0	0	0	0	0	0
sundials-f128.N_VWrmsNormMask.N_VWrmsNormMask__00158__N_VWrmsNormMask.smt2	sundials-f128	N_VWrmsNormMask	5539	128	128	2	4	1	0	4	0	0	0	0	0	0
sundials-f128.N_VWrmsNormMask.N_VWrmsNormMask__00159__N_VWrmsNormMask.smt2	sundials-f128	N_VWrmsNormMask	4224	128	128	1	3	1	0	3	0	0	0	0	0	0
sundials-f128.N_VWrmsNormMask.N_VWrmsNormMask__00160__N_VWrmsNormMask.smt2	sundials-f128	N_VWrmsNormMask	4226	128	128	2	3	1	0	3	0	0	0	0	0	0
sundials-f128.N_VWrmsNormMask.N_VWrmsNormMask__00161__N_VWrmsNormMask.smt2	sundials-f128	N_VWrmsNormMask	5513	128	128	1	4	1	0	4	0	0	0	0	0	0
sundials-f128.N_VWrmsNormMask.N_VWrmsNormMask__00162__N_VWrmsNormMask.smt2	sundials-f128	N_VWrmsNormMask	5515	128	128	2	4	1	0	4	0	0	0	0	0	0
sundials-f128.N_VWrmsNormMask.N_VWrmsNormMask__00163__N_VWrmsNormMask.smt2	sundials-f128	N_VWrmsNormMask	5505	128	128	1	4	1	0	4	0	0	0	0	0	0
sundials-f128.N_VWrmsNormMask.N_VWrmsNormMask__00164__N_VWrmsNormMask.smt2	sundials-f128	N_VWrmsNormMask	5507	128	128	2	4	1	0	4	0	0	0	0	0	0
sundials-f128.N_VWrmsNormMask.N_VWrmsNormMask__00165__N_VWrmsNormMask.smt2	sundials-f128	N_VWrmsNormMask	6794	128	128	1	5	1	0	5	0	0	0	0	0	0
sundials-f128.N_VWrmsNormMask.N_VWrmsNormMask__00166__N_VWrmsNormMask.smt2	sundials-f128	N_VWrmsNormMask	6796	128	128	2	5	1	0	5	0	0	0	0	0	0
sundials-f128.N_VWrmsNormMask.N_VWrmsNormMask__00167__N_VWrmsNormMask.smt2	sundials-f128	N_VWrmsNormMask	2967	128	128	1	2	1	0	2	0	0	0	0	0	0
sundials-f128.N_VWrmsNormMask.N_VWrmsNormMask__00168__N_VWrmsNormMask.smt2	sundials-f128	N_VWrmsNormMask	2969	128	128	2	2	1	0	2	0	0	0	0	0	0
sundials-f128.N_VWrmsNormMask.N_VWrmsNormMask__00169__N_VWrmsNormMask.smt2	sundials-f128	N_VWrmsNormMask	4256	128	128	1	3	1	0	3	0	0	0	0	0	0
sundials-f128.N_VWrmsNormMask.N_VWrmsNormMask__00170__N_VWrmsNormMask.smt2	sundials-f128	N_VWrmsNormMask	4258	128	128	2	3	1	0	3	0	0	0	0	0	0
sundials-f128.N_VWrmsNormMask.N_VWrmsNormMask__00171__N_VWrmsNormMask.smt2	sundials-f128	N_VWrmsNormMask	4248	128	128	1	3	1	0	3	0	0	0	0	0	0
sundials-f128.N_VWrmsNormMask.N_VWrmsNormMask__00172__N_VWrmsNormMask.smt2	sundials-f128	N_VWrmsNormMask	4250	128	128	2	3	1	0	3	0	0	0	0	0	0
sundials-f128.N_VWrmsNormMask.N_VWrmsNormMask__00173__N_VWrmsNormMask.smt2	sundials-f128	N_VWrmsNormMask	5537	128	128	1	4	1	0	4	0	0	0	0	0	0
sundials-f128.N_VWrmsNormMask.N_VWrmsNormMask__00174__N_VWrmsNormMask.smt2	sundials-f128	N_VWrmsNormMask	5539	128	128	2	4	1	0	4	0	0	0	0	0	0
sundials-f128.N_VWrmsNormMask.N_VWrmsNormMask__00175__N_VWrmsNormMask.smt2	sundials-f128	N_VWrmsNormMask	4224	128	128	1	3	1	0	3	0	0	0	0	0	0
sundials-f128.N_VWrmsNormMask.N_VWrmsNormMask__00176__N_VWrmsNormMask.smt2	sundials-f128	N_VWrmsNormMask	4226	128	128	2	3	1	0	3	0	0	0	0	0	0
sundials-f128.N_VWrmsNormMask.N_VWrmsNormMask__00177__N_VWrmsNormMask.smt2	sundials-f128	N_VWrmsNormMask	5513	128	128	1	4	1	0	4	0	0	0	0	0	0
sundials-f128.N_VWrmsNormMask.N_VWrmsNormMask__00178__N_VWrmsNormMask.smt2	sundials-f128	N_VWrmsNormMask	5515	128	128	2	4	1	0	4	0	0	0	0	0	0
sundials-f128.N_VWrmsNormMask.N_VWrmsNormMask__00179__N_VWrmsNormMask.smt2	sundials-f128	N_VWrmsNormMask	5505	128	128	1	4	1	0	4	0	0	0	0	0	0
sundials-f128.N_VWrmsNormMask.N_VWrmsNormMask__00180__N_VWrmsNormMask.smt2	sundials-f128	N_VWrmsNormMask	5507	128	128	2	4	1	0	4	0	0	0	0	0	0
sundials-f128.N_VWrmsNormMask.N_VWrmsNormMask__00181__N_VWrmsNormMask.smt2	sundials-f128	N_VWrmsNormMask	6794	128	128	1	5	1	0	5	0	0	0	0	0	0
sundials-f128.N_VWrmsNormMask.N_VWrmsNormMask__00182__N_VWrmsNormMask.smt2	sundials-f128	N_VWrmsNormMask	6796	128	128	2	5	1	0	5	0	0	0	0	0	0
sundials-f128.N_VWrmsNormMask.N_VWrmsNormMask__00183__N_VWrmsNormMask.smt2	sundials-f128	N_VWrmsNormMask	4224	128	128	1	3	1	0	3	0	0	0	0	0	0
sundials-f128.N_VWrmsNormMask.N_VWrmsNormMask__00184__N_VWrmsNormMask.smt2	sundials-f128	N_VWrmsNormMask	4226	128	128	2	3	1	0	3	0	0	0	0	0	0
sundials-f128.N_VWrmsNormMask.N_VWrmsNormMask__00185__N_VWrmsNormMask.smt2	sundials-f128	N_VWrmsNormMask	5513	128	128	1	4	1	0	4	0	0	0	0	0	0
sundials-f128.N_VWrmsNormMask.N_VWrmsNormMask__00186__N_VWrmsNormMask.smt2	sundials-f128	N_VWrmsNormMask	5515	128	128	2	4	1	0	4	0	0	0	0	0	0
sundials-f128.N_VWrmsNormMask.N_VWrmsNormMask__00187__N_VWrmsNormMask.smt2	sundials-f128	N_VWrmsNormMask	5505	128	128	1	4	1	0	4	0	0	0	0	0	0
sundials-f128.N_VWrmsNormMask.N_VWrmsNormMask__00188__N_VWrmsNormMask.smt2	sundials-f128	N_VWrmsNormMask	5507	128	128	2	4	1	0	4	0	0	0	0	0	0
sundials-f128.N_VWrmsNormMask.N_VWrmsNormMask__00189__N_VWrmsNormMask.smt2	sundials-f128	N_VWrmsNormMask	6794	128	128	1	5	1	0	5	0	0	0	0	0	0
sundials-f128.N_VWrmsNormMask.N_VWrmsNormMask__00190__N_VWrmsNormMask.smt2	sundials-f128	N_VWrmsNormMask	6796	128	128	2	5	1	0	5	0	0	0	0	0	0
sundials-f128.N_VWrmsNormMask.N_VWrmsNormMask__00191__N_VWrmsNormMask.smt2	sundials-f128	N_VWrmsNormMask	5481	128	128	1	4	1	0	4	0	0	0	0	0	0
sundials-f128.N_VWrmsNormMask.N_VWrmsNormMask__00192__N_VWrmsNormMask.smt2	sundials-f128	N_VWrmsNormMask	5483	128	128	2	4	1	0	4	0	0	0	0	0	0
sundials-f128.N_VWrmsNormMask.N_VWrmsNormMask__00193__N_VWrmsNormMask.smt2	sundials-f128	N_VWrmsNormMask	6770	128	128	1	5	1	0	5	0	0	0	0	0	0
sundials-f128.N_VWrmsNormMask.N_VWrmsNormMask__00194__N_VWrmsNormMask.smt2	sundials-f128	N_VWrmsNormMask	6772	128	128	2	5	1	0	5	0	0	0	0	0	0
sundials-f128.N_VWrmsNormMask.N_VWrmsNormMask__00195__N_VWrmsNormMask.smt2	sundials-f128	N_VWrmsNormMask	6762	128	128	1	5	1	0	5	0	0	0	0	0	0
sundials-f128.N_VWrmsNormMask.N_VWrmsNormMask__00196__N_VWrmsNormMask.smt2	sundials-f128	N_VWrmsNormMask	6764	128	128	2	5	1	0	5	0	0	0	0	0	0
sundials-f128.N_VWrmsNormMask.N_VWrmsNormMask__00197__N_VWrmsNormMask.smt2	sundials-f128	N_VWrmsNormMask	8051	128	128	1	6	1	0	6	0	0	0	0	0	0
sundials-f128.N_VWrmsNormMask.N_VWrmsNormMask__00198__N_VWrmsNormMask.smt2	sundials-f128	N_VWrmsNormMask	8053	128	128	2	6	1	0	6	0	0	0	0	0	0
sundials-f128.N_VWrmsNormMask.N_VWrmsNormMask__00199__N_VWrmsNormMask.smt2	sundials-f128	N_VWrmsNormMask	2967	128	128	1	2	1	0	2	0	0	0	0	0	0
sundials-f128.N_VWrmsNormMask.N_VWrmsNormMask__00200__N_VWrmsNormMask.smt2	sundials-f128	N_VWrmsNormMask	2969	128	128	2	2	1	0	2	0	0	0	0	0	0
sundials-f128.N_VWrmsNormMask.N_VWrmsNormMask__00201__N_VWrmsNormMask.smt2	sundials-f128	N_VWrmsNormMask	4256	128	128	1	3	1	0	3	0	0	0	0	0	0
sundials-f128.N_VWrmsNormMask.N_VWrmsNormMask__00202__N_VWrmsNormMask.smt2	sundials-f128	N_VWrmsNormMask	4258	128	128	2	3	1	0	3	0	0	0	0	0	0
sundials-f128.N_VWrmsNormMask.N_VWrmsNormMask__00203__N_VWrmsNormMask.smt2	sundials-f128	N_VWrmsNormMask	4248	128	128	1	3	1	0	3	0	0	0	0	0	0
sundials-f128.N_VWrmsNormMask.N_VWrmsNormMask__00204__N_VWrmsNormMask.smt2	sundials-f128	N_VWrmsNormMask	4250	128	128	2	3	1	0	3	0	0	0	0	0	0
sundials-f128.N_VWrmsNormMask.N_VWrmsNormMask__00205__N_VWrmsNormMask.smt2	sundials-f128	N_VWrmsNormMask	5537	128	128	1	4	1	0	4	0	0	0	0	0	0
sundials-f128.N_VWrmsNormMask.N_VWrmsNormMask__00206__N_VWrmsNormMask.smt2	sundials-f128	N_VWrmsNormMask	5539	128	128	2	4	1	0	4	0	0	0	0	0	0
sundials-f128.N_VWrmsNormMask.N_VWrmsNormMask__00207__N_VWrmsNormMask.smt2	sundials-f128	N_VWrmsNormMask	4224	128	128	1	3	1	0	3	0	0	0	0	0	0
sundials-f128.N_VWrmsNormMask.N_VWrmsNormMask__00208__N_VWrmsNormMask.smt2	sundials-f128	N_VWrmsNormMask	4226	128	128	2	3	1	0	3	0	0	0	0	0	0
sundials-f128.N_VWrmsNormMask.N_VWrmsNormMask__00209__N_VWrmsNormMask.smt2	sundials-f128	N_VWrmsNormMask	5513	128	128	1	4	1	0	4	0	0	0	0	0	0
sundials-f128.N_VWrmsNormMask.N_VWrmsNormMask__00210__N_VWrmsNormMask.smt2	sundials-f128	N_VWrmsNormMask	5515	128	128	2	4	1	0	4	0	0	0	0	0	0
sundials-f128.N_VWrmsNormMask.N_VWrmsNormMask__00211__N_VWrmsNormMask.smt2	sundials-f128	N_VWrmsNormMask	5505	128	128	1	4	1	0	4	0	0	0	0	0	0
sundials-f128.N_VWrmsNormMask.N_VWrmsNormMask__00212__N_VWrmsNormMask.smt2	sundials-f128	N_VWrmsNormMask	5507	128	128	2	4	1	0	4	0	0	0	0	0	0
sundials-f128.N_VWrmsNormMask.N_VWrmsNormMask__00213__N_VWrmsNormMask.smt2	sundials-f128	N_VWrmsNormMask	6794	128	128	1	5	1	0	5	0	0	0	0	0	0
sundials-f128.N_VWrmsNormMask.N_VWrmsNormMask__00214__N_VWrmsNormMask.smt2	sundials-f128	N_VWrmsNormMask	6796	128	128	2	5	1	0	5	0	0	0	0	0	0
sundials-f128.N_VWrmsNormMask.N_VWrmsNormMask__00215__N_VWrmsNormMask.smt2	sundials-f128	N_VWrmsNormMask	4224	128	128	1	3	1	0	3	0	0	0	0	0	0
sundials-f128.N_VWrmsNormMask.N_VWrmsNormMask__00216__N_VWrmsNormMask.smt2	sundials-f128	N_VWrmsNormMask	4226	128	128	2	3	1	0	3	0	0	0	0	0	0
sundials-f128.N_VWrmsNormMask.N_VWrmsNormMask__00217__N_VWrmsNormMask.smt2	sundials-f128	N_VWrmsNormMask	5513	128	128	1	4	1	0	4	0	0	0	0	0	0
sundials-f128.N_VWrmsNormMask.N_VWrmsNormMask__00218__N_VWrmsNormMask.smt2	sundials-f128	N_VWrmsNormMask	5515	128	128	2	4	1	0	4	0	0	0	0	0	0
sundials-f128.N_VWrmsNormMask.N_VWrmsNormMask__00219__N_VWrmsNormMask.smt2	sundials-f128	N_VWrmsNormMask	5505	128	128	1	4	1	0	4	0	0	0	0	0	0
sundials-f128.N_VWrmsNormMask.N_VWrmsNormMask__00220__N_VWrmsNormMask.smt2	sundials-f128	N_VWrmsNormMask	5507	128	128	2	4	1	0	4	0	0	0	0	0	0
sundials-f128.N_VWrmsNormMask.N_VWrmsNormMask__00221__N_VWrmsNormMask.smt2	sundials-f128	N_VWrmsNormMask	6794	128	128	1	5	1	0	5	0	0	0	0	0	0
sundials-f128.N_VWrmsNormMask.N_VWrmsNormMask__00222__N_VWrmsNormMask.smt2	sundials-f128	N_VWrmsNormMask	6796	128	128	2	5	1	0	5	0	0	0	0	0	0
sundials-f128.N_VWrmsNormMask.N_VWrmsNormMask__00223__N_VWrmsNormMask.smt2	sundials-f128	N_VWrmsNormMask	5481	128	128	1	4	1	0	4	0	0	0	0	0	0
sundials-f128.N_VWrmsNormMask.N_VWrmsNormMask__00224__N_VWrmsNormMask.smt2	sundials-f128	N_VWrmsNormMask	5483	128	128	2	4	1	0	4	0	0	0	0	0	0
sundials-f128.N_VWrmsNormMask.N_VWrmsNormMask__00225__N_VWrmsNormMask.smt2	sundials-f128	N_VWrmsNormMask	6770	128	128	1	5	1	0	5	0	0	0	0	0	0
sundials-f128.N_VWrmsNormMask.N_VWrmsNormMask__00226__N_VWrmsNormMask.smt2	sundials-f128	N_VWrmsNormMask	6772	128	128	2	5	1	0	5	0	0	0	0	0	0
sundials-f128.N_VWrmsNormMask.N_VWrmsNormMask__00227__N_VWrmsNormMask.smt2	sundials-f128	N_VWrmsNormMask	6762	128	128	1	5	1	0	5	0	0	0	0	0	0
sundials-f128.N_VWrmsNormMask.N_VWrmsNormMask__00228__N_VWrmsNormMask.smt2	sundials-f128	N_VWrmsNormMask	6764	128	128	2	5	1	0	5	0	0	0	0	0	0
sundials-f128.N_VWrmsNormMask.N_VWrmsNormMask__00229__N_VWrmsNormMask.smt2	sundials-f128	N_VWrmsNormMask	8051	128	128	1	6	1	0	6	0	0	0	0	0	0
sundials-f128.N_VWrmsNormMask.N_VWrmsNormMask__00230__N_VWrmsNormMask.smt2	sundials-f128	N_VWrmsNormMask	8053	128	128	2	6	1	0	6	0	0	0	0	0	0
sundials-f128.N_VWrmsNormMask.N_VWrmsNormMask__00231__N_VWrmsNormMask.smt2	sundials-f128	N_VWrmsNormMask	4224	128	128	1	3	1	0	3	0	0	0	0	0	0
sundials-f128.N_VWrmsNormMask.N_VWrmsNormMask__00232__N_VWrmsNormMask.smt2	sundials-f128	N_VWrmsNormMask	4226	128	128	2	3	1	0	3	0	0	0	0	0	0
sundials-f128.N_VWrmsNormMask.N_VWrmsNormMask__00233__N_VWrmsNormMask.smt2	sundials-f128	N_VWrmsNormMask	5513	128	128	1	4	1	0	4	0	0	0	0	0	0
sundials-f128.N_VWrmsNormMask.N_VWrmsNormMask__00234__N_VWrmsNormMask.smt2	sundials-f128	N_VWrmsNormMask	5515	128	128	2	4	1	0	4	0	0	0	0	0	0
sundials-f128.N_VWrmsNormMask.N_VWrmsNormMask__00235__N_VWrmsNormMask.smt2	sundials-f128	N_VWrmsNormMask	5505	128	128	1	4	1	0	4	0	0	0	0	0	0
sundials-f128.N_VWrmsNormMask.N_VWrmsNormMask__00236__N_VWrmsNormMask.smt2	sundials-f128	N_VWrmsNormMask	5507	128	128	2	4	1	0	4	0	0	0	0	0	0
sundials-f128.N_VWrmsNormMask.N_VWrmsNormMask__00237__N_VWrmsNormMask.smt2	sundials-f128	N_VWrmsNormMask	6794	128	128	1	5	1	0	5	0	0	0	0	0	0
sundials-f128.N_VWrmsNormMask.N_VWrmsNormMask__00238__N_VWrmsNormMask.smt2	sundials-f128	N_VWrmsNormMask	6796	128	128	2	5	1	0	5	0	0	0	0	0	0
sundials-f128.N_VWrmsNormMask.N_VWrmsNormMask__00239__N_VWrmsNormMask.smt2	sundials-f128	N_VWrmsNormMask	5481	128	128	1	4	1	0	4	0	0	0	0	0	0
sundials-f128.N_VWrmsNormMask.N_VWrmsNormMask__00240__N_VWrmsNormMask.smt2	sundials-f128	N_VWrmsNormMask	5483	128	128	2	4	1	0	4	0	0	0	0	0	0
sundials-f128.N_VWrmsNormMask.N_VWrmsNormMask__00241__N_VWrmsNormMask.smt2	sundials-f128	N_VWrmsNormMask	6770	128	128	1	5	1	0	5	0	0	0	0	0	0
sundials-f128.N_VWrmsNormMask.N_VWrmsNormMask__00242__N_VWrmsNormMask.smt2	sundials-f128	N_VWrmsNormMask	6772	128	128	2	5	1	0	5	0	0	0	0	0	0
sundials-f128.N_VWrmsNormMask.N_VWrmsNormMask__00243__N_VWrmsNormMask.smt2	sundials-f128	N_VWrmsNormMask	6762	128	128	1	5	1	0	5	0	0	0	0	0	0
sundials-f128.N_VWrmsNormMask.N_VWrmsNormMask__00244__N_VWrmsNormMask.smt2	sundials-f128	N_VWrmsNormMask	6764	128	128	2	5	1	0	5	0	0	0	0	0	0
sundials-f128.N_VWrmsNormMask.N_VWrmsNormMask__00245__N_VWrmsNormMask.smt2	sundials-f128	N_VWrmsNormMask	8051	128	128	1	6	1	0	6	0	0	0	0	0	0
sundials-f128.N_VWrmsNormMask.N_VWrmsNormMask__00246__N_VWrmsNormMask.smt2	sundials-f128	N_VWrmsNormMask	8053	128	128	2	6	1	0	6	0	0	0	0	0	0
sundials-f128.N_VWrmsNormMask_Serial.N_VWrmsNormMask_Serial.smt2	sundials-f128	N_VWrmsNormMask_Serial	1092282	128	128	354	768	230	0	768	0	0	0	0	0	0
sundials-f128.N_VWrmsNormMask_Serial.N_VWrmsNormMask_Serial__00009__N_VWrmsNormMask_Serial.smt2	sundials-f128	N_VWrmsNormMask_Serial	1742	128	128	1	1	1	0	1	0	0	0	0	0	0
sundials-f128.N_VWrmsNormMask_Serial.N_VWrmsNormMask_Serial__00010__N_VWrmsNormMask_Serial.smt2	sundials-f128	N_VWrmsNormMask_Serial	1744	128	128	2	1	1	0	1	0	0	0	0	0	0
sundials-f128.N_VWrmsNormMask_Serial.N_VWrmsNormMask_Serial__00011__N_VWrmsNormMask_Serial.smt2	sundials-f128	N_VWrmsNormMask_Serial	1734	128	128	1	1	1	0	1	0	0	0	0	0	0
sundials-f128.N_VWrmsNormMask_Serial.N_VWrmsNormMask_Serial__00012__N_VWrmsNormMask_Serial.smt2	sundials-f128	N_VWrmsNormMask_Serial	1736	128	128	2	1	1	0	1	0	0	0	0	0	0
sundials-f128.N_VWrmsNormMask_Serial.N_VWrmsNormMask_Serial__00013__N_VWrmsNormMask_Serial.smt2	sundials-f128	N_VWrmsNormMask_Serial	3023	128	128	1	2	1	0	2	0	0	0	0	0	0
sundials-f128.N_VWrmsNormMask_Serial.N_VWrmsNormMask_Serial__00014__N_VWrmsNormMask_Serial.smt2	sundials-f128	N_VWrmsNormMask_Serial	3025	128	128	2	2	1	0	2	0	0	0	0	0	0
sundials-f128.N_VWrmsNormMask_Serial.N_VWrmsNormMask_Serial__00015__N_VWrmsNormMask_Serial.smt2	sundials-f128	N_VWrmsNormMask_Serial	1710	128	128	1	1	1	0	1	0	0	0	0	0	0
sundials-f128.N_VWrmsNormMask_Serial.N_VWrmsNormMask_Serial__00016__N_VWrmsNormMask_Serial.smt2	sundials-f128	N_VWrmsNormMask_Serial	1712	128	128	2	1	1	0	1	0	0	0	0	0	0
sundials-f128.N_VWrmsNormMask_Serial.N_VWrmsNormMask_Serial__00017__N_VWrmsNormMask_Serial.smt2	sundials-f128	N_VWrmsNormMask_Serial	2999	128	128	1	2	1	0	2	0	0	0	0	0	0
sundials-f128.N_VWrmsNormMask_Serial.N_VWrmsNormMask_Serial__00018__N_VWrmsNormMask_Serial.smt2	sundials-f128	N_VWrmsNormMask_Serial	3001	128	128	2	2	1	0	2	0	0	0	0	0	0
sundials-f128.N_VWrmsNormMask_Serial.N_VWrmsNormMask_Serial__00019__N_VWrmsNormMask_Serial.smt2	sundials-f128	N_VWrmsNormMask_Serial	2991	128	128	1	2	1	0	2	0	0	0	0	0	0
sundials-f128.N_VWrmsNormMask_Serial.N_VWrmsNormMask_Serial__00020__N_VWrmsNormMask_Serial.smt2	sundials-f128	N_VWrmsNormMask_Serial	2993	128	128	2	2	1	0	2	0	0	0	0	0	0
sundials-f128.N_VWrmsNormMask_Serial.N_VWrmsNormMask_Serial__00021__N_VWrmsNormMask_Serial.smt2	sundials-f128	N_VWrmsNormMask_Serial	4280	128	128	1	3	1	0	3	0	0	0	0	0	0
sundials-f128.N_VWrmsNormMask_Serial.N_VWrmsNormMask_Serial__00022__N_VWrmsNormMask_Serial.smt2	sundials-f128	N_VWrmsNormMask_Serial	4282	128	128	2	3	1	0	3	0	0	0	0	0	0
sundials-f128.N_VWrmsNormMask_Serial.N_VWrmsNormMask_Serial__00023__N_VWrmsNormMask_Serial.smt2	sundials-f128	N_VWrmsNormMask_Serial	1710	128	128	1	1	1	0	1	0	0	0	0	0	0
sundials-f128.N_VWrmsNormMask_Serial.N_VWrmsNormMask_Serial__00024__N_VWrmsNormMask_Serial.smt2	sundials-f128	N_VWrmsNormMask_Serial	1712	128	128	2	1	1	0	1	0	0	0	0	0	0
sundials-f128.N_VWrmsNormMask_Serial.N_VWrmsNormMask_Serial__00025__N_VWrmsNormMask_Serial.smt2	sundials-f128	N_VWrmsNormMask_Serial	2999	128	128	1	2	1	0	2	0	0	0	0	0	0
sundials-f128.N_VWrmsNormMask_Serial.N_VWrmsNormMask_Serial__00026__N_VWrmsNormMask_Serial.smt2	sundials-f128	N_VWrmsNormMask_Serial	3001	128	128	2	2	1	0	2	0	0	0	0	0	0
sundials-f128.N_VWrmsNormMask_Serial.N_VWrmsNormMask_Serial__00027__N_VWrmsNormMask_Serial.smt2	sundials-f128	N_VWrmsNormMask_Serial	2991	128	128	1	2	1	0	2	0	0	0	0	0	0
sundials-f128.N_VWrmsNormMask_Serial.N_VWrmsNormMask_Serial__00028__N_VWrmsNormMask_Serial.smt2	sundials-f128	N_VWrmsNormMask_Serial	2993	128	128	2	2	1	0	2	0	0	0	0	0	0
sundials-f128.N_VWrmsNormMask_Serial.N_VWrmsNormMask_Serial__00029__N_VWrmsNormMask_Serial.smt2	sundials-f128	N_VWrmsNormMask_Serial	4280	128	128	1	3	1	0	3	0	0	0	0	0	0
sundials-f128.N_VWrmsNormMask_Serial.N_VWrmsNormMask_Serial__00030__N_VWrmsNormMask_Serial.smt2	sundials-f128	N_VWrmsNormMask_Serial	4282	128	128	2	3	1	0	3	0	0	0	0	0	0
sundials-f128.N_VWrmsNormMask_Serial.N_VWrmsNormMask_Serial__00031__N_VWrmsNormMask_Serial.smt2	sundials-f128	N_VWrmsNormMask_Serial	2967	128	128	1	2	1	0	2	0	0	0	0	0	0
sundials-f128.N_VWrmsNormMask_Serial.N_VWrmsNormMask_Serial__00032__N_VWrmsNormMask_Serial.smt2	sundials-f128	N_VWrmsNormMask_Serial	2969	128	128	2	2	1	0	2	0	0	0	0	0	0
sundials-f128.N_VWrmsNormMask_Serial.N_VWrmsNormMask_Serial__00033__N_VWrmsNormMask_Serial.smt2	sundials-f128	N_VWrmsNormMask_Serial	4256	128	128	1	3	1	0	3	0	0	0	0	0	0
sundials-f128.N_VWrmsNormMask_Serial.N_VWrmsNormMask_Serial__00034__N_VWrmsNormMask_Serial.smt2	sundials-f128	N_VWrmsNormMask_Serial	4258	128	128	2	3	1	0	3	0	0	0	0	0	0
sundials-f128.N_VWrmsNormMask_Serial.N_VWrmsNormMask_Serial__00035__N_VWrmsNormMask_Serial.smt2	sundials-f128	N_VWrmsNormMask_Serial	4248	128	128	1	3	1	0	3	0	0	0	0	0	0
sundials-f128.N_VWrmsNormMask_Serial.N_VWrmsNormMask_Serial__00036__N_VWrmsNormMask_Serial.smt2	sundials-f128	N_VWrmsNormMask_Serial	4250	128	128	2	3	1	0	3	0	0	0	0	0	0
sundials-f128.N_VWrmsNormMask_Serial.N_VWrmsNormMask_Serial__00037__N_VWrmsNormMask_Serial.smt2	sundials-f128	N_VWrmsNormMask_Serial	5537	128	128	1	4	1	0	4	0	0	0	0	0	0
sundials-f128.N_VWrmsNormMask_Serial.N_VWrmsNormMask_Serial__00038__N_VWrmsNormMask_Serial.smt2	sundials-f128	N_VWrmsNormMask_Serial	5539	128	128	2	4	1	0	4	0	0	0	0	0	0
sundials-f128.N_VWrmsNormMask_Serial.N_VWrmsNormMask_Serial__00039__N_VWrmsNormMask_Serial.smt2	sundials-f128	N_VWrmsNormMask_Serial	1710	128	128	1	1	1	0	1	0	0	0	0	0	0
sundials-f128.N_VWrmsNormMask_Serial.N_VWrmsNormMask_Serial__00040__N_VWrmsNormMask_Serial.smt2	sundials-f128	N_VWrmsNormMask_Serial	1712	128	128	2	1	1	0	1	0	0	0	0	0	0
sundials-f128.N_VWrmsNormMask_Serial.N_VWrmsNormMask_Serial__00041__N_VWrmsNormMask_Serial.smt2	sundials-f128	N_VWrmsNormMask_Serial	2999	128	128	1	2	1	0	2	0	0	0	0	0	0
sundials-f128.N_VWrmsNormMask_Serial.N_VWrmsNormMask_Serial__00042__N_VWrmsNormMask_Serial.smt2	sundials-f128	N_VWrmsNormMask_Serial	3001	128	128	2	2	1	0	2	0	0	0	0	0	0
sundials-f128.N_VWrmsNormMask_Serial.N_VWrmsNormMask_Serial__00043__N_VWrmsNormMask_Serial.smt2	sundials-f128	N_VWrmsNormMask_Serial	2991	128	128	1	2	1	0	2	0	0	0	0	0	0
sundials-f128.N_VWrmsNormMask_Serial.N_VWrmsNormMask_Serial__00044__N_VWrmsNormMask_Serial.smt2	sundials-f128	N_VWrmsNormMask_Serial	2993	128	128	2	2	1	0	2	0	0	0	0	0	0
sundials-f128.N_VWrmsNormMask_Serial.N_VWrmsNormMask_Serial__00045__N_VWrmsNormMask_Serial.smt2	sundials-f128	N_VWrmsNormMask_Serial	4280	128	128	1	3	1	0	3	0	0	0	0	0	0
sundials-f128.N_VWrmsNormMask_Serial.N_VWrmsNormMask_Serial__00046__N_VWrmsNormMask_Serial.smt2	sundials-f128	N_VWrmsNormMask_Serial	4282	128	128	2	3	1	0	3	0	0	0	0	0	0
sundials-f128.N_VWrmsNormMask_Serial.N_VWrmsNormMask_Serial__00047__N_VWrmsNormMask_Serial.smt2	sundials-f128	N_VWrmsNormMask_Serial	2967	128	128	1	2	1	0	2	0	0	0	0	0	0
sundials-f128.N_VWrmsNormMask_Serial.N_VWrmsNormMask_Serial__00048__N_VWrmsNormMask_Serial.smt2	sundials-f128	N_VWrmsNormMask_Serial	2969	128	128	2	2	1	0	2	0	0	0	0	0	0
sundials-f128.N_VWrmsNormMask_Serial.N_VWrmsNormMask_Serial__00049__N_VWrmsNormMask_Serial.smt2	sundials-f128	N_VWrmsNormMask_Serial	4256	128	128	1	3	1	0	3	0	0	0	0	0	0
sundials-f128.N_VWrmsNormMask_Serial.N_VWrmsNormMask_Serial__00050__N_VWrmsNormMask_Serial.smt2	sundials-f128	N_VWrmsNormMask_Serial	4258	128	128	2	3	1	0	3	0	0	0	0	0	0
sundials-f128.N_VWrmsNormMask_Serial.N_VWrmsNormMask_Serial__00051__N_VWrmsNormMask_Serial.smt2	sundials-f128	N_VWrmsNormMask_Serial	4248	128	128	1	3	1	0	3	0	0	0	0	0	0
sundials-f128.N_VWrmsNormMask_Serial.N_VWrmsNormMask_Serial__00052__N_VWrmsNormMask_Serial.smt2	sundials-f128	N_VWrmsNormMask_Serial	4250	128	128	2	3	1	0	3	0	0	0	0	0	0
sundials-f128.N_VWrmsNormMask_Serial.N_VWrmsNormMask_Serial__00053__N_VWrmsNormMask_Serial.smt2	sundials-f128	N_VWrmsNormMask_Serial	5537	128	128	1	4	1	0	4	0	0	0	0	0	0
sundials-f128.N_VWrmsNormMask_Serial.N_VWrmsNormMask_Serial__00054__N_VWrmsNormMask_Serial.smt2	sundials-f128	N_VWrmsNormMask_Serial	5539	128	128	2	4	1	0	4	0	0	0	0	0	0
sundials-f128.N_VWrmsNormMask_Serial.N_VWrmsNormMask_Serial__00055__N_VWrmsNormMask_Serial.smt2	sundials-f128	N_VWrmsNormMask_Serial	2967	128	128	1	2	1	0	2	0	0	0	0	0	0
sundials-f128.N_VWrmsNormMask_Serial.N_VWrmsNormMask_Serial__00056__N_VWrmsNormMask_Serial.smt2	sundials-f128	N_VWrmsNormMask_Serial	2969	128	128	2	2	1	0	2	0	0	0	0	0	0
sundials-f128.N_VWrmsNormMask_Serial.N_VWrmsNormMask_Serial__00057__N_VWrmsNormMask_Serial.smt2	sundials-f128	N_VWrmsNormMask_Serial	4256	128	128	1	3	1	0	3	0	0	0	0	0	0
sundials-f128.N_VWrmsNormMask_Serial.N_VWrmsNormMask_Serial__00058__N_VWrmsNormMask_Serial.smt2	sundials-f128	N_VWrmsNormMask_Serial	4258	128	128	2	3	1	0	3	0	0	0	0	0	0
sundials-f128.N_VWrmsNormMask_Serial.N_VWrmsNormMask_Serial__00059__N_VWrmsNormMask_Serial.smt2	sundials-f128	N_VWrmsNormMask_Serial	4248	128	128	1	3	1	0	3	0	0	0	0	0	0
sundials-f128.N_VWrmsNormMask_Serial.N_VWrmsNormMask_Serial__00060__N_VWrmsNormMask_Serial.smt2	sundials-f128	N_VWrmsNormMask_Serial	4250	128	128	2	3	1	0	3	0	0	0	0	0	0
sundials-f128.N_VWrmsNormMask_Serial.N_VWrmsNormMask_Serial__00061__N_VWrmsNormMask_Serial.smt2	sundials-f128	N_VWrmsNormMask_Serial	5537	128	128	1	4	1	0	4	0	0	0	0	0	0
sundials-f128.N_VWrmsNormMask_Serial.N_VWrmsNormMask_Serial__00062__N_VWrmsNormMask_Serial.smt2	sundials-f128	N_VWrmsNormMask_Serial	5539	128	128	2	4	1	0	4	0	0	0	0	0	0
sundials-f128.N_VWrmsNormMask_Serial.N_VWrmsNormMask_Serial__00063__N_VWrmsNormMask_Serial.smt2	sundials-f128	N_VWrmsNormMask_Serial	4224	128	128	1	3	1	0	3	0	0	0	0	0	0
sundials-f128.N_VWrmsNormMask_Serial.N_VWrmsNormMask_Serial__00064__N_VWrmsNormMask_Serial.smt2	sundials-f128	N_VWrmsNormMask_Serial	4226	128	128	2	3	1	0	3	0	0	0	0	0	0
sundials-f128.N_VWrmsNormMask_Serial.N_VWrmsNormMask_Serial__00065__N_VWrmsNormMask_Serial.smt2	sundials-f128	N_VWrmsNormMask_Serial	5513	128	128	1	4	1	0	4	0	0	0	0	0	0
sundials-f128.N_VWrmsNormMask_Serial.N_VWrmsNormMask_Serial__00066__N_VWrmsNormMask_Serial.smt2	sundials-f128	N_VWrmsNormMask_Serial	5515	128	128	2	4	1	0	4	0	0	0	0	0	0
sundials-f128.N_VWrmsNormMask_Serial.N_VWrmsNormMask_Serial__00067__N_VWrmsNormMask_Serial.smt2	sundials-f128	N_VWrmsNormMask_Serial	5505	128	128	1	4	1	0	4	0	0	0	0	0	0
sundials-f128.N_VWrmsNormMask_Serial.N_VWrmsNormMask_Serial__00068__N_VWrmsNormMask_Serial.smt2	sundials-f128	N_VWrmsNormMask_Serial	5507	128	128	2	4	1	0	4	0	0	0	0	0	0
sundials-f128.N_VWrmsNormMask_Serial.N_VWrmsNormMask_Serial__00069__N_VWrmsNormMask_Serial.smt2	sundials-f128	N_VWrmsNormMask_Serial	6794	128	128	1	5	1	0	5	0	0	0	0	0	0
sundials-f128.N_VWrmsNormMask_Serial.N_VWrmsNormMask_Serial__00070__N_VWrmsNormMask_Serial.smt2	sundials-f128	N_VWrmsNormMask_Serial	6796	128	128	2	5	1	0	5	0	0	0	0	0	0
sundials-f128.N_VWrmsNormMask_Serial.N_VWrmsNormMask_Serial__00071__N_VWrmsNormMask_Serial.smt2	sundials-f128	N_VWrmsNormMask_Serial	1710	128	128	1	1	1	0	1	0	0	0	0	0	0
sundials-f128.N_VWrmsNormMask_Serial.N_VWrmsNormMask_Serial__00072__N_VWrmsNormMask_Serial.smt2	sundials-f128	N_VWrmsNormMask_Serial	1712	128	128	2	1	1	0	1	0	0	0	0	0	0
sundials-f128.N_VWrmsNormMask_Serial.N_VWrmsNormMask_Serial__00073__N_VWrmsNormMask_Serial.smt2	sundials-f128	N_VWrmsNormMask_Serial	2999	128	128	1	2	1	0	2	0	0	0	0	0	0
sundials-f128.N_VWrmsNormMask_Serial.N_VWrmsNormMask_Serial__00074__N_VWrmsNormMask_Serial.smt2	sundials-f128	N_VWrmsNormMask_Serial	3001	128	128	2	2	1	0	2	0	0	0	0	0	0
sundials-f128.N_VWrmsNormMask_Serial.N_VWrmsNormMask_Serial__00075__N_VWrmsNormMask_Serial.smt2	sundials-f128	N_VWrmsNormMask_Serial	2991	128	128	1	2	1	0	2	0	0	0	0	0	0
sundials-f128.N_VWrmsNormMask_Serial.N_VWrmsNormMask_Serial__00076__N_VWrmsNormMask_Serial.smt2	sundials-f128	N_VWrmsNormMask_Serial	2993	128	128	2	2	1	0	2	0	0	0	0	0	0
sundials-f128.N_VWrmsNormMask_Serial.N_VWrmsNormMask_Serial__00077__N_VWrmsNormMask_Serial.smt2	sundials-f128	N_VWrmsNormMask_Serial	4280	128	128	1	3	1	0	3	0	0	0	0	0	0
sundials-f128.N_VWrmsNormMask_Serial.N_VWrmsNormMask_Serial__00078__N_VWrmsNormMask_Serial.smt2	sundials-f128	N_VWrmsNormMask_Serial	4282	128	128	2	3	1	0	3	0	0	0	0	0	0
sundials-f128.N_VWrmsNormMask_Serial.N_VWrmsNormMask_Serial__00079__N_VWrmsNormMask_Serial.smt2	sundials-f128	N_VWrmsNormMask_Serial	2967	128	128	1	2	1	0	2	0	0	0	0	0	0
sundials-f128.N_VWrmsNormMask_Serial.N_VWrmsNormMask_Serial__00080__N_VWrmsNormMask_Serial.smt2	sundials-f128	N_VWrmsNormMask_Serial	2969	128	128	2	2	1	0	2	0	0	0	0	0	0
sundials-f128.N_VWrmsNormMask_Serial.N_VWrmsNormMask_Serial__00081__N_VWrmsNormMask_Serial.smt2	sundials-f128	N_VWrmsNormMask_Serial	4256	128	128	1	3	1	0	3	0	0	0	0	0	0
sundials-f128.N_VWrmsNormMask_Serial.N_VWrmsNormMask_Serial__00082__N_VWrmsNormMask_Serial.smt2	sundials-f128	N_VWrmsNormMask_Serial	4258	128	128	2	3	1	0	3	0	0	0	0	0	0
sundials-f128.N_VWrmsNormMask_Serial.N_VWrmsNormMask_Serial__00083__N_VWrmsNormMask_Serial.smt2	sundials-f128	N_VWrmsNormMask_Serial	4248	128	128	1	3	1	0	3	0	0	0	0	0	0
sundials-f128.N_VWrmsNormMask_Serial.N_VWrmsNormMask_Serial__00084__N_VWrmsNormMask_Serial.smt2	sundials-f128	N_VWrmsNormMask_Serial	4250	128	128	2	3	1	0	3	0	0	0	0	0	0
sundials-f128.N_VWrmsNormMask_Serial.N_VWrmsNormMask_Serial__00085__N_VWrmsNormMask_Serial.smt2	sundials-f128	N_VWrmsNormMask_Serial	5537	128	128	1	4	1	0	4	0	0	0	0	0	0
sundials-f128.N_VWrmsNormMask_Serial.N_VWrmsNormMask_Serial__00086__N_VWrmsNormMask_Serial.smt2	sundials-f128	N_VWrmsNormMask_Serial	5539	128	128	2	4	1	0	4	0	0	0	0	0	0
sundials-f128.N_VWrmsNormMask_Serial.N_VWrmsNormMask_Serial__00087__N_VWrmsNormMask_Serial.smt2	sundials-f128	N_VWrmsNormMask_Serial	2967	128	128	1	2	1	0	2	0	0	0	0	0	0
sundials-f128.N_VWrmsNormMask_Serial.N_VWrmsNormMask_Serial__00088__N_VWrmsNormMask_Serial.smt2	sundials-f128	N_VWrmsNormMask_Serial	2969	128	128	2	2	1	0	2	0	0	0	0	0	0
sundials-f128.N_VWrmsNormMask_Serial.N_VWrmsNormMask_Serial__00089__N_VWrmsNormMask_Serial.smt2	sundials-f128	N_VWrmsNormMask_Serial	4256	128	128	1	3	1	0	3	0	0	0	0	0	0
sundials-f128.N_VWrmsNormMask_Serial.N_VWrmsNormMask_Serial__00090__N_VWrmsNormMask_Serial.smt2	sundials-f128	N_VWrmsNormMask_Serial	4258	128	128	2	3	1	0	3	0	0	0	0	0	0
sundials-f128.N_VWrmsNormMask_Serial.N_VWrmsNormMask_Serial__00091__N_VWrmsNormMask_Serial.smt2	sundials-f128	N_VWrmsNormMask_Serial	4248	128	128	1	3	1	0	3	0	0	0	0	0	0
sundials-f128.N_VWrmsNormMask_Serial.N_VWrmsNormMask_Serial__00092__N_VWrmsNormMask_Serial.smt2	sundials-f128	N_VWrmsNormMask_Serial	4250	128	128	2	3	1	0	3	0	0	0	0	0	0
sundials-f128.N_VWrmsNormMask_Serial.N_VWrmsNormMask_Serial__00093__N_VWrmsNormMask_Serial.smt2	sundials-f128	N_VWrmsNormMask_Serial	5537	128	128	1	4	1	0	4	0	0	0	0	0	0
sundials-f128.N_VWrmsNormMask_Serial.N_VWrmsNormMask_Serial__00094__N_VWrmsNormMask_Serial.smt2	sundials-f128	N_VWrmsNormMask_Serial	5539	128	128	2	4	1	0	4	0	0	0	0	0	0
sundials-f128.N_VWrmsNormMask_Serial.N_VWrmsNormMask_Serial__00095__N_VWrmsNormMask_Serial.smt2	sundials-f128	N_VWrmsNormMask_Serial	4224	128	128	1	3	1	0	3	0	0	0	0	0	0
sundials-f128.N_VWrmsNormMask_Serial.N_VWrmsNormMask_Serial__00096__N_VWrmsNormMask_Serial.smt2	sundials-f128	N_VWrmsNormMask_Serial	4226	128	128	2	3	1	0	3	0	0	0	0	0	0
sundials-f128.N_VWrmsNormMask_Serial.N_VWrmsNormMask_Serial__00097__N_VWrmsNormMask_Serial.smt2	sundials-f128	N_VWrmsNormMask_Serial	5513	128	128	1	4	1	0	4	0	0	0	0	0	0
sundials-f128.N_VWrmsNormMask_Serial.N_VWrmsNormMask_Serial__00098__N_VWrmsNormMask_Serial.smt2	sundials-f128	N_VWrmsNormMask_Serial	5515	128	128	2	4	1	0	4	0	0	0	0	0	0
sundials-f128.N_VWrmsNormMask_Serial.N_VWrmsNormMask_Serial__00099__N_VWrmsNormMask_Serial.smt2	sundials-f128	N_VWrmsNormMask_Serial	5505	128	128	1	4	1	0	4	0	0	0	0	0	0
sundials-f128.N_VWrmsNormMask_Serial.N_VWrmsNormMask_Serial__00100__N_VWrmsNormMask_Serial.smt2	sundials-f128	N_VWrmsNormMask_Serial	5507	128	128	2	4	1	0	4	0	0	0	0	0	0
sundials-f128.N_VWrmsNormMask_Serial.N_VWrmsNormMask_Serial__00101__N_VWrmsNormMask_Serial.smt2	sundials-f128	N_VWrmsNormMask_Serial	6794	128	128	1	5	1	0	5	0	0	0	0	0	0
sundials-f128.N_VWrmsNormMask_Serial.N_VWrmsNormMask_Serial__00102__N_VWrmsNormMask_Serial.smt2	sundials-f128	N_VWrmsNormMask_Serial	6796	128	128	2	5	1	0	5	0	0	0	0	0	0
sundials-f128.N_VWrmsNormMask_Serial.N_VWrmsNormMask_Serial__00103__N_VWrmsNormMask_Serial.smt2	sundials-f128	N_VWrmsNormMask_Serial	2967	128	128	1	2	1	0	2	0	0	0	0	0	0
sundials-f128.N_VWrmsNormMask_Serial.N_VWrmsNormMask_Serial__00104__N_VWrmsNormMask_Serial.smt2	sundials-f128	N_VWrmsNormMask_Serial	2969	128	128	2	2	1	0	2	0	0	0	0	0	0
sundials-f128.N_VWrmsNormMask_Serial.N_VWrmsNormMask_Serial__00105__N_VWrmsNormMask_Serial.smt2	sundials-f128	N_VWrmsNormMask_Serial	4256	128	128	1	3	1	0	3	0	0	0	0	0	0
sundials-f128.N_VWrmsNormMask_Serial.N_VWrmsNormMask_Serial__00106__N_VWrmsNormMask_Serial.smt2	sundials-f128	N_VWrmsNormMask_Serial	4258	128	128	2	3	1	0	3	0	0	0	0	0	0
sundials-f128.N_VWrmsNormMask_Serial.N_VWrmsNormMask_Serial__00107__N_VWrmsNormMask_Serial.smt2	sundials-f128	N_VWrmsNormMask_Serial	4248	128	128	1	3	1	0	3	0	0	0	0	0	0
sundials-f128.N_VWrmsNormMask_Serial.N_VWrmsNormMask_Serial__00108__N_VWrmsNormMask_Serial.smt2	sundials-f128	N_VWrmsNormMask_Serial	4250	128	128	2	3	1	0	3	0	0	0	0	0	0
sundials-f128.N_VWrmsNormMask_Serial.N_VWrmsNormMask_Serial__00109__N_VWrmsNormMask_Serial.smt2	sundials-f128	N_VWrmsNormMask_Serial	5537	128	128	1	4	1	0	4	0	0	0	0	0	0
sundials-f128.N_VWrmsNormMask_Serial.N_VWrmsNormMask_Serial__00110__N_VWrmsNormMask_Serial.smt2	sundials-f128	N_VWrmsNormMask_Serial	5539	128	128	2	4	1	0	4	0	0	0	0	0	0
sundials-f128.N_VWrmsNormMask_Serial.N_VWrmsNormMask_Serial__00111__N_VWrmsNormMask_Serial.smt2	sundials-f128	N_VWrmsNormMask_Serial	4224	128	128	1	3	1	0	3	0	0	0	0	0	0
sundials-f128.N_VWrmsNormMask_Serial.N_VWrmsNormMask_Serial__00112__N_VWrmsNormMask_Serial.smt2	sundials-f128	N_VWrmsNormMask_Serial	4226	128	128	2	3	1	0	3	0	0	0	0	0	0
sundials-f128.N_VWrmsNormMask_Serial.N_VWrmsNormMask_Serial__00113__N_VWrmsNormMask_Serial.smt2	sundials-f128	N_VWrmsNormMask_Serial	5513	128	128	1	4	1	0	4	0	0	0	0	0	0
sundials-f128.N_VWrmsNormMask_Serial.N_VWrmsNormMask_Serial__00114__N_VWrmsNormMask_Serial.smt2	sundials-f128	N_VWrmsNormMask_Serial	5515	128	128	2	4	1	0	4	0	0	0	0	0	0
sundials-f128.N_VWrmsNormMask_Serial.N_VWrmsNormMask_Serial__00115__N_VWrmsNormMask_Serial.smt2	sundials-f128	N_VWrmsNormMask_Serial	5505	128	128	1	4	1	0	4	0	0	0	0	0	0
sundials-f128.N_VWrmsNormMask_Serial.N_VWrmsNormMask_Serial__00116__N_VWrmsNormMask_Serial.smt2	sundials-f128	N_VWrmsNormMask_Serial	5507	128	128	2	4	1	0	4	0	0	0	0	0	0
sundials-f128.N_VWrmsNormMask_Serial.N_VWrmsNormMask_Serial__00117__N_VWrmsNormMask_Serial.smt2	sundials-f128	N_VWrmsNormMask_Serial	6794	128	128	1	5	1	0	5	0	0	0	0	0	0
sundials-f128.N_VWrmsNormMask_Serial.N_VWrmsNormMask_Serial__00118__N_VWrmsNormMask_Serial.smt2	sundials-f128	N_VWrmsNormMask_Serial	6796	128	128	2	5	1	0	5	0	0	0	0	0	0
sundials-f128.N_VWrmsNormMask_Serial.N_VWrmsNormMask_Serial__00119__N_VWrmsNormMask_Serial.smt2	sundials-f128	N_VWrmsNormMask_Serial	4224	128	128	1	3	1	0	3	0	0	0	0	0	0
sundials-f128.N_VWrmsNormMask_Serial.N_VWrmsNormMask_Serial__00120__N_VWrmsNormMask_Serial.smt2	sundials-f128	N_VWrmsNormMask_Serial	4226	128	128	2	3	1	0	3	0	0	0	0	0	0
sundials-f128.N_VWrmsNormMask_Serial.N_VWrmsNormMask_Serial__00121__N_VWrmsNormMask_Serial.smt2	sundials-f128	N_VWrmsNormMask_Serial	5513	128	128	1	4	1	0	4	0	0	0	0	0	0
sundials-f128.N_VWrmsNormMask_Serial.N_VWrmsNormMask_Serial__00122__N_VWrmsNormMask_Serial.smt2	sundials-f128	N_VWrmsNormMask_Serial	5515	128	128	2	4	1	0	4	0	0	0	0	0	0
sundials-f128.N_VWrmsNormMask_Serial.N_VWrmsNormMask_Serial__00123__N_VWrmsNormMask_Serial.smt2	sundials-f128	N_VWrmsNormMask_Serial	5505	128	128	1	4	1	0	4	0	0	0	0	0	0
sundials-f128.N_VWrmsNormMask_Serial.N_VWrmsNormMask_Serial__00124__N_VWrmsNormMask_Serial.smt2	sundials-f128	N_VWrmsNormMask_Serial	5507	128	128	2	4	1	0	4	0	0	0	0	0	0
sundials-f128.N_VWrmsNormMask_Serial.N_VWrmsNormMask_Serial__00125__N_VWrmsNormMask_Serial.smt2	sundials-f128	N_VWrmsNormMask_Serial	6794	128	128	1	5	1	0	5	0	0	0	0	0	0
sundials-f128.N_VWrmsNormMask_Serial.N_VWrmsNormMask_Serial__00126__N_VWrmsNormMask_Serial.smt2	sundials-f128	N_VWrmsNormMask_Serial	6796	128	128	2	5	1	0	5	0	0	0	0	0	0
sundials-f128.N_VWrmsNormMask_Serial.N_VWrmsNormMask_Serial__00127__N_VWrmsNormMask_Serial.smt2	sundials-f128	N_VWrmsNormMask_Serial	5481	128	128	1	4	1	0	4	0	0	0	0	0	0
sundials-f128.N_VWrmsNormMask_Serial.N_VWrmsNormMask_Serial__00128__N_VWrmsNormMask_Serial.smt2	sundials-f128	N_VWrmsNormMask_Serial	5483	128	128	2	4	1	0	4	0	0	0	0	0	0
sundials-f128.N_VWrmsNormMask_Serial.N_VWrmsNormMask_Serial__00129__N_VWrmsNormMask_Serial.smt2	sundials-f128	N_VWrmsNormMask_Serial	6770	128	128	1	5	1	0	5	0	0	0	0	0	0
sundials-f128.N_VWrmsNormMask_Serial.N_VWrmsNormMask_Serial__00130__N_VWrmsNormMask_Serial.smt2	sundials-f128	N_VWrmsNormMask_Serial	6772	128	128	2	5	1	0	5	0	0	0	0	0	0
sundials-f128.N_VWrmsNormMask_Serial.N_VWrmsNormMask_Serial__00131__N_VWrmsNormMask_Serial.smt2	sundials-f128	N_VWrmsNormMask_Serial	6762	128	128	1	5	1	0	5	0	0	0	0	0	0
sundials-f128.N_VWrmsNormMask_Serial.N_VWrmsNormMask_Serial__00132__N_VWrmsNormMask_Serial.smt2	sundials-f128	N_VWrmsNormMask_Serial	6764	128	128	2	5	1	0	5	0	0	0	0	0	0
sundials-f128.N_VWrmsNormMask_Serial.N_VWrmsNormMask_Serial__00133__N_VWrmsNormMask_Serial.smt2	sundials-f128	N_VWrmsNormMask_Serial	8051	128	128	1	6	1	0	6	0	0	0	0	0	0
sundials-f128.N_VWrmsNormMask_Serial.N_VWrmsNormMask_Serial__00134__N_VWrmsNormMask_Serial.smt2	sundials-f128	N_VWrmsNormMask_Serial	8053	128	128	2	6	1	0	6	0	0	0	0	0	0
sundials-f128.N_VWrmsNormMask_Serial.N_VWrmsNormMask_Serial__00135__N_VWrmsNormMask_Serial.smt2	sundials-f128	N_VWrmsNormMask_Serial	1710	128	128	1	1	1	0	1	0	0	0	0	0	0
sundials-f128.N_VWrmsNormMask_Serial.N_VWrmsNormMask_Serial__00136__N_VWrmsNormMask_Serial.smt2	sundials-f128	N_VWrmsNormMask_Serial	1712	128	128	2	1	1	0	1	0	0	0	0	0	0
sundials-f128.N_VWrmsNormMask_Serial.N_VWrmsNormMask_Serial__00137__N_VWrmsNormMask_Serial.smt2	sundials-f128	N_VWrmsNormMask_Serial	2999	128	128	1	2	1	0	2	0	0	0	0	0	0
sundials-f128.N_VWrmsNormMask_Serial.N_VWrmsNormMask_Serial__00138__N_VWrmsNormMask_Serial.smt2	sundials-f128	N_VWrmsNormMask_Serial	3001	128	128	2	2	1	0	2	0	0	0	0	0	0
sundials-f128.N_VWrmsNormMask_Serial.N_VWrmsNormMask_Serial__00139__N_VWrmsNormMask_Serial.smt2	sundials-f128	N_VWrmsNormMask_Serial	2991	128	128	1	2	1	0	2	0	0	0	0	0	0
sundials-f128.N_VWrmsNormMask_Serial.N_VWrmsNormMask_Serial__00140__N_VWrmsNormMask_Serial.smt2	sundials-f128	N_VWrmsNormMask_Serial	2993	128	128	2	2	1	0	2	0	0	0	0	0	0
sundials-f128.N_VWrmsNormMask_Serial.N_VWrmsNormMask_Serial__00141__N_VWrmsNormMask_Serial.smt2	sundials-f128	N_VWrmsNormMask_Serial	4280	128	128	1	3	1	0	3	0	0	0	0	0	0
sundials-f128.N_VWrmsNormMask_Serial.N_VWrmsNormMask_Serial__00142__N_VWrmsNormMask_Serial.smt2	sundials-f128	N_VWrmsNormMask_Serial	4282	128	128	2	3	1	0	3	0	0	0	0	0	0
sundials-f128.N_VWrmsNormMask_Serial.N_VWrmsNormMask_Serial__00143__N_VWrmsNormMask_Serial.smt2	sundials-f128	N_VWrmsNormMask_Serial	2967	128	128	1	2	1	0	2	0	0	0	0	0	0
sundials-f128.N_VWrmsNormMask_Serial.N_VWrmsNormMask_Serial__00144__N_VWrmsNormMask_Serial.smt2	sundials-f128	N_VWrmsNormMask_Serial	2969	128	128	2	2	1	0	2	0	0	0	0	0	0
sundials-f128.N_VWrmsNormMask_Serial.N_VWrmsNormMask_Serial__00145__N_VWrmsNormMask_Serial.smt2	sundials-f128	N_VWrmsNormMask_Serial	4256	128	128	1	3	1	0	3	0	0	0	0	0	0
sundials-f128.N_VWrmsNormMask_Serial.N_VWrmsNormMask_Serial__00146__N_VWrmsNormMask_Serial.smt2	sundials-f128	N_VWrmsNormMask_Serial	4258	128	128	2	3	1	0	3	0	0	0	0	0	0
sundials-f128.N_VWrmsNormMask_Serial.N_VWrmsNormMask_Serial__00147__N_VWrmsNormMask_Serial.smt2	sundials-f128	N_VWrmsNormMask_Serial	4248	128	128	1	3	1	0	3	0	0	0	0	0	0
sundials-f128.N_VWrmsNormMask_Serial.N_VWrmsNormMask_Serial__00148__N_VWrmsNormMask_Serial.smt2	sundials-f128	N_VWrmsNormMask_Serial	4250	128	128	2	3	1	0	3	0	0	0	0	0	0
sundials-f128.N_VWrmsNormMask_Serial.N_VWrmsNormMask_Serial__00149__N_VWrmsNormMask_Serial.smt2	sundials-f128	N_VWrmsNormMask_Serial	5537	128	128	1	4	1	0	4	0	0	0	0	0	0
sundials-f128.N_VWrmsNormMask_Serial.N_VWrmsNormMask_Serial__00150__N_VWrmsNormMask_Serial.smt2	sundials-f128	N_VWrmsNormMask_Serial	5539	128	128	2	4	1	0	4	0	0	0	0	0	0
sundials-f128.N_VWrmsNormMask_Serial.N_VWrmsNormMask_Serial__00151__N_VWrmsNormMask_Serial.smt2	sundials-f128	N_VWrmsNormMask_Serial	2967	128	128	1	2	1	0	2	0	0	0	0	0	0
sundials-f128.N_VWrmsNormMask_Serial.N_VWrmsNormMask_Serial__00152__N_VWrmsNormMask_Serial.smt2	sundials-f128	N_VWrmsNormMask_Serial	2969	128	128	2	2	1	0	2	0	0	0	0	0	0
sundials-f128.N_VWrmsNormMask_Serial.N_VWrmsNormMask_Serial__00153__N_VWrmsNormMask_Serial.smt2	sundials-f128	N_VWrmsNormMask_Serial	4256	128	128	1	3	1	0	3	0	0	0	0	0	0
sundials-f128.N_VWrmsNormMask_Serial.N_VWrmsNormMask_Serial__00154__N_VWrmsNormMask_Serial.smt2	sundials-f128	N_VWrmsNormMask_Serial	4258	128	128	2	3	1	0	3	0	0	0	0	0	0
sundials-f128.N_VWrmsNormMask_Serial.N_VWrmsNormMask_Serial__00155__N_VWrmsNormMask_Serial.smt2	sundials-f128	N_VWrmsNormMask_Serial	4248	128	128	1	3	1	0	3	0	0	0	0	0	0
sundials-f128.N_VWrmsNormMask_Serial.N_VWrmsNormMask_Serial__00156__N_VWrmsNormMask_Serial.smt2	sundials-f128	N_VWrmsNormMask_Serial	4250	128	128	2	3	1	0	3	0	0	0	0	0	0
sundials-f128.N_VWrmsNormMask_Serial.N_VWrmsNormMask_Serial__00157__N_VWrmsNormMask_Serial.smt2	sundials-f128	N_VWrmsNormMask_Serial	5537	128	128	1	4	1	0	4	0	0	0	0	0	0
sundials-f128.N_VWrmsNormMask_Serial.N_VWrmsNormMask_Serial__00158__N_VWrmsNormMask_Serial.smt2	sundials-f128	N_VWrmsNormMask_Serial	5539	128	128	2	4	1	0	4	0	0	0	0	0	0
sundials-f128.N_VWrmsNormMask_Serial.N_VWrmsNormMask_Serial__00159__N_VWrmsNormMask_Serial.smt2	sundials-f128	N_VWrmsNormMask_Serial	4224	128	128	1	3	1	0	3	0	0	0	0	0	0
sundials-f128.N_VWrmsNormMask_Serial.N_VWrmsNormMask_Serial__00160__N_VWrmsNormMask_Serial.smt2	sundials-f128	N_VWrmsNormMask_Serial	4226	128	128	2	3	1	0	3	0	0	0	0	0	0
sundials-f128.N_VWrmsNormMask_Serial.N_VWrmsNormMask_Serial__00161__N_VWrmsNormMask_Serial.smt2	sundials-f128	N_VWrmsNormMask_Serial	5513	128	128	1	4	1	0	4	0	0	0	0	0	0
sundials-f128.N_VWrmsNormMask_Serial.N_VWrmsNormMask_Serial__00162__N_VWrmsNormMask_Serial.smt2	sundials-f128	N_VWrmsNormMask_Serial	5515	128	128	2	4	1	0	4	0	0	0	0	0	0
sundials-f128.N_VWrmsNormMask_Serial.N_VWrmsNormMask_Serial__00163__N_VWrmsNormMask_Serial.smt2	sundials-f128	N_VWrmsNormMask_Serial	5505	128	128	1	4	1	0	4	0	0	0	0	0	0
sundials-f128.N_VWrmsNormMask_Serial.N_VWrmsNormMask_Serial__00164__N_VWrmsNormMask_Serial.smt2	sundials-f128	N_VWrmsNormMask_Serial	5507	128	128	2	4	1	0	4	0	0	0	0	0	0
sundials-f128.N_VWrmsNormMask_Serial.N_VWrmsNormMask_Serial__00165__N_VWrmsNormMask_Serial.smt2	sundials-f128	N_VWrmsNormMask_Serial	6794	128	128	1	5	1	0	5	0	0	0	0	0	0
sundials-f128.N_VWrmsNormMask_Serial.N_VWrmsNormMask_Serial__00166__N_VWrmsNormMask_Serial.smt2	sundials-f128	N_VWrmsNormMask_Serial	6796	128	128	2	5	1	0	5	0	0	0	0	0	0
sundials-f128.N_VWrmsNormMask_Serial.N_VWrmsNormMask_Serial__00167__N_VWrmsNormMask_Serial.smt2	sundials-f128	N_VWrmsNormMask_Serial	2967	128	128	1	2	1	0	2	0	0	0	0	0	0
sundials-f128.N_VWrmsNormMask_Serial.N_VWrmsNormMask_Serial__00168__N_VWrmsNormMask_Serial.smt2	sundials-f128	N_VWrmsNormMask_Serial	2969	128	128	2	2	1	0	2	0	0	0	0	0	0
sundials-f128.N_VWrmsNormMask_Serial.N_VWrmsNormMask_Serial__00169__N_VWrmsNormMask_Serial.smt2	sundials-f128	N_VWrmsNormMask_Serial	4256	128	128	1	3	1	0	3	0	0	0	0	0	0
sundials-f128.N_VWrmsNormMask_Serial.N_VWrmsNormMask_Serial__00170__N_VWrmsNormMask_Serial.smt2	sundials-f128	N_VWrmsNormMask_Serial	4258	128	128	2	3	1	0	3	0	0	0	0	0	0
sundials-f128.N_VWrmsNormMask_Serial.N_VWrmsNormMask_Serial__00171__N_VWrmsNormMask_Serial.smt2	sundials-f128	N_VWrmsNormMask_Serial	4248	128	128	1	3	1	0	3	0	0	0	0	0	0
sundials-f128.N_VWrmsNormMask_Serial.N_VWrmsNormMask_Serial__00172__N_VWrmsNormMask_Serial.smt2	sundials-f128	N_VWrmsNormMask_Serial	4250	128	128	2	3	1	0	3	0	0	0	0	0	0
sundials-f128.N_VWrmsNormMask_Serial.N_VWrmsNormMask_Serial__00173__N_VWrmsNormMask_Serial.smt2	sundials-f128	N_VWrmsNormMask_Serial	5537	128	128	1	4	1	0	4	0	0	0	0	0	0
sundials-f128.N_VWrmsNormMask_Serial.N_VWrmsNormMask_Serial__00174__N_VWrmsNormMask_Serial.smt2	sundials-f128	N_VWrmsNormMask_Serial	5539	128	128	2	4	1	0	4	0	0	0	0	0	0
sundials-f128.N_VWrmsNormMask_Serial.N_VWrmsNormMask_Serial__00175__N_VWrmsNormMask_Serial.smt2	sundials-f128	N_VWrmsNormMask_Serial	4224	128	128	1	3	1	0	3	0	0	0	0	0	0
sundials-f128.N_VWrmsNormMask_Serial.N_VWrmsNormMask_Serial__00176__N_VWrmsNormMask_Serial.smt2	sundials-f128	N_VWrmsNormMask_Serial	4226	128	128	2	3	1	0	3	0	0	0	0	0	0
sundials-f128.N_VWrmsNormMask_Serial.N_VWrmsNormMask_Serial__00177__N_VWrmsNormMask_Serial.smt2	sundials-f128	N_VWrmsNormMask_Serial	5513	128	128	1	4	1	0	4	0	0	0	0	0	0
sundials-f128.N_VWrmsNormMask_Serial.N_VWrmsNormMask_Serial__00178__N_VWrmsNormMask_Serial.smt2	sundials-f128	N_VWrmsNormMask_Serial	5515	128	128	2	4	1	0	4	0	0	0	0	0	0
sundials-f128.N_VWrmsNormMask_Serial.N_VWrmsNormMask_Serial__00179__N_VWrmsNormMask_Serial.smt2	sundials-f128	N_VWrmsNormMask_Serial	5505	128	128	1	4	1	0	4	0	0	0	0	0	0
sundials-f128.N_VWrmsNormMask_Serial.N_VWrmsNormMask_Serial__00180__N_VWrmsNormMask_Serial.smt2	sundials-f128	N_VWrmsNormMask_Serial	5507	128	128	2	4	1	0	4	0	0	0	0	0	0
sundials-f128.N_VWrmsNormMask_Serial.N_VWrmsNormMask_Serial__00181__N_VWrmsNormMask_Serial.smt2	sundials-f128	N_VWrmsNormMask_Serial	6794	128	128	1	5	1	0	5	0	0	0	0	0	0
sundials-f128.N_VWrmsNormMask_Serial.N_VWrmsNormMask_Serial__00182__N_VWrmsNormMask_Serial.smt2	sundials-f128	N_VWrmsNormMask_Serial	6796	128	128	2	5	1	0	5	0	0	0	0	0	0
sundials-f128.N_VWrmsNormMask_Serial.N_VWrmsNormMask_Serial__00183__N_VWrmsNormMask_Serial.smt2	sundials-f128	N_VWrmsNormMask_Serial	4224	128	128	1	3	1	0	3	0	0	0	0	0	0
sundials-f128.N_VWrmsNormMask_Serial.N_VWrmsNormMask_Serial__00184__N_VWrmsNormMask_Serial.smt2	sundials-f128	N_VWrmsNormMask_Serial	4226	128	128	2	3	1	0	3	0	0	0	0	0	0
sundials-f128.N_VWrmsNormMask_Serial.N_VWrmsNormMask_Serial__00185__N_VWrmsNormMask_Serial.smt2	sundials-f128	N_VWrmsNormMask_Serial	5513	128	128	1	4	1	0	4	0	0	0	0	0	0
sundials-f128.N_VWrmsNormMask_Serial.N_VWrmsNormMask_Serial__00186__N_VWrmsNormMask_Serial.smt2	sundials-f128	N_VWrmsNormMask_Serial	5515	128	128	2	4	1	0	4	0	0	0	0	0	0
sundials-f128.N_VWrmsNormMask_Serial.N_VWrmsNormMask_Serial__00187__N_VWrmsNormMask_Serial.smt2	sundials-f128	N_VWrmsNormMask_Serial	5505	128	128	1	4	1	0	4	0	0	0	0	0	0
sundials-f128.N_VWrmsNormMask_Serial.N_VWrmsNormMask_Serial__00188__N_VWrmsNormMask_Serial.smt2	sundials-f128	N_VWrmsNormMask_Serial	5507	128	128	2	4	1	0	4	0	0	0	0	0	0
sundials-f128.N_VWrmsNormMask_Serial.N_VWrmsNormMask_Serial__00189__N_VWrmsNormMask_Serial.smt2	sundials-f128	N_VWrmsNormMask_Serial	6794	128	128	1	5	1	0	5	0	0	0	0	0	0
sundials-f128.N_VWrmsNormMask_Serial.N_VWrmsNormMask_Serial__00190__N_VWrmsNormMask_Serial.smt2	sundials-f128	N_VWrmsNormMask_Serial	6796	128	128	2	5	1	0	5	0	0	0	0	0	0
sundials-f128.N_VWrmsNormMask_Serial.N_VWrmsNormMask_Serial__00191__N_VWrmsNormMask_Serial.smt2	sundials-f128	N_VWrmsNormMask_Serial	5481	128	128	1	4	1	0	4	0	0	0	0	0	0
sundials-f128.N_VWrmsNormMask_Serial.N_VWrmsNormMask_Serial__00192__N_VWrmsNormMask_Serial.smt2	sundials-f128	N_VWrmsNormMask_Serial	5483	128	128	2	4	1	0	4	0	0	0	0	0	0
sundials-f128.N_VWrmsNormMask_Serial.N_VWrmsNormMask_Serial__00193__N_VWrmsNormMask_Serial.smt2	sundials-f128	N_VWrmsNormMask_Serial	6770	128	128	1	5	1	0	5	0	0	0	0	0	0
sundials-f128.N_VWrmsNormMask_Serial.N_VWrmsNormMask_Serial__00194__N_VWrmsNormMask_Serial.smt2	sundials-f128	N_VWrmsNormMask_Serial	6772	128	128	2	5	1	0	5	0	0	0	0	0	0
sundials-f128.N_VWrmsNormMask_Serial.N_VWrmsNormMask_Serial__00195__N_VWrmsNormMask_Serial.smt2	sundials-f128	N_VWrmsNormMask_Serial	6762	128	128	1	5	1	0	5	0	0	0	0	0	0
sundials-f128.N_VWrmsNormMask_Serial.N_VWrmsNormMask_Serial__00196__N_VWrmsNormMask_Serial.smt2	sundials-f128	N_VWrmsNormMask_Serial	6764	128	128	2	5	1	0	5	0	0	0	0	0	0
sundials-f128.N_VWrmsNormMask_Serial.N_VWrmsNormMask_Serial__00197__N_VWrmsNormMask_Serial.smt2	sundials-f128	N_VWrmsNormMask_Serial	8051	128	128	1	6	1	0	6	0	0	0	0	0	0
sundials-f128.N_VWrmsNormMask_Serial.N_VWrmsNormMask_Serial__00198__N_VWrmsNormMask_Serial.smt2	sundials-f128	N_VWrmsNormMask_Serial	8053	128	128	2	6	1	0	6	0	0	0	0	0	0
sundials-f128.N_VWrmsNormMask_Serial.N_VWrmsNormMask_Serial__00199__N_VWrmsNormMask_Serial.smt2	sundials-f128	N_VWrmsNormMask_Serial	2967	128	128	1	2	1	0	2	0	0	0	0	0	0
sundials-f128.N_VWrmsNormMask_Serial.N_VWrmsNormMask_Serial__00200__N_VWrmsNormMask_Serial.smt2	sundials-f128	N_VWrmsNormMask_Serial	2969	128	128	2	2	1	0	2	0	0	0	0	0	0
sundials-f128.N_VWrmsNormMask_Serial.N_VWrmsNormMask_Serial__00201__N_VWrmsNormMask_Serial.smt2	sundials-f128	N_VWrmsNormMask_Serial	4256	128	128	1	3	1	0	3	0	0	0	0	0	0
sundials-f128.N_VWrmsNormMask_Serial.N_VWrmsNormMask_Serial__00202__N_VWrmsNormMask_Serial.smt2	sundials-f128	N_VWrmsNormMask_Serial	4258	128	128	2	3	1	0	3	0	0	0	0	0	0
sundials-f128.N_VWrmsNormMask_Serial.N_VWrmsNormMask_Serial__00203__N_VWrmsNormMask_Serial.smt2	sundials-f128	N_VWrmsNormMask_Serial	4248	128	128	1	3	1	0	3	0	0	0	0	0	0
sundials-f128.N_VWrmsNormMask_Serial.N_VWrmsNormMask_Serial__00204__N_VWrmsNormMask_Serial.smt2	sundials-f128	N_VWrmsNormMask_Serial	4250	128	128	2	3	1	0	3	0	0	0	0	0	0
sundials-f128.N_VWrmsNormMask_Serial.N_VWrmsNormMask_Serial__00205__N_VWrmsNormMask_Serial.smt2	sundials-f128	N_VWrmsNormMask_Serial	5537	128	128	1	4	1	0	4	0	0	0	0	0	0
sundials-f128.N_VWrmsNormMask_Serial.N_VWrmsNormMask_Serial__00206__N_VWrmsNormMask_Serial.smt2	sundials-f128	N_VWrmsNormMask_Serial	5539	128	128	2	4	1	0	4	0	0	0	0	0	0
sundials-f128.N_VWrmsNormMask_Serial.N_VWrmsNormMask_Serial__00207__N_VWrmsNormMask_Serial.smt2	sundials-f128	N_VWrmsNormMask_Serial	4224	128	128	1	3	1	0	3	0	0	0	0	0	0
sundials-f128.N_VWrmsNormMask_Serial.N_VWrmsNormMask_Serial__00208__N_VWrmsNormMask_Serial.smt2	sundials-f128	N_VWrmsNormMask_Serial	4226	128	128	2	3	1	0	3	0	0	0	0	0	0
sundials-f128.N_VWrmsNormMask_Serial.N_VWrmsNormMask_Serial__00209__N_VWrmsNormMask_Serial.smt2	sundials-f128	N_VWrmsNormMask_Serial	5513	128	128	1	4	1	0	4	0	0	0	0	0	0
sundials-f128.N_VWrmsNormMask_Serial.N_VWrmsNormMask_Serial__00210__N_VWrmsNormMask_Serial.smt2	sundials-f128	N_VWrmsNormMask_Serial	5515	128	128	2	4	1	0	4	0	0	0	0	0	0
sundials-f128.N_VWrmsNormMask_Serial.N_VWrmsNormMask_Serial__00211__N_VWrmsNormMask_Serial.smt2	sundials-f128	N_VWrmsNormMask_Serial	5505	128	128	1	4	1	0	4	0	0	0	0	0	0
sundials-f128.N_VWrmsNormMask_Serial.N_VWrmsNormMask_Serial__00212__N_VWrmsNormMask_Serial.smt2	sundials-f128	N_VWrmsNormMask_Serial	5507	128	128	2	4	1	0	4	0	0	0	0	0	0
sundials-f128.N_VWrmsNormMask_Serial.N_VWrmsNormMask_Serial__00213__N_VWrmsNormMask_Serial.smt2	sundials-f128	N_VWrmsNormMask_Serial	6794	128	128	1	5	1	0	5	0	0	0	0	0	0
sundials-f128.N_VWrmsNormMask_Serial.N_VWrmsNormMask_Serial__00214__N_VWrmsNormMask_Serial.smt2	sundials-f128	N_VWrmsNormMask_Serial	6796	128	128	2	5	1	0	5	0	0	0	0	0	0
sundials-f128.N_VWrmsNormMask_Serial.N_VWrmsNormMask_Serial__00215__N_VWrmsNormMask_Serial.smt2	sundials-f128	N_VWrmsNormMask_Serial	4224	128	128	1	3	1	0	3	0	0	0	0	0	0
sundials-f128.N_VWrmsNormMask_Serial.N_VWrmsNormMask_Serial__00216__N_VWrmsNormMask_Serial.smt2	sundials-f128	N_VWrmsNormMask_Serial	4226	128	128	2	3	1	0	3	0	0	0	0	0	0
sundials-f128.N_VWrmsNormMask_Serial.N_VWrmsNormMask_Serial__00217__N_VWrmsNormMask_Serial.smt2	sundials-f128	N_VWrmsNormMask_Serial	5513	128	128	1	4	1	0	4	0	0	0	0	0	0
sundials-f128.N_VWrmsNormMask_Serial.N_VWrmsNormMask_Serial__00218__N_VWrmsNormMask_Serial.smt2	sundials-f128	N_VWrmsNormMask_Serial	5515	128	128	2	4	1	0	4	0	0	0	0	0	0
sundials-f128.N_VWrmsNormMask_Serial.N_VWrmsNormMask_Serial__00219__N_VWrmsNormMask_Serial.smt2	sundials-f128	N_VWrmsNormMask_Serial	5505	128	128	1	4	1	0	4	0	0	0	0	0	0
sundials-f128.N_VWrmsNormMask_Serial.N_VWrmsNormMask_Serial__00220__N_VWrmsNormMask_Serial.smt2	sundials-f128	N_VWrmsNormMask_Serial	5507	128	128	2	4	1	0	4	0	0	0	0	0	0
sundials-f128.N_VWrmsNormMask_Serial.N_VWrmsNormMask_Serial__00221__N_VWrmsNormMask_Serial.smt2	sundials-f128	N_VWrmsNormMask_Serial	6794	128	128	1	5	1	0	5	0	0	0	0	0	0
sundials-f128.N_VWrmsNormMask_Serial.N_VWrmsNormMask_Serial__00222__N_VWrmsNormMask_Serial.smt2	sundials-f128	N_VWrmsNormMask_Serial	6796	128	128	2	5	1	0	5	0	0	0	0	0	0
sundials-f128.N_VWrmsNormMask_Serial.N_VWrmsNormMask_Serial__00223__N_VWrmsNormMask_Serial.smt2	sundials-f128	N_VWrmsNormMask_Serial	5481	128	128	1	4	1	0	4	0	0	0	0	0	0
sundials-f128.N_VWrmsNormMask_Serial.N_VWrmsNormMask_Serial__00224__N_VWrmsNormMask_Serial.smt2	sundials-f128	N_VWrmsNormMask_Serial	5483	128	128	2	4	1	0	4	0	0	0	0	0	0
sundials-f128.N_VWrmsNormMask_Serial.N_VWrmsNormMask_Serial__00225__N_VWrmsNormMask_Serial.smt2	sundials-f128	N_VWrmsNormMask_Serial	6770	128	128	1	5	1	0	5	0	0	0	0	0	0
sundials-f128.N_VWrmsNormMask_Serial.N_VWrmsNormMask_Serial__00226__N_VWrmsNormMask_Serial.smt2	sundials-f128	N_VWrmsNormMask_Serial	6772	128	128	2	5	1	0	5	0	0	0	0	0	0
sundials-f128.N_VWrmsNormMask_Serial.N_VWrmsNormMask_Serial__00227__N_VWrmsNormMask_Serial.smt2	sundials-f128	N_VWrmsNormMask_Serial	6762	128	128	1	5	1	0	5	0	0	0	0	0	0
sundials-f128.N_VWrmsNormMask_Serial.N_VWrmsNormMask_Serial__00228__N_VWrmsNormMask_Serial.smt2	sundials-f128	N_VWrmsNormMask_Serial	6764	128	128	2	5	1	0	5	0	0	0	0	0	0
sundials-f128.N_VWrmsNormMask_Serial.N_VWrmsNormMask_Serial__00229__N_VWrmsNormMask_Serial.smt2	sundials-f128	N_VWrmsNormMask_Serial	8051	128	128	1	6	1	0	6	0	0	0	0	0	0
sundials-f128.N_VWrmsNormMask_Serial.N_VWrmsNormMask_Serial__00230__N_VWrmsNormMask_Serial.smt2	sundials-f128	N_VWrmsNormMask_Serial	8053	128	128	2	6	1	0	6	0	0	0	0	0	0
sundials-f128.N_VWrmsNormMask_Serial.N_VWrmsNormMask_Serial__00231__N_VWrmsNormMask_Serial.smt2	sundials-f128	N_VWrmsNormMask_Serial	4224	128	128	1	3	1	0	3	0	0	0	0	0	0
sundials-f128.N_VWrmsNormMask_Serial.N_VWrmsNormMask_Serial__00232__N_VWrmsNormMask_Serial.smt2	sundials-f128	N_VWrmsNormMask_Serial	4226	128	128	2	3	1	0	3	0	0	0	0	0	0
sundials-f128.N_VWrmsNormMask_Serial.N_VWrmsNormMask_Serial__00233__N_VWrmsNormMask_Serial.smt2	sundials-f128	N_VWrmsNormMask_Serial	5513	128	128	1	4	1	0	4	0	0	0	0	0	0
sundials-f128.N_VWrmsNormMask_Serial.N_VWrmsNormMask_Serial__00234__N_VWrmsNormMask_Serial.smt2	sundials-f128	N_VWrmsNormMask_Serial	5515	128	128	2	4	1	0	4	0	0	0	0	0	0
sundials-f128.N_VWrmsNormMask_Serial.N_VWrmsNormMask_Serial__00235__N_VWrmsNormMask_Serial.smt2	sundials-f128	N_VWrmsNormMask_Serial	5505	128	128	1	4	1	0	4	0	0	0	0	0	0
sundials-f128.N_VWrmsNormMask_Serial.N_VWrmsNormMask_Serial__00236__N_VWrmsNormMask_Serial.smt2	sundials-f128	N_VWrmsNormMask_Serial	5507	128	128	2	4	1	0	4	0	0	0	0	0	0
sundials-f128.N_VWrmsNormMask_Serial.N_VWrmsNormMask_Serial__00237__N_VWrmsNormMask_Serial.smt2	sundials-f128	N_VWrmsNormMask_Serial	6794	128	128	1	5	1	0	5	0	0	0	0	0	0
sundials-f128.N_VWrmsNormMask_Serial.N_VWrmsNormMask_Serial__00238__N_VWrmsNormMask_Serial.smt2	sundials-f128	N_VWrmsNormMask_Serial	6796	128	128	2	5	1	0	5	0	0	0	0	0	0
sundials-f128.N_VWrmsNorm_Serial.N_VWrmsNorm_Serial.smt2	sundials-f128	N_VWrmsNorm_Serial	21272	128	128	4	16	2	0	16	0	0	0	0	0	0
sundials-f128.N_VWrmsNorm_Serial.N_VWrmsNorm_Serial__00001__N_VWrmsNorm_Serial.smt2	sundials-f128	N_VWrmsNorm_Serial	10545	128	128	1	8	1	0	8	0	0	0	0	0	0
sundials-f128.N_VWrmsNorm_Serial.N_VWrmsNorm_Serial__00002__N_VWrmsNorm_Serial.smt2	sundials-f128	N_VWrmsNorm_Serial	10547	128	128	2	8	1	0	8	0	0	0	0	0	0
sundials-f128.SUNLinSolSetup.SUNLinSolSetup.smt2	sundials-f128	SUNLinSolSetup	2257240	128	128	1477	88	14	0	550	0	0	0	0	0	0
sundials-f128.SUNLinSolSetup.SUNLinSolSetup__00024__SUNLinSolSetup.smt2	sundials-f128	SUNLinSolSetup	44894	128	128	10	2	1	0	2	0	0	0	0	0	0
sundials-f128.SUNLinSolSetup.SUNLinSolSetup__00025__SUNLinSolSetup.smt2	sundials-f128	SUNLinSolSetup	148765	128	128	122	7	1	0	49	0	0	0	0	0	0
sundials-f128.SUNLinSolSetup.SUNLinSolSetup__00026__SUNLinSolSetup.smt2	sundials-f128	SUNLinSolSetup	150177	128	128	122	7	1	0	49	0	0	0	0	0	0
sundials-f128.SUNLinSolSetup.SUNLinSolSetup__00027__SUNLinSolSetup.smt2	sundials-f128	SUNLinSolSetup	152007	128	128	122	7	1	0	49	0	0	0	0	0	0
sundials-f128.SUNLinSolSetup.SUNLinSolSetup__00028__SUNLinSolSetup.smt2	sundials-f128	SUNLinSolSetup	153001	128	128	122	7	1	0	49	0	0	0	0	0	0
sundials-f128.SUNLinSolSetup.SUNLinSolSetup__00029__SUNLinSolSetup.smt2	sundials-f128	SUNLinSolSetup	153995	128	128	122	7	1	0	49	0	0	0	0	0	0
sundials-f128.SUNLinSolSetup.SUNLinSolSetup__00030__SUNLinSolSetup.smt2	sundials-f128	SUNLinSolSetup	154879	128	128	122	7	1	0	49	0	0	0	0	0	0
sundials-f128.SUNLinSolSetup.SUNLinSolSetup__00031__SUNLinSolSetup.smt2	sundials-f128	SUNLinSolSetup	44888	128	128	10	2	1	0	2	0	0	0	0	0	0
sundials-f128.SUNLinSolSetup.SUNLinSolSetup__00032__SUNLinSolSetup.smt2	sundials-f128	SUNLinSolSetup	136730	128	128	108	7	1	0	42	0	0	0	0	0	0
sundials-f128.SUNLinSolSetup.SUNLinSolSetup__00033__SUNLinSolSetup.smt2	sundials-f128	SUNLinSolSetup	137724	128	128	108	7	1	0	42	0	0	0	0	0	0
sundials-f128.SUNLinSolSetup.SUNLinSolSetup__00034__SUNLinSolSetup.smt2	sundials-f128	SUNLinSolSetup	138718	128	128	108	7	1	0	42	0	0	0	0	0	0
sundials-f128.SUNLinSolSetup.SUNLinSolSetup__00035__SUNLinSolSetup.smt2	sundials-f128	SUNLinSolSetup	139712	128	128	108	7	1	0	42	0	0	0	0	0	0
sundials-f128.SUNLinSolSetup.SUNLinSolSetup__00036__SUNLinSolSetup.smt2	sundials-f128	SUNLinSolSetup	140706	128	128	108	7	1	0	42	0	0	0	0	0	0
sundials-f128.SUNLinSolSetup.SUNLinSolSetup__00037__SUNLinSolSetup.smt2	sundials-f128	SUNLinSolSetup	141590	128	128	108	7	1	0	42	0	0	0	0	0	0
sundials-f128.SUNLinSolSetup_Dense.SUNLinSolSetup_Dense.smt2	sundials-f128	SUNLinSolSetup_Dense	2257240	128	128	1477	88	14	0	550	0	0	0	0	0	0
sundials-f128.SUNLinSolSetup_Dense.SUNLinSolSetup_Dense__00024__SUNLinSolSetup_Dense.smt2	sundials-f128	SUNLinSolSetup_Dense	44894	128	128	10	2	1	0	2	0	0	0	0	0	0
sundials-f128.SUNLinSolSetup_Dense.SUNLinSolSetup_Dense__00025__SUNLinSolSetup_Dense.smt2	sundials-f128	SUNLinSolSetup_Dense	148765	128	128	122	7	1	0	49	0	0	0	0	0	0
sundials-f128.SUNLinSolSetup_Dense.SUNLinSolSetup_Dense__00026__SUNLinSolSetup_Dense.smt2	sundials-f128	SUNLinSolSetup_Dense	150177	128	128	122	7	1	0	49	0	0	0	0	0	0
sundials-f128.SUNLinSolSetup_Dense.SUNLinSolSetup_Dense__00027__SUNLinSolSetup_Dense.smt2	sundials-f128	SUNLinSolSetup_Dense	152007	128	128	122	7	1	0	49	0	0	0	0	0	0
sundials-f128.SUNLinSolSetup_Dense.SUNLinSolSetup_Dense__00028__SUNLinSolSetup_Dense.smt2	sundials-f128	SUNLinSolSetup_Dense	153001	128	128	122	7	1	0	49	0	0	0	0	0	0
sundials-f128.SUNLinSolSetup_Dense.SUNLinSolSetup_Dense__00029__SUNLinSolSetup_Dense.smt2	sundials-f128	SUNLinSolSetup_Dense	153995	128	128	122	7	1	0	49	0	0	0	0	0	0
sundials-f128.SUNLinSolSetup_Dense.SUNLinSolSetup_Dense__00030__SUNLinSolSetup_Dense.smt2	sundials-f128	SUNLinSolSetup_Dense	154879	128	128	122	7	1	0	49	0	0	0	0	0	0
sundials-f128.SUNLinSolSetup_Dense.SUNLinSolSetup_Dense__00031__SUNLinSolSetup_Dense.smt2	sundials-f128	SUNLinSolSetup_Dense	44888	128	128	10	2	1	0	2	0	0	0	0	0	0
sundials-f128.SUNLinSolSetup_Dense.SUNLinSolSetup_Dense__00032__SUNLinSolSetup_Dense.smt2	sundials-f128	SUNLinSolSetup_Dense	136730	128	128	108	7	1	0	42	0	0	0	0	0	0
sundials-f128.SUNLinSolSetup_Dense.SUNLinSolSetup_Dense__00033__SUNLinSolSetup_Dense.smt2	sundials-f128	SUNLinSolSetup_Dense	137724	128	128	108	7	1	0	42	0	0	0	0	0	0
sundials-f128.SUNLinSolSetup_Dense.SUNLinSolSetup_Dense__00034__SUNLinSolSetup_Dense.smt2	sundials-f128	SUNLinSolSetup_Dense	138718	128	128	108	7	1	0	42	0	0	0	0	0	0
sundials-f128.SUNLinSolSetup_Dense.SUNLinSolSetup_Dense__00035__SUNLinSolSetup_Dense.smt2	sundials-f128	SUNLinSolSetup_Dense	139712	128	128	108	7	1	0	42	0	0	0	0	0	0
sundials-f128.SUNLinSolSetup_Dense.SUNLinSolSetup_Dense__00036__SUNLinSolSetup_Dense.smt2	sundials-f128	SUNLinSolSetup_Dense	140706	128	128	108	7	1	0	42	0	0	0	0	0	0
sundials-f128.SUNLinSolSetup_Dense.SUNLinSolSetup_Dense__00037__SUNLinSolSetup_Dense.smt2	sundials-f128	SUNLinSolSetup_Dense	141590	128	128	108	7	1	0	42	0	0	0	0	0	0
